Trade ID,Entry Time,Exit Time,Direction,Entry Price,Exit Price,Lots,SL at Exit,Exit Reason,PnL ($),Equity ($)
1,2024-04-22 04:15:00,2024-04-22 06:00:00,Short (Partial 50%),2378.98,2366.84,0.16,2378.98,Partial TP 1:2,194.21,10194.21
1,2024-04-22 04:15:00,2024-04-22 06:30:00,Short,2378.98,2368.64,0.16,2368.64,Stop Loss,165.36,10359.57
2,2024-04-22 06:30:00,2024-04-22 08:00:00,Long,2369.36,2368.21,0.31,2362.94,Opposite Signal,-35.65,10323.92
3,2024-04-22 08:00:00,2024-04-22 08:45:00,Short,2368.21,2365.45,0.38,2373.39,Opposite Signal,104.88,10428.8
4,2024-04-22 08:45:00,2024-04-22 09:30:00,Long,2365.45,2359.31,0.32,2359.31,Stop Loss,-196.5,10232.31
5,2024-04-22 09:30:00,2024-04-22 10:45:00,Short,2359.32,2361.02,0.31,2365.76,Opposite Signal,-52.7,10179.61
6,2024-04-22 10:45:00,2024-04-22 13:30:00,Long,2361.02,2356.79,0.32,2354.81,Opposite Signal,-135.36,10044.25
7,2024-04-22 13:30:00,2024-04-22 14:00:00,Short (Partial 50%),2356.79,2347.57,0.21,2356.79,Partial TP 1:2,193.7,10237.94
7,2024-04-22 13:30:00,2024-04-22 14:30:00,Short,2356.79,2346.42,0.22,2346.42,Stop Loss,228.07,10466.01
8,2024-04-22 15:15:00,2024-04-22 15:45:00,Long,2346.63,2339.41,0.27,2339.41,Stop Loss,-194.89,10271.12
9,2024-04-22 15:45:00,2024-04-22 17:30:00,Short,2336.82,2341.22,0.23,2345.19,Opposite Signal,-101.2,10169.92
10,2024-04-22 17:30:00,2024-04-22 18:15:00,Long,2341.22,2334.15,0.22,2332.37,Opposite Signal,-155.54,10014.38
11,2024-04-22 18:15:00,2024-04-22 22:00:00,Short,2334.15,2330.81,0.23,2342.66,Opposite Signal,76.82,10091.2
12,2024-04-22 22:00:00,2024-04-22 23:45:00,Long,2330.81,2326.36,0.33,2324.83,Opposite Signal,-146.85,9944.35
13,2024-04-22 23:45:00,2024-04-23 01:00:00,Short,2326.36,2330.71,0.45,2330.71,Stop Loss,-195.68,9748.67
14,2024-04-23 01:00:00,2024-04-23 01:15:00,Long,2330.67,2326.94,0.43,2326.04,Opposite Signal,-160.39,9588.28
15,2024-04-23 01:15:00,2024-04-23 01:30:00,Short,2326.94,2331.09,0.42,2331.69,Opposite Signal,-174.3,9413.98
16,2024-04-23 01:30:00,2024-04-23 04:15:00,Long,2331.09,2329.72,0.4,2326.18,Opposite Signal,-54.8,9359.18
17,2024-04-23 04:15:00,2024-04-23 04:30:00,Short (Partial 50%),2329.72,2320.72,0.22,2329.72,Partial TP 1:2,198.04,9557.22
17,2024-04-23 04:15:00,2024-04-23 05:00:00,Short,2329.72,2305.06,0.22,2305.06,Stop Loss,542.42,10099.64
18,2024-04-23 05:00:00,2024-04-23 05:45:00,Long,2312.68,2301.87,0.18,2301.87,Stop Loss,-194.56,9905.08
19,2024-04-23 05:45:00,2024-04-23 08:00:00,Short,2301.78,2311.23,0.17,2313.22,Opposite Signal,-160.65,9744.43
20,2024-04-23 08:00:00,2024-04-23 09:00:00,Long,2311.23,2304.69,0.25,2303.26,Opposite Signal,-163.5,9580.93
21,2024-04-23 09:00:00,2024-04-23 10:15:00,Short,2304.69,2308.42,0.26,2312.23,Opposite Signal,-96.98,9483.95
22,2024-04-23 10:15:00,2024-04-23 11:30:00,Long,2308.42,2304.21,0.25,2300.63,Opposite Signal,-105.25,9378.7
23,2024-04-23 11:30:00,2024-04-23 13:30:00,Short,2304.21,2302.96,0.29,2311.02,Opposite Signal,36.25,9414.95
24,2024-04-23 13:30:00,2024-04-23 16:30:00,Long (Partial 50%),2302.96,2316.94,0.14,2302.96,Partial TP 1:2,195.66,9610.61
24,2024-04-23 13:30:00,2024-04-23 17:15:00,Long,2302.96,2323.19,0.14,2323.19,Stop Loss,283.21,9893.82
25,2024-04-23 17:15:00,2024-04-23 19:00:00,Short,2322.09,2326.0,0.21,2331.42,Opposite Signal,-82.11,9811.71
26,2024-04-23 19:00:00,2024-04-23 21:45:00,Long,2326.0,2324.21,0.23,2317.38,Opposite Signal,-41.17,9770.54
27,2024-04-23 21:45:00,2024-04-24 05:45:00,Short,2324.21,2321.55,0.34,2329.94,Opposite Signal,90.44,9860.98
28,2024-04-24 05:45:00,2024-04-24 07:00:00,Long (Partial 50%),2321.55,2329.84,0.24,2321.55,Partial TP 1:2,199.0,10059.98
28,2024-04-24 05:45:00,2024-04-24 07:45:00,Long,2321.55,2325.24,0.24,2325.24,Stop Loss,88.53,10148.5
29,2024-04-24 09:15:00,2024-04-24 11:15:00,Short (Partial 50%),2326.09,2317.37,0.22,2326.09,Partial TP 1:2,191.81,10340.31
29,2024-04-24 09:15:00,2024-04-24 12:45:00,Short,2326.09,2315.97,0.23,2315.97,Stop Loss,232.7,10573.01
30,2024-04-24 13:00:00,2024-04-24 15:00:00,Long,2317.43,2312.79,0.43,2312.79,Stop Loss,-199.65,10373.36
31,2024-04-24 15:00:00,2024-04-24 15:30:00,Short,2313.39,2317.73,0.46,2317.73,Stop Loss,-199.67,10173.69
32,2024-04-24 15:30:00,2024-04-24 17:00:00,Long,2320.38,2317.61,0.37,2315.1,Opposite Signal,-102.49,10071.2
33,2024-04-24 17:00:00,2024-04-24 17:30:00,Short,2317.61,2324.39,0.29,2324.39,Stop Loss,-196.51,9874.69
34,2024-04-24 17:30:00,2024-04-24 18:30:00,Long,2325.48,2324.91,0.28,2318.35,Opposite Signal,-15.96,9858.73
35,2024-04-24 18:30:00,2024-04-24 20:00:00,Short,2324.91,2328.65,0.25,2332.74,Opposite Signal,-93.5,9765.23
36,2024-04-24 20:00:00,2024-04-24 20:15:00,Long,2328.65,2324.25,0.3,2322.06,Opposite Signal,-132.0,9633.23
37,2024-04-24 20:15:00,2024-04-25 03:30:00,Short,2324.25,2318.88,0.28,2331.19,Opposite Signal,150.36,9783.59
38,2024-04-25 03:30:00,2024-04-25 04:00:00,Long,2318.88,2316.07,0.61,2315.65,Opposite Signal,-171.41,9612.18
39,2024-04-25 04:00:00,2024-04-25 04:15:00,Short,2316.07,2319.03,0.6,2319.37,Opposite Signal,-177.6,9434.58
40,2024-04-25 04:15:00,2024-04-25 06:00:00,Long,2319.03,2315.56,0.57,2315.56,Stop Loss,-198.05,9236.53
41,2024-04-25 06:00:00,2024-04-25 06:30:00,Short,2306.74,2311.1,0.37,2312.06,Opposite Signal,-161.32,9075.21
42,2024-04-25 06:30:00,2024-04-25 09:45:00,Long (Partial 50%),2311.1,2321.63,0.18,2311.1,Partial TP 1:2,189.58,9264.79
42,2024-04-25 06:30:00,2024-04-25 12:15:00,Long,2311.1,2325.06,0.19,2325.06,Stop Loss,265.21,9530.0
43,2024-04-25 12:45:00,2024-04-25 13:45:00,Short,2324.92,2328.16,0.52,2328.75,Opposite Signal,-168.48,9361.52
44,2024-04-25 13:45:00,2024-04-25 15:00:00,Long,2328.16,2327.36,0.52,2324.38,Opposite Signal,-41.6,9319.92
45,2024-04-25 15:00:00,2024-04-25 15:30:00,Short,2327.36,2331.52,0.48,2331.52,Stop Loss,-199.51,9120.41
46,2024-04-25 15:30:00,2024-04-25 16:00:00,Long,2329.56,2324.47,0.39,2324.47,Stop Loss,-198.47,8921.94
47,2024-04-25 16:00:00,2024-04-25 16:30:00,Short,2319.67,2324.23,0.28,2326.61,Opposite Signal,-127.68,8794.26
48,2024-04-25 16:30:00,2024-04-25 17:30:00,Long (Partial 50%),2324.23,2340.31,0.12,2324.23,Partial TP 1:2,192.91,8987.17
48,2024-04-25 16:30:00,2024-04-25 18:15:00,Long,2324.23,2332.53,0.12,2326.63,Opposite Signal,99.6,9086.77
49,2024-04-25 18:15:00,2024-04-25 22:15:00,Short,2332.53,2335.31,0.17,2343.66,Opposite Signal,-47.26,9039.51
50,2024-04-25 22:15:00,2024-04-26 02:00:00,Long,2335.31,2331.43,0.35,2329.62,Opposite Signal,-135.8,8903.71
51,2024-04-26 02:00:00,2024-04-26 04:30:00,Short,2331.43,2331.58,0.6,2334.73,Opposite Signal,-9.0,8894.71
52,2024-04-26 04:30:00,2024-04-26 07:15:00,Long (Partial 50%),2331.58,2337.99,0.31,2331.58,Partial TP 1:2,198.65,9093.35
52,2024-04-26 04:30:00,2024-04-26 07:30:00,Long,2331.58,2335.03,0.31,2332.61,Opposite Signal,106.95,9200.3
53,2024-04-26 07:30:00,2024-04-26 08:45:00,Short,2335.03,2337.77,0.55,2338.66,Opposite Signal,-150.7,9049.6
54,2024-04-26 08:45:00,2024-04-26 10:15:00,Long (Partial 50%),2337.77,2345.19,0.26,2337.77,Partial TP 1:2,192.86,9242.47
54,2024-04-26 08:45:00,2024-04-26 12:30:00,Long,2337.77,2348.41,0.27,2348.41,Stop Loss,287.18,9529.64
55,2024-04-26 12:30:00,2024-04-26 15:30:00,Short,2348.32,2348.25,0.39,2353.44,Opposite Signal,2.73,9532.37
56,2024-04-26 15:30:00,2024-04-26 15:45:00,Long,2348.25,2343.2,0.39,2343.2,Stop Loss,-196.93,9335.44
57,2024-04-26 15:45:00,2024-04-26 17:30:00,Short (Partial 50%),2344.72,2333.27,0.17,2344.72,Partial TP 1:2,194.6,9530.04
57,2024-04-26 15:45:00,2024-04-26 19:15:00,Short,2344.72,2338.38,0.17,2338.38,Stop Loss,107.82,9637.86
58,2024-04-26 20:30:00,2024-04-26 23:30:00,Long,2338.91,2337.0,0.32,2332.81,Opposite Signal,-61.12,9576.74
59,2024-04-26 23:30:00,2024-04-29 04:00:00,Short (Partial 50%),2337.0,2329.26,0.25,2337.0,Partial TP 1:2,193.39,9770.13
59,2024-04-26 23:30:00,2024-04-29 04:45:00,Short,2337.0,2330.44,0.26,2330.44,Stop Loss,170.62,9940.74
60,2024-04-29 04:45:00,2024-04-29 05:45:00,Long,2331.0,2325.05,0.33,2325.05,Stop Loss,-196.42,9744.32
61,2024-04-29 05:45:00,2024-04-29 06:45:00,Short,2324.24,2328.36,0.34,2330.04,Opposite Signal,-140.08,9604.24
62,2024-04-29 06:45:00,2024-04-29 08:30:00,Long,2328.36,2330.46,0.39,2323.31,Opposite Signal,81.9,9686.14
63,2024-04-29 08:30:00,2024-04-29 10:00:00,Short,2330.46,2332.02,0.41,2335.25,Opposite Signal,-63.96,9622.18
64,2024-04-29 10:00:00,2024-04-29 11:30:00,Long (Partial 50%),2332.02,2341.0,0.22,2332.02,Partial TP 1:2,197.61,9819.79
64,2024-04-29 10:00:00,2024-04-29 13:30:00,Long,2332.02,2340.32,0.22,2340.32,Stop Loss,182.63,10002.42
65,2024-04-29 14:30:00,2024-04-29 15:30:00,Short (Partial 50%),2338.41,2330.27,0.24,2338.41,Partial TP 1:2,195.28,10197.69
65,2024-04-29 14:30:00,2024-04-29 16:15:00,Short,2338.41,2333.96,0.25,2335.2,Opposite Signal,111.25,10308.94
66,2024-04-29 16:15:00,2024-04-29 16:30:00,Long,2333.96,2329.08,0.4,2329.08,Stop Loss,-195.4,10113.55
67,2024-04-29 20:30:00,2024-04-30 04:15:00,Short,2341.63,2335.26,0.32,2347.72,Opposite Signal,203.84,10317.39
68,2024-04-30 04:15:00,2024-04-30 05:00:00,Long,2335.26,2331.98,0.6,2331.98,Stop Loss,-196.85,10120.54
69,2024-04-30 05:00:00,2024-04-30 08:30:00,Short (Partial 50%),2329.66,2322.3,0.27,2329.66,Partial TP 1:2,198.79,10319.34
69,2024-04-30 05:00:00,2024-04-30 09:45:00,Short,2329.66,2322.84,0.27,2322.84,Stop Loss,184.02,10503.36
70,2024-04-30 12:30:00,2024-04-30 14:00:00,Long,2316.91,2314.05,0.45,2312.53,Opposite Signal,-128.7,10374.66
71,2024-04-30 14:00:00,2024-04-30 15:30:00,Short (Partial 50%),2314.05,2305.81,0.24,2314.05,Partial TP 1:2,197.75,10572.41
71,2024-04-30 14:00:00,2024-04-30 16:30:00,Short,2314.05,2308.85,0.24,2308.85,Stop Loss,124.76,10697.17
72,2024-04-30 16:30:00,2024-04-30 17:00:00,Long,2309.91,2303.81,0.32,2303.81,Stop Loss,-195.33,10501.84
73,2024-04-30 17:00:00,2024-04-30 18:15:00,Short,2300.81,2299.04,0.26,2308.38,Opposite Signal,46.02,10547.86
74,2024-04-30 18:15:00,2024-04-30 20:15:00,Long,2299.04,2292.48,0.23,2290.62,Opposite Signal,-150.88,10396.98
75,2024-04-30 20:15:00,2024-05-01 01:15:00,Short,2292.48,2290.68,0.29,2299.18,Opposite Signal,52.2,10449.18
76,2024-05-01 01:15:00,2024-05-01 03:15:00,Long,2290.68,2289.81,0.37,2285.3,Opposite Signal,-32.19,10416.99
77,2024-05-01 03:15:00,2024-05-01 08:00:00,Short,2289.81,2286.29,0.47,2294.02,Opposite Signal,165.44,10582.43
78,2024-05-01 08:00:00,2024-05-01 10:00:00,Long,2286.29,2286.53,0.57,2282.82,Opposite Signal,13.68,10596.11
79,2024-05-01 10:00:00,2024-05-01 11:45:00,Short,2286.53,2286.3,0.63,2289.7,Opposite Signal,14.49,10610.6
80,2024-05-01 11:45:00,2024-05-01 13:45:00,Long (Partial 50%),2286.3,2293.07,0.29,2286.3,Partial TP 1:2,196.31,10806.91
80,2024-05-01 11:45:00,2024-05-01 15:15:00,Long,2286.3,2295.42,0.3,2295.42,Stop Loss,273.72,11080.64
81,2024-05-01 17:15:00,2024-05-01 17:45:00,Short,2305.82,2304.5,0.32,2311.92,Opposite Signal,42.24,11122.88
82,2024-05-01 17:45:00,2024-05-01 19:45:00,Long,2304.5,2303.71,0.28,2297.55,Opposite Signal,-22.12,11100.76
83,2024-05-01 19:45:00,2024-05-01 21:00:00,Short,2303.71,2303.54,0.32,2309.83,Opposite Signal,5.44,11106.2
84,2024-05-01 21:00:00,2024-05-01 21:30:00,Long (Partial 50%),2303.54,2317.9,0.13,2303.54,Partial TP 1:2,186.64,11292.84
84,2024-05-01 21:00:00,2024-05-01 22:00:00,Long,2303.54,2318.47,0.14,2318.47,Stop Loss,209.01,11501.84
85,2024-05-01 22:30:00,2024-05-01 23:15:00,Short,2314.89,2318.57,0.17,2326.13,Opposite Signal,-62.56,11439.28
86,2024-05-01 23:15:00,2024-05-02 05:30:00,Long,2318.57,2320.91,0.18,2307.57,Opposite Signal,42.12,11481.4
87,2024-05-02 05:30:00,2024-05-02 10:00:00,Short (Partial 50%),2320.91,2312.15,0.22,2320.91,Partial TP 1:2,192.79,11674.2
87,2024-05-02 05:30:00,2024-05-02 13:45:00,Short,2320.91,2298.99,0.23,2298.99,Stop Loss,504.1,12178.3
88,2024-05-02 13:45:00,2024-05-02 15:45:00,Long,2299.28,2294.42,0.41,2294.42,Stop Loss,-199.15,11979.15
89,2024-05-02 15:45:00,2024-05-02 17:15:00,Short,2294.46,2296.25,0.29,2301.17,Opposite Signal,-51.91,11927.24
90,2024-05-02 17:15:00,2024-05-02 22:30:00,Long,2296.25,2303.11,0.22,2287.32,Opposite Signal,150.92,12078.16
91,2024-05-02 22:30:00,2024-05-03 01:00:00,Short,2303.11,2305.01,0.37,2308.38,Opposite Signal,-70.3,12007.86
92,2024-05-03 01:00:00,2024-05-03 03:15:00,Long,2305.01,2300.79,0.47,2300.79,Stop Loss,-198.32,11809.53
93,2024-05-03 03:15:00,2024-05-03 03:45:00,Short,2301.29,2303.93,0.63,2304.46,Opposite Signal,-166.32,11643.21
94,2024-05-03 03:45:00,2024-05-03 05:00:00,Long,2303.93,2300.86,0.65,2300.86,Stop Loss,-199.24,11443.97
95,2024-05-03 05:00:00,2024-05-03 07:00:00,Short,2301.08,2303.39,0.57,2304.58,Opposite Signal,-131.67,11312.3
96,2024-05-03 07:00:00,2024-05-03 09:00:00,Long,2303.39,2303.9,0.73,2300.66,Opposite Signal,37.23,11349.53
97,2024-05-03 09:00:00,2024-05-03 10:30:00,Short,2303.9,2300.78,0.62,2307.09,Opposite Signal,193.44,11542.97
98,2024-05-03 10:30:00,2024-05-03 13:15:00,Long,2300.78,2299.73,0.56,2297.23,Opposite Signal,-58.8,11484.17
99,2024-05-03 13:15:00,2024-05-03 15:30:00,Short,2299.73,2303.16,0.58,2303.16,Stop Loss,-199.21,11284.96
100,2024-05-03 15:30:00,2024-05-03 16:30:00,Long,2303.01,2295.6,0.27,2295.6,Stop Loss,-199.94,11085.02
101,2024-05-03 16:30:00,2024-05-03 17:00:00,Short,2286.29,2297.81,0.17,2297.81,Stop Loss,-195.78,10889.25
102,2024-05-03 18:30:00,2024-05-06 02:30:00,Long,2298.02,2295.31,0.17,2286.42,Opposite Signal,-46.07,10843.18
103,2024-05-06 02:30:00,2024-05-06 03:45:00,Short,2295.31,2295.97,0.43,2299.87,Opposite Signal,-28.38,10814.8
104,2024-05-06 03:45:00,2024-05-06 04:00:00,Long (Partial 50%),2295.97,2305.3,0.21,2295.97,Partial TP 1:2,195.96,11010.76
104,2024-05-06 03:45:00,2024-05-06 06:00:00,Long,2295.97,2309.44,0.21,2309.44,Stop Loss,282.92,11293.68
105,2024-05-06 06:30:00,2024-05-06 08:30:00,Short,2309.33,2312.59,0.38,2314.47,Opposite Signal,-123.88,11169.8
106,2024-05-06 08:30:00,2024-05-06 10:30:00,Long (Partial 50%),2312.59,2321.13,0.23,2312.59,Partial TP 1:2,196.37,11366.18
106,2024-05-06 08:30:00,2024-05-06 11:15:00,Long,2312.59,2319.51,0.23,2319.51,Stop Loss,159.16,11525.33
107,2024-05-06 11:30:00,2024-05-06 12:45:00,Short,2318.72,2321.13,0.42,2323.44,Opposite Signal,-101.22,11424.11
108,2024-05-06 12:45:00,2024-05-06 14:30:00,Long,2321.13,2317.1,0.45,2316.77,Opposite Signal,-181.35,11242.76
109,2024-05-06 14:30:00,2024-05-06 15:30:00,Short,2317.1,2321.3,0.47,2321.3,Stop Loss,-197.57,11045.2
110,2024-05-06 15:30:00,2024-05-06 17:15:00,Long,2324.5,2324.88,0.36,2319.03,Opposite Signal,13.68,11058.88
111,2024-05-06 17:15:00,2024-05-06 19:00:00,Short,2324.88,2326.8,0.27,2332.12,Opposite Signal,-51.84,11007.04
112,2024-05-06 19:00:00,2024-05-06 19:30:00,Long,2326.8,2320.52,0.31,2320.52,Stop Loss,-194.63,10812.4
113,2024-05-06 19:30:00,2024-05-06 23:15:00,Short,2321.86,2328.48,0.3,2328.48,Stop Loss,-198.7,10613.7
114,2024-05-07 01:45:00,2024-05-07 02:00:00,Long,2326.65,2324.17,0.57,2323.17,Opposite Signal,-141.36,10472.34
115,2024-05-07 02:00:00,2024-05-07 03:00:00,Short,2324.17,2326.58,0.55,2327.78,Opposite Signal,-132.55,10339.79
116,2024-05-07 03:00:00,2024-05-07 04:15:00,Long,2326.58,2325.52,0.6,2323.25,Opposite Signal,-63.6,10276.19
117,2024-05-07 04:15:00,2024-05-07 05:15:00,Short,2325.52,2323.09,0.54,2329.22,Opposite Signal,131.22,10407.41
118,2024-05-07 05:15:00,2024-05-07 07:30:00,Long,2323.09,2321.91,0.49,2319.08,Opposite Signal,-57.82,10349.59
119,2024-05-07 07:30:00,2024-05-07 10:30:00,Short,2321.91,2321.54,0.57,2325.4,Opposite Signal,21.09,10370.68
120,2024-05-07 10:30:00,2024-05-07 11:00:00,Long,2321.54,2317.96,0.55,2317.96,Stop Loss,-196.81,10173.86
121,2024-05-07 11:00:00,2024-05-07 14:15:00,Short,2314.04,2316.12,0.43,2318.66,Opposite Signal,-89.44,10084.42
122,2024-05-07 14:15:00,2024-05-07 14:45:00,Long,2316.12,2312.37,0.53,2312.37,Stop Loss,-198.83,9885.59
123,2024-05-07 14:45:00,2024-05-07 15:30:00,Short,2312.33,2316.0,0.54,2316.0,Stop Loss,-198.1,9687.49
124,2024-05-07 15:30:00,2024-05-07 17:45:00,Long,2316.82,2312.56,0.46,2312.56,Stop Loss,-195.77,9491.73
125,2024-05-07 17:45:00,2024-05-07 20:30:00,Short,2314.15,2316.79,0.33,2320.14,Opposite Signal,-87.12,9404.61
126,2024-05-07 20:30:00,2024-05-07 22:15:00,Long,2316.79,2312.74,0.4,2311.79,Opposite Signal,-162.0,9242.61
127,2024-05-07 22:15:00,2024-05-08 01:00:00,Short,2312.74,2316.1,0.5,2316.73,Opposite Signal,-168.0,9074.61
128,2024-05-08 01:00:00,2024-05-08 03:30:00,Long,2316.1,2313.75,0.6,2312.77,Opposite Signal,-141.0,8933.61
129,2024-05-08 03:30:00,2024-05-08 04:30:00,Short (Partial 50%),2313.75,2308.87,0.41,2313.75,Partial TP 1:2,199.88,9133.48
129,2024-05-08 03:30:00,2024-05-08 05:30:00,Short,2313.75,2309.96,0.41,2309.96,Stop Loss,155.36,9288.84
130,2024-05-08 05:30:00,2024-05-08 08:30:00,Long (Partial 50%),2313.54,2320.93,0.27,2313.54,Partial TP 1:2,199.65,9488.5
130,2024-05-08 05:30:00,2024-05-08 08:45:00,Long,2313.54,2317.66,0.27,2315.66,Opposite Signal,111.24,9599.74
131,2024-05-08 08:45:00,2024-05-08 10:15:00,Short (Partial 50%),2317.66,2311.66,0.33,2317.66,Partial TP 1:2,198.01,9797.75
131,2024-05-08 08:45:00,2024-05-08 11:30:00,Short,2317.66,2306.95,0.33,2306.95,Stop Loss,353.56,10151.31
132,2024-05-08 11:30:00,2024-05-08 13:15:00,Long (Partial 50%),2307.11,2315.03,0.25,2307.11,Partial TP 1:2,198.03,10349.34
132,2024-05-08 11:30:00,2024-05-08 14:30:00,Long,2307.11,2313.9,0.25,2313.9,Stop Loss,169.83,10519.17
133,2024-05-08 15:45:00,2024-05-08 17:00:00,Short,2314.52,2312.86,0.42,2319.26,Opposite Signal,69.72,10588.89
134,2024-05-08 17:00:00,2024-05-08 20:00:00,Long,2312.86,2315.4,0.35,2307.21,Opposite Signal,88.9,10677.79
135,2024-05-08 20:00:00,2024-05-09 04:00:00,Short,2315.4,2309.92,0.41,2320.24,Opposite Signal,224.68,10902.47
136,2024-05-09 04:00:00,2024-05-09 04:45:00,Long,2309.92,2309.88,0.9,2307.72,Opposite Signal,-3.6,10898.87
137,2024-05-09 04:45:00,2024-05-09 06:00:00,Short,2309.88,2311.77,0.78,2312.44,Opposite Signal,-147.42,10751.45
138,2024-05-09 06:00:00,2024-05-09 08:15:00,Long (Partial 50%),2311.77,2317.41,0.35,2311.77,Partial TP 1:2,197.48,10948.93
138,2024-05-09 06:00:00,2024-05-09 09:00:00,Long,2311.77,2315.32,0.35,2315.32,Stop Loss,124.3,11073.22
139,2024-05-09 09:30:00,2024-05-09 10:45:00,Short (Partial 50%),2314.02,2307.51,0.3,2314.02,Partial TP 1:2,195.16,11268.38
139,2024-05-09 09:30:00,2024-05-09 11:00:00,Short,2314.02,2311.94,0.31,2314.02,Opposite Signal,64.48,11332.86
140,2024-05-09 11:00:00,2024-05-09 12:15:00,Long,2311.94,2309.74,0.52,2308.12,Opposite Signal,-114.4,11218.46
141,2024-05-09 12:15:00,2024-05-09 13:30:00,Short,2309.74,2312.35,0.54,2313.4,Opposite Signal,-140.94,11077.52
142,2024-05-09 13:30:00,2024-05-09 15:30:00,Long (Partial 50%),2312.35,2319.79,0.26,2312.35,Partial TP 1:2,193.45,11270.97
142,2024-05-09 13:30:00,2024-05-09 16:00:00,Long,2312.35,2323.02,0.27,2323.02,Stop Loss,288.03,11559.0
143,2024-05-09 16:00:00,2024-05-09 16:45:00,Short,2314.78,2321.85,0.28,2321.85,Stop Loss,-198.07,11360.93
144,2024-05-09 16:45:00,2024-05-09 18:45:00,Long,2324.37,2330.35,0.26,2316.9,Opposite Signal,155.48,11516.41
145,2024-05-09 18:45:00,2024-05-09 20:45:00,Short,2330.35,2334.8,0.24,2338.51,Opposite Signal,-106.8,11409.61
146,2024-05-09 20:45:00,2024-05-09 23:00:00,Long (Partial 50%),2334.8,2346.7,0.16,2334.8,Partial TP 1:2,190.47,11600.08
146,2024-05-09 20:45:00,2024-05-10 04:30:00,Long,2334.8,2351.34,0.17,2351.34,Stop Loss,281.18,11881.26
147,2024-05-10 04:30:00,2024-05-10 06:45:00,Short,2350.39,2353.38,0.48,2354.54,Opposite Signal,-143.52,11737.74
148,2024-05-10 06:45:00,2024-05-10 09:15:00,Long (Partial 50%),2353.38,2360.99,0.26,2353.38,Partial TP 1:2,197.74,11935.48
148,2024-05-10 06:45:00,2024-05-10 10:15:00,Long,2353.38,2366.26,0.26,2366.26,Stop Loss,334.96,12270.44
149,2024-05-10 14:00:00,2024-05-10 15:45:00,Short (Partial 50%),2373.06,2363.67,0.21,2373.06,Partial TP 1:2,197.11,12467.55
149,2024-05-10 14:00:00,2024-05-10 16:15:00,Short,2373.06,2371.59,0.21,2371.59,Stop Loss,30.88,12498.43
150,2024-05-10 18:30:00,2024-05-10 22:00:00,Long,2365.92,2365.58,0.25,2358.09,Opposite Signal,-8.5,12489.93
151,2024-05-10 22:00:00,2024-05-13 03:30:00,Short,2365.58,2363.5,0.45,2369.99,Opposite Signal,93.6,12583.53
152,2024-05-13 03:30:00,2024-05-13 04:00:00,Long,2363.5,2360.68,0.71,2360.68,Stop Loss,-199.99,12383.54
153,2024-05-13 04:00:00,2024-05-13 04:45:00,Short,2359.47,2359.11,0.61,2362.74,Opposite Signal,21.96,12405.5
154,2024-05-13 04:45:00,2024-05-13 06:15:00,Long,2359.11,2356.8,0.5,2355.18,Opposite Signal,-115.5,12290.0
155,2024-05-13 06:15:00,2024-05-13 09:00:00,Short (Partial 50%),2356.8,2350.02,0.28,2356.8,Partial TP 1:2,189.88,12479.88
155,2024-05-13 06:15:00,2024-05-13 10:45:00,Short,2356.8,2349.45,0.29,2349.45,Stop Loss,213.2,12693.09
156,2024-05-13 13:30:00,2024-05-13 14:00:00,Long,2343.13,2339.05,0.48,2339.05,Stop Loss,-195.97,12497.11
157,2024-05-13 14:00:00,2024-05-13 14:30:00,Short,2340.14,2344.54,0.45,2344.54,Stop Loss,-198.09,12299.02
158,2024-05-13 14:45:00,2024-05-13 16:30:00,Long,2344.59,2342.75,0.41,2339.77,Opposite Signal,-75.44,12223.58
159,2024-05-13 16:30:00,2024-05-13 22:30:00,Short,2342.75,2338.08,0.36,2348.26,Opposite Signal,168.12,12391.7
160,2024-05-13 22:30:00,2024-05-14 03:30:00,Long,2338.08,2335.09,0.58,2334.67,Opposite Signal,-173.42,12218.28
161,2024-05-14 03:30:00,2024-05-14 04:00:00,Short,2335.09,2337.48,0.83,2337.48,Stop Loss,-198.78,12019.51
162,2024-05-14 04:00:00,2024-05-14 05:45:00,Long,2340.0,2340.4,0.7,2337.17,Opposite Signal,28.0,12047.51
163,2024-05-14 05:45:00,2024-05-14 06:30:00,Short,2340.4,2343.35,0.58,2343.81,Opposite Signal,-171.1,11876.41
164,2024-05-14 06:30:00,2024-05-14 09:00:00,Long,2343.35,2342.49,0.64,2340.24,Opposite Signal,-55.04,11821.37
165,2024-05-14 09:00:00,2024-05-14 10:15:00,Short (Partial 50%),2342.49,2336.54,0.33,2342.49,Partial TP 1:2,196.21,12017.58
165,2024-05-14 09:00:00,2024-05-14 10:45:00,Short,2342.49,2339.18,0.34,2340.87,Opposite Signal,112.54,12130.12
166,2024-05-14 10:45:00,2024-05-14 12:00:00,Long (Partial 50%),2339.18,2346.11,0.28,2339.18,Partial TP 1:2,193.99,12324.11
166,2024-05-14 10:45:00,2024-05-14 13:30:00,Long,2339.18,2344.29,0.28,2344.29,Stop Loss,142.99,12467.1
167,2024-05-14 13:30:00,2024-05-14 15:00:00,Short,2344.41,2346.57,0.52,2348.2,Opposite Signal,-112.32,12354.78
168,2024-05-14 15:00:00,2024-05-14 15:15:00,Long,2346.57,2343.59,0.54,2342.9,Opposite Signal,-160.92,12193.86
169,2024-05-14 15:15:00,2024-05-14 15:30:00,Short,2343.59,2346.53,0.49,2347.63,Opposite Signal,-144.06,12049.8
170,2024-05-14 15:30:00,2024-05-14 18:45:00,Long,2346.53,2347.91,0.38,2341.28,Opposite Signal,52.44,12102.24
171,2024-05-14 18:45:00,2024-05-14 19:30:00,Short,2347.91,2352.14,0.31,2354.19,Opposite Signal,-131.13,11971.11
172,2024-05-14 19:30:00,2024-05-14 22:30:00,Long,2352.14,2355.3,0.32,2346.03,Opposite Signal,101.12,12072.23
173,2024-05-14 22:30:00,2024-05-14 23:45:00,Short,2355.3,2358.17,0.51,2359.2,Opposite Signal,-146.37,11925.86
174,2024-05-14 23:45:00,2024-05-15 02:45:00,Long,2358.17,2355.13,0.65,2355.13,Stop Loss,-197.65,11728.21
175,2024-05-15 02:45:00,2024-05-15 04:30:00,Short,2355.72,2357.94,0.9,2357.94,Stop Loss,-199.81,11528.4
176,2024-05-15 04:30:00,2024-05-15 07:30:00,Long,2357.36,2358.15,0.83,2354.96,Opposite Signal,65.57,11593.97
177,2024-05-15 07:30:00,2024-05-15 08:45:00,Short,2358.15,2358.47,0.85,2360.48,Opposite Signal,-27.2,11566.77
178,2024-05-15 08:45:00,2024-05-15 10:30:00,Long (Partial 50%),2358.47,2363.4,0.4,2358.47,Partial TP 1:2,197.31,11764.08
178,2024-05-15 08:45:00,2024-05-15 12:30:00,Long,2358.47,2370.69,0.41,2370.69,Stop Loss,500.99,12265.07
179,2024-05-15 12:30:00,2024-05-15 15:00:00,Short (Partial 50%),2368.76,2360.89,0.25,2368.76,Partial TP 1:2,196.68,12461.75
179,2024-05-15 12:30:00,2024-05-15 15:30:00,Short,2368.76,2364.1,0.25,2364.1,Stop Loss,116.46,12578.22
180,2024-05-15 15:30:00,2024-05-15 16:15:00,Long,2375.8,2369.16,0.3,2369.16,Stop Loss,-199.14,12379.08
181,2024-05-15 16:15:00,2024-05-15 16:45:00,Short (Partial 50%),2366.95,2352.39,0.13,2366.95,Partial TP 1:2,189.29,12568.37
181,2024-05-15 16:15:00,2024-05-15 17:15:00,Short,2366.95,2366.95,0.14,2366.95,Stop Loss,0.0,12568.37
182,2024-05-15 17:15:00,2024-05-15 18:45:00,Long,2366.64,2377.54,0.2,2356.78,Opposite Signal,218.0,12786.37
183,2024-05-15 18:45:00,2024-05-15 19:15:00,Short,2377.54,2384.98,0.2,2387.12,Opposite Signal,-148.8,12637.57
184,2024-05-15 19:15:00,2024-05-16 04:45:00,Long,2384.98,2391.51,0.21,2375.74,Opposite Signal,137.13,12774.7
185,2024-05-16 04:45:00,2024-05-16 07:30:00,Short,2391.51,2391.27,0.43,2396.16,Opposite Signal,10.32,12785.02
186,2024-05-16 07:30:00,2024-05-16 08:45:00,Long,2391.27,2390.19,0.5,2387.32,Opposite Signal,-54.0,12731.02
187,2024-05-16 08:45:00,2024-05-16 10:15:00,Short,2390.19,2389.38,0.55,2393.83,Opposite Signal,44.55,12775.57
188,2024-05-16 10:15:00,2024-05-16 11:15:00,Long,2389.38,2386.26,0.5,2385.42,Opposite Signal,-156.0,12619.57
189,2024-05-16 11:15:00,2024-05-16 13:45:00,Short,2386.26,2384.88,0.49,2390.27,Opposite Signal,67.62,12687.19
190,2024-05-16 13:45:00,2024-05-16 14:15:00,Long,2384.88,2382.47,0.53,2381.11,Opposite Signal,-127.73,12559.46
191,2024-05-16 14:15:00,2024-05-16 16:15:00,Short (Partial 50%),2382.47,2374.28,0.24,2382.47,Partial TP 1:2,196.52,12755.98
191,2024-05-16 14:15:00,2024-05-16 17:00:00,Short,2382.47,2377.5,0.24,2377.5,Stop Loss,119.26,12875.24
192,2024-05-16 18:15:00,2024-05-16 21:15:00,Long,2380.29,2378.74,0.29,2373.49,Opposite Signal,-44.95,12830.29
193,2024-05-16 21:15:00,2024-05-17 02:00:00,Short,2378.74,2379.48,0.45,2383.09,Opposite Signal,-33.3,12796.99
194,2024-05-17 02:00:00,2024-05-17 02:45:00,Long,2379.48,2377.77,0.8,2377.01,Opposite Signal,-136.8,12660.19
195,2024-05-17 02:45:00,2024-05-17 05:15:00,Short,2377.77,2380.05,0.87,2380.05,Stop Loss,-198.59,12461.59
196,2024-05-17 05:15:00,2024-05-17 05:30:00,Long,2380.94,2378.35,0.77,2378.35,Stop Loss,-199.5,12262.1
197,2024-05-17 05:30:00,2024-05-17 06:45:00,Short,2377.62,2377.82,0.7,2380.48,Opposite Signal,-14.0,12248.1
198,2024-05-17 06:45:00,2024-05-17 09:15:00,Long (Partial 50%),2377.82,2383.98,0.32,2377.82,Partial TP 1:2,197.09,12445.19
198,2024-05-17 06:45:00,2024-05-17 10:30:00,Long,2377.82,2384.76,0.32,2384.76,Stop Loss,221.97,12667.16
199,2024-05-17 10:30:00,2024-05-17 13:30:00,Short,2383.35,2385.5,0.62,2386.56,Opposite Signal,-133.3,12533.86
200,2024-05-17 13:30:00,2024-05-17 15:45:00,Long (Partial 50%),2385.5,2393.06,0.26,2385.5,Partial TP 1:2,196.57,12730.43
200,2024-05-17 13:30:00,2024-05-17 16:30:00,Long,2385.5,2399.29,0.26,2399.29,Stop Loss,358.63,13089.06
201,2024-05-17 16:30:00,2024-05-17 17:15:00,Short,2398.12,2404.3,0.32,2404.3,Stop Loss,-197.64,12891.42
202,2024-05-17 17:15:00,2024-05-17 18:00:00,Long,2405.86,2408.0,0.28,2398.88,Opposite Signal,59.92,12951.34
203,2024-05-17 18:00:00,2024-05-17 19:00:00,Short,2408.0,2413.02,0.23,2416.45,Opposite Signal,-115.46,12835.88
204,2024-05-17 19:00:00,2024-05-17 22:00:00,Long,2413.02,2414.41,0.23,2404.58,Opposite Signal,31.97,12867.85
205,2024-05-17 22:00:00,2024-05-17 23:30:00,Short,2414.41,2420.6,0.32,2420.6,Stop Loss,-198.2,12669.65
206,2024-05-20 01:00:00,2024-05-20 04:00:00,Long (Partial 50%),2418.46,2431.95,0.14,2418.46,Partial TP 1:2,188.83,12858.48
206,2024-05-20 01:00:00,2024-05-20 05:45:00,Long,2418.46,2429.18,0.14,2429.18,Stop Loss,150.12,13008.6
207,2024-05-20 09:15:00,2024-05-20 10:00:00,Short,2440.56,2441.54,0.27,2447.79,Opposite Signal,-26.46,12982.14
208,2024-05-20 10:00:00,2024-05-20 13:00:00,Long,2441.54,2441.32,0.25,2433.55,Opposite Signal,-5.5,12976.64
209,2024-05-20 13:00:00,2024-05-20 14:30:00,Short (Partial 50%),2441.32,2427.81,0.14,2441.32,Partial TP 1:2,189.14,13165.78
209,2024-05-20 13:00:00,2024-05-20 16:00:00,Short,2441.32,2416.41,0.14,2416.41,Stop Loss,348.78,13514.57
210,2024-05-20 16:00:00,2024-05-20 22:15:00,Long,2417.96,2429.15,0.19,2407.75,Opposite Signal,212.61,13727.18
211,2024-05-20 22:15:00,2024-05-21 01:15:00,Short,2429.15,2430.38,0.33,2435.06,Opposite Signal,-40.59,13686.59
212,2024-05-21 01:15:00,2024-05-21 02:15:00,Long,2430.38,2426.53,0.36,2424.95,Opposite Signal,-138.6,13547.99
213,2024-05-21 02:15:00,2024-05-21 03:45:00,Short,2426.53,2428.85,0.43,2431.16,Opposite Signal,-99.76,13448.23
214,2024-05-21 03:45:00,2024-05-21 04:30:00,Long,2428.85,2424.67,0.47,2424.67,Stop Loss,-196.36,13251.87
215,2024-05-21 04:45:00,2024-05-21 06:15:00,Short (Partial 50%),2420.37,2408.0,0.16,2420.37,Partial TP 1:2,197.94,13449.81
215,2024-05-21 04:45:00,2024-05-21 07:30:00,Short,2420.37,2415.37,0.16,2416.38,Opposite Signal,80.0,13529.81
216,2024-05-21 07:30:00,2024-05-21 09:45:00,Long,2415.37,2410.57,0.33,2409.42,Opposite Signal,-158.4,13371.41
217,2024-05-21 09:45:00,2024-05-21 10:15:00,Short,2410.57,2416.5,0.33,2416.5,Stop Loss,-195.79,13175.63
218,2024-05-21 10:15:00,2024-05-21 11:00:00,Long,2416.72,2417.25,0.32,2410.54,Opposite Signal,16.96,13192.59
219,2024-05-21 11:00:00,2024-05-21 13:45:00,Short,2417.25,2419.8,0.32,2423.45,Opposite Signal,-81.6,13110.99
220,2024-05-21 13:45:00,2024-05-21 16:15:00,Long (Partial 50%),2419.8,2430.34,0.18,2419.8,Partial TP 1:2,189.68,13300.66
220,2024-05-21 13:45:00,2024-05-21 18:15:00,Long,2419.8,2427.59,0.19,2427.59,Stop Loss,147.94,13448.6
221,2024-05-21 18:30:00,2024-05-21 22:00:00,Short,2423.77,2423.29,0.29,2430.64,Opposite Signal,13.92,13462.52
222,2024-05-21 22:00:00,2024-05-21 23:45:00,Long,2423.29,2420.76,0.39,2418.21,Opposite Signal,-98.67,13363.85
223,2024-05-21 23:45:00,2024-05-22 04:00:00,Short,2420.76,2422.06,0.56,2424.3,Opposite Signal,-72.8,13291.05
224,2024-05-22 04:00:00,2024-05-22 04:30:00,Long,2422.06,2419.43,0.76,2419.43,Stop Loss,-199.6,13091.44
225,2024-05-22 04:30:00,2024-05-22 04:45:00,Short,2419.81,2422.57,0.72,2422.57,Stop Loss,-198.43,12893.01
226,2024-05-22 04:45:00,2024-05-22 05:30:00,Long,2421.87,2421.87,0.67,2418.93,Opposite Signal,0.0,12893.01
227,2024-05-22 05:30:00,2024-05-22 06:45:00,Short (Partial 50%),2421.87,2414.68,0.27,2421.87,Partial TP 1:2,194.16,13087.17
227,2024-05-22 05:30:00,2024-05-22 07:15:00,Short,2421.87,2415.63,0.28,2415.63,Stop Loss,174.65,13261.82
228,2024-05-22 08:45:00,2024-05-22 09:15:00,Long,2417.08,2414.04,0.44,2412.59,Opposite Signal,-133.76,13128.06
229,2024-05-22 09:15:00,2024-05-22 09:45:00,Short,2414.04,2417.06,0.46,2418.37,Opposite Signal,-138.92,12989.14
230,2024-05-22 09:45:00,2024-05-22 10:15:00,Long,2417.06,2412.97,0.45,2412.7,Opposite Signal,-184.05,12805.09
231,2024-05-22 10:15:00,2024-05-22 10:30:00,Short,2412.97,2416.52,0.42,2417.64,Opposite Signal,-149.1,12655.99
232,2024-05-22 10:30:00,2024-05-22 11:15:00,Long,2416.52,2411.62,0.4,2411.62,Stop Loss,-196.17,12459.81
233,2024-05-22 11:15:00,2024-05-22 11:30:00,Short,2410.76,2415.69,0.4,2415.69,Stop Loss,-197.13,12262.68
234,2024-05-22 11:30:00,2024-05-22 14:00:00,Long,2416.01,2413.53,0.38,2410.77,Opposite Signal,-94.24,12168.44
235,2024-05-22 14:00:00,2024-05-22 14:30:00,Short (Partial 50%),2413.53,2405.76,0.25,2413.53,Partial TP 1:2,194.13,12362.57
235,2024-05-22 14:00:00,2024-05-22 15:15:00,Short,2413.53,2412.13,0.26,2412.13,Stop Loss,36.41,12398.98
236,2024-05-22 15:15:00,2024-05-22 16:00:00,Long,2414.71,2409.19,0.36,2409.19,Stop Loss,-198.68,12200.3
237,2024-05-22 16:00:00,2024-05-22 17:00:00,Short (Partial 50%),2409.71,2397.99,0.17,2409.71,Partial TP 1:2,199.27,12399.57
237,2024-05-22 16:00:00,2024-05-22 18:00:00,Short,2409.71,2392.42,0.17,2392.42,Stop Loss,293.87,12693.44
238,2024-05-22 19:00:00,2024-05-22 20:30:00,Long,2392.53,2387.49,0.23,2384.11,Opposite Signal,-115.92,12577.52
239,2024-05-22 20:30:00,2024-05-23 02:15:00,Short,2387.49,2381.97,0.28,2394.55,Opposite Signal,154.56,12732.08
240,2024-05-23 02:15:00,2024-05-23 03:45:00,Long,2381.97,2380.31,0.54,2378.32,Opposite Signal,-89.64,12642.44
241,2024-05-23 03:45:00,2024-05-23 04:15:00,Short (Partial 50%),2380.31,2373.7,0.3,2380.31,Partial TP 1:2,198.42,12840.86
241,2024-05-23 03:45:00,2024-05-23 05:00:00,Short,2380.31,2375.65,0.3,2375.65,Stop Loss,139.79,12980.65
242,2024-05-23 07:00:00,2024-05-23 08:30:00,Long,2372.83,2368.25,0.43,2368.25,Stop Loss,-196.79,12783.86
243,2024-05-23 08:30:00,2024-05-23 09:00:00,Short (Partial 50%),2366.48,2357.37,0.21,2366.48,Partial TP 1:2,191.38,12975.24
243,2024-05-23 08:30:00,2024-05-23 09:15:00,Short,2366.48,2366.48,0.22,2366.48,Stop Loss,0.0,12975.24
244,2024-05-23 09:15:00,2024-05-23 10:30:00,Long,2366.7,2359.97,0.29,2359.97,Stop Loss,-195.2,12780.04
245,2024-05-23 10:30:00,2024-05-23 11:30:00,Short,2358.91,2361.26,0.32,2364.99,Opposite Signal,-75.2,12704.84
246,2024-05-23 11:30:00,2024-05-23 15:30:00,Long,2361.26,2363.12,0.34,2355.43,Opposite Signal,63.24,12768.08
247,2024-05-23 15:30:00,2024-05-23 16:00:00,Short,2363.12,2367.92,0.41,2367.92,Stop Loss,-196.89,12571.19
248,2024-05-23 16:00:00,2024-05-23 16:45:00,Long,2366.34,2360.71,0.35,2360.71,Stop Loss,-197.13,12374.05
249,2024-05-23 16:45:00,2024-05-23 17:30:00,Short (Partial 50%),2358.59,2342.56,0.12,2358.59,Partial TP 1:2,192.36,12566.42
249,2024-05-23 16:45:00,2024-05-23 18:45:00,Short,2358.59,2347.85,0.12,2347.85,Stop Loss,128.86,12695.28
250,2024-05-24 01:15:00,2024-05-24 03:15:00,Long,2331.97,2328.85,0.43,2327.38,Opposite Signal,-134.16,12561.12
251,2024-05-24 03:15:00,2024-05-24 04:15:00,Short,2328.85,2332.38,0.56,2332.38,Stop Loss,-197.88,12363.24
252,2024-05-24 04:15:00,2024-05-24 05:15:00,Long,2333.78,2329.63,0.48,2329.63,Stop Loss,-198.98,12164.26
253,2024-05-24 05:15:00,2024-05-24 05:30:00,Short,2326.04,2330.76,0.42,2330.76,Stop Loss,-198.18,11966.08
254,2024-05-24 05:30:00,2024-05-24 09:30:00,Long,2329.74,2336.18,0.39,2324.67,Opposite Signal,251.16,12217.24
255,2024-05-24 09:30:00,2024-05-24 10:00:00,Short,2336.18,2340.21,0.49,2340.21,Stop Loss,-197.7,12019.55
256,2024-05-24 10:00:00,2024-05-24 11:15:00,Long,2340.12,2336.73,0.47,2335.94,Opposite Signal,-159.33,11860.22
257,2024-05-24 11:15:00,2024-05-24 11:30:00,Short,2336.73,2340.54,0.49,2340.76,Opposite Signal,-186.69,11673.53
258,2024-05-24 11:30:00,2024-05-24 12:30:00,Long,2340.54,2338.15,0.47,2336.31,Opposite Signal,-112.33,11561.2
259,2024-05-24 12:30:00,2024-05-24 13:15:00,Short,2338.15,2342.38,0.47,2342.38,Stop Loss,-198.99,11362.21
260,2024-05-24 13:15:00,2024-05-24 13:30:00,Long,2343.85,2340.69,0.45,2339.43,Opposite Signal,-142.2,11220.01
261,2024-05-24 13:30:00,2024-05-24 16:00:00,Short,2340.69,2341.63,0.44,2345.23,Opposite Signal,-41.36,11178.65
262,2024-05-24 16:00:00,2024-05-24 16:45:00,Long,2341.63,2337.0,0.38,2336.49,Opposite Signal,-175.94,11002.71
263,2024-05-24 16:45:00,2024-05-24 17:00:00,Short,2337.0,2343.02,0.33,2343.02,Stop Loss,-198.54,10804.16
264,2024-05-24 21:30:00,2024-05-24 22:00:00,Long,2336.25,2333.07,0.51,2332.36,Opposite Signal,-162.18,10641.98
265,2024-05-24 22:00:00,2024-05-27 01:00:00,Short,2333.07,2336.74,0.54,2336.74,Stop Loss,-198.35,10443.64
266,2024-05-27 01:00:00,2024-05-27 01:15:00,Long,2336.78,2333.59,0.62,2333.59,Stop Loss,-198.08,10245.56
267,2024-05-27 02:45:00,2024-05-27 04:00:00,Short,2337.15,2339.41,0.56,2340.71,Opposite Signal,-126.56,10119.0
268,2024-05-27 04:00:00,2024-05-27 06:00:00,Long (Partial 50%),2339.41,2346.89,0.26,2339.41,Partial TP 1:2,194.53,10313.53
268,2024-05-27 04:00:00,2024-05-27 06:30:00,Long,2339.41,2344.51,0.27,2344.51,Stop Loss,137.69,10451.22
269,2024-05-27 07:00:00,2024-05-27 11:00:00,Short,2343.05,2341.43,0.48,2347.17,Opposite Signal,77.76,10528.98
270,2024-05-27 11:00:00,2024-05-27 15:15:00,Long (Partial 50%),2341.43,2348.45,0.28,2341.43,Partial TP 1:2,196.69,10725.67
270,2024-05-27 11:00:00,2024-05-27 16:00:00,Long,2341.43,2345.6,0.28,2345.6,Stop Loss,116.87,10842.54
271,2024-05-27 16:00:00,2024-05-27 16:15:00,Short,2346.33,2349.99,0.54,2349.99,Stop Loss,-197.63,10644.91
272,2024-05-27 16:15:00,2024-05-27 17:45:00,Long,2350.45,2354.38,0.47,2346.28,Opposite Signal,184.71,10829.62
273,2024-05-27 17:45:00,2024-05-28 04:30:00,Short,2354.38,2354.42,0.45,2358.78,Opposite Signal,-1.8,10827.82
274,2024-05-28 04:30:00,2024-05-28 06:15:00,Long,2354.42,2351.07,0.59,2351.07,Stop Loss,-197.68,10630.15
275,2024-05-28 06:15:00,2024-05-28 09:15:00,Short (Partial 50%),2351.44,2344.49,0.28,2351.44,Partial TP 1:2,194.53,10824.67
275,2024-05-28 06:15:00,2024-05-28 10:00:00,Short,2351.44,2344.39,0.28,2344.39,Stop Loss,197.47,11022.14
276,2024-05-28 11:45:00,2024-05-28 15:15:00,Long (Partial 50%),2344.92,2352.68,0.25,2344.92,Partial TP 1:2,194.0,11216.15
276,2024-05-28 11:45:00,2024-05-28 16:30:00,Long,2344.92,2357.32,0.26,2357.32,Stop Loss,322.51,11538.65
277,2024-05-28 16:45:00,2024-05-28 17:45:00,Short,2354.92,2355.28,0.34,2360.66,Opposite Signal,-12.24,11526.41
278,2024-05-28 17:45:00,2024-05-28 19:15:00,Long,2355.28,2357.48,0.31,2348.94,Opposite Signal,68.2,11594.61
279,2024-05-28 19:15:00,2024-05-28 20:30:00,Short,2357.48,2358.98,0.33,2363.42,Opposite Signal,-49.5,11545.11
280,2024-05-28 20:30:00,2024-05-28 21:15:00,Long,2358.98,2354.02,0.35,2353.4,Opposite Signal,-173.6,11371.51
281,2024-05-28 21:15:00,2024-05-28 22:15:00,Short,2354.02,2357.75,0.39,2359.14,Opposite Signal,-145.47,11226.04
282,2024-05-28 22:15:00,2024-05-29 01:30:00,Long,2357.75,2358.71,0.42,2353.06,Opposite Signal,40.32,11266.36
283,2024-05-29 01:30:00,2024-05-29 05:00:00,Short,2358.71,2358.42,0.57,2362.2,Opposite Signal,16.53,11282.89
284,2024-05-29 05:00:00,2024-05-29 05:45:00,Long,2358.42,2355.26,0.63,2355.26,Stop Loss,-198.97,11083.92
285,2024-05-29 05:45:00,2024-05-29 06:45:00,Short,2355.62,2358.09,0.55,2359.25,Opposite Signal,-135.85,10948.07
286,2024-05-29 06:45:00,2024-05-29 09:00:00,Long,2358.09,2354.6,0.57,2354.6,Stop Loss,-198.8,10749.27
287,2024-05-29 09:00:00,2024-05-29 11:30:00,Short (Partial 50%),2353.54,2346.73,0.28,2353.54,Partial TP 1:2,190.81,10940.09
287,2024-05-29 09:00:00,2024-05-29 12:45:00,Short,2353.54,2345.58,0.29,2345.58,Stop Loss,230.76,11170.85
288,2024-05-29 12:45:00,2024-05-29 14:00:00,Long,2345.79,2343.66,0.45,2341.37,Opposite Signal,-95.85,11075.0
289,2024-05-29 14:00:00,2024-05-29 15:45:00,Short (Partial 50%),2343.66,2335.21,0.23,2343.66,Partial TP 1:2,194.25,11269.25
289,2024-05-29 14:00:00,2024-05-29 16:00:00,Short,2343.66,2343.66,0.23,2343.66,Stop Loss,0.0,11269.25
290,2024-05-29 16:00:00,2024-05-29 18:00:00,Long,2342.36,2340.4,0.32,2336.18,Opposite Signal,-62.72,11206.53
291,2024-05-29 18:00:00,2024-05-29 19:45:00,Short,2340.4,2341.95,0.3,2346.92,Opposite Signal,-46.5,11160.03
292,2024-05-29 19:45:00,2024-05-29 21:30:00,Long,2341.95,2339.52,0.37,2336.56,Opposite Signal,-89.91,11070.12
293,2024-05-29 21:30:00,2024-05-30 04:00:00,Short,2339.52,2338.92,0.46,2343.79,Opposite Signal,27.6,11097.72
294,2024-05-30 04:00:00,2024-05-30 04:30:00,Long,2338.92,2335.79,0.63,2335.79,Stop Loss,-197.16,10900.56
295,2024-05-30 04:30:00,2024-05-30 05:00:00,Short,2333.63,2336.09,0.56,2337.14,Opposite Signal,-137.76,10762.8
296,2024-05-30 05:00:00,2024-05-30 05:30:00,Long,2336.09,2332.44,0.54,2332.44,Stop Loss,-197.15,10565.65
297,2024-05-30 05:30:00,2024-05-30 06:15:00,Short,2329.55,2332.48,0.46,2333.88,Opposite Signal,-134.78,10430.87
298,2024-05-30 06:15:00,2024-05-30 08:15:00,Long,2332.48,2332.1,0.48,2328.31,Opposite Signal,-18.24,10412.63
299,2024-05-30 08:15:00,2024-05-30 08:45:00,Short (Partial 50%),2332.1,2324.84,0.27,2332.1,Partial TP 1:2,195.97,10608.6
299,2024-05-30 08:15:00,2024-05-30 09:15:00,Short,2332.1,2328.21,0.28,2329.44,Opposite Signal,108.92,10717.52
300,2024-05-30 09:15:00,2024-05-30 11:00:00,Long,2328.21,2332.77,0.41,2323.43,Opposite Signal,186.96,10904.48
301,2024-05-30 11:00:00,2024-05-30 12:00:00,Short,2332.77,2337.54,0.41,2337.54,Stop Loss,-195.64,10708.83
302,2024-05-30 12:00:00,2024-05-30 12:30:00,Long,2337.23,2332.56,0.42,2332.56,Stop Loss,-196.21,10512.63
303,2024-05-30 12:30:00,2024-05-30 13:30:00,Short,2333.26,2335.23,0.39,2338.31,Opposite Signal,-76.83,10435.8
304,2024-05-30 13:30:00,2024-05-30 14:45:00,Long,2335.23,2335.87,0.43,2330.59,Opposite Signal,27.52,10463.32
305,2024-05-30 14:45:00,2024-05-30 15:15:00,Short,2335.87,2340.58,0.42,2340.58,Stop Loss,-197.8,10265.52
306,2024-05-30 15:30:00,2024-05-30 17:45:00,Long,2342.73,2344.04,0.31,2336.29,Opposite Signal,40.61,10306.13
307,2024-05-30 17:45:00,2024-05-30 19:30:00,Short,2344.04,2347.06,0.32,2350.29,Opposite Signal,-96.64,10209.49
308,2024-05-30 19:30:00,2024-05-30 20:30:00,Long,2347.06,2343.46,0.36,2341.58,Opposite Signal,-129.6,10079.89
309,2024-05-30 20:30:00,2024-05-31 01:15:00,Short,2343.46,2343.85,0.39,2348.47,Opposite Signal,-15.21,10064.68
310,2024-05-31 01:15:00,2024-05-31 05:30:00,Long,2343.85,2343.36,0.63,2340.68,Opposite Signal,-30.87,10033.81
311,2024-05-31 05:30:00,2024-05-31 06:45:00,Short,2343.36,2343.66,0.59,2346.7,Opposite Signal,-17.7,10016.11
312,2024-05-31 06:45:00,2024-05-31 10:30:00,Long,2343.66,2342.31,0.5,2339.74,Opposite Signal,-67.5,9948.61
313,2024-05-31 10:30:00,2024-05-31 11:45:00,Short,2342.31,2343.23,0.57,2345.8,Opposite Signal,-52.44,9896.17
314,2024-05-31 11:45:00,2024-05-31 15:30:00,Long (Partial 50%),2343.23,2349.71,0.3,2343.23,Partial TP 1:2,194.44,10090.6
314,2024-05-31 11:45:00,2024-05-31 16:30:00,Long,2343.23,2351.76,0.31,2351.76,Stop Loss,264.43,10355.03
315,2024-05-31 16:45:00,2024-05-31 17:45:00,Short (Partial 50%),2348.14,2334.82,0.15,2348.14,Partial TP 1:2,199.77,10554.8
315,2024-05-31 16:45:00,2024-05-31 19:15:00,Short,2348.14,2335.34,0.15,2335.34,Stop Loss,192.03,10746.83
316,2024-05-31 19:30:00,2024-05-31 20:15:00,Long,2335.36,2327.96,0.27,2327.96,Stop Loss,-199.7,10547.13
317,2024-05-31 20:15:00,2024-05-31 22:45:00,Short,2325.24,2327.65,0.26,2332.88,Opposite Signal,-62.66,10484.47
318,2024-05-31 22:45:00,2024-06-03 01:00:00,Long,2327.65,2325.16,0.37,2322.26,Opposite Signal,-92.13,10392.34
319,2024-06-03 01:00:00,2024-06-03 03:45:00,Short,2325.16,2327.07,0.39,2330.23,Opposite Signal,-74.49,10317.85
320,2024-06-03 03:45:00,2024-06-03 05:30:00,Long,2327.07,2327.44,0.58,2323.66,Opposite Signal,21.46,10339.31
321,2024-06-03 05:30:00,2024-06-03 07:00:00,Short (Partial 50%),2327.44,2320.57,0.28,2327.44,Partial TP 1:2,192.36,10531.67
321,2024-06-03 05:30:00,2024-06-03 08:00:00,Short,2327.44,2322.75,0.29,2322.75,Stop Loss,135.97,10667.64
322,2024-06-03 08:15:00,2024-06-03 08:30:00,Long,2322.82,2319.65,0.63,2319.65,Stop Loss,-199.98,10467.66
323,2024-06-03 08:30:00,2024-06-03 08:45:00,Short,2315.43,2319.5,0.49,2319.5,Stop Loss,-199.67,10268.0
324,2024-06-03 08:45:00,2024-06-03 09:15:00,Long,2320.14,2315.64,0.44,2315.64,Stop Loss,-198.06,10069.94
325,2024-06-03 09:15:00,2024-06-03 09:45:00,Short,2315.63,2320.6,0.4,2320.6,Stop Loss,-198.77,9871.17
326,2024-06-03 09:45:00,2024-06-03 13:30:00,Long (Partial 50%),2322.43,2333.17,0.18,2322.43,Partial TP 1:2,193.29,10064.46
326,2024-06-03 09:45:00,2024-06-03 15:00:00,Long,2322.43,2328.63,0.19,2328.63,Stop Loss,117.83,10182.28
327,2024-06-03 15:00:00,2024-06-03 15:15:00,Short,2326.18,2330.38,0.47,2330.38,Stop Loss,-197.56,9984.72
328,2024-06-03 15:15:00,2024-06-03 17:00:00,Long (Partial 50%),2331.79,2341.32,0.2,2331.79,Partial TP 1:2,190.5,10175.23
328,2024-06-03 15:15:00,2024-06-03 18:00:00,Long,2331.79,2338.32,0.2,2338.32,Stop Loss,130.66,10305.89
329,2024-06-03 22:15:00,2024-06-03 23:30:00,Short,2345.73,2350.54,0.41,2350.54,Stop Loss,-197.23,10108.66
330,2024-06-03 23:30:00,2024-06-04 04:00:00,Long,2349.82,2349.01,0.5,2345.86,Opposite Signal,-40.5,10068.16
331,2024-06-04 04:00:00,2024-06-04 04:30:00,Short (Partial 50%),2349.01,2343.35,0.35,2349.01,Partial TP 1:2,197.94,10266.1
331,2024-06-04 04:00:00,2024-06-04 04:45:00,Short,2349.01,2347.06,0.35,2349.01,Opposite Signal,68.25,10334.35
332,2024-06-04 04:45:00,2024-06-04 06:00:00,Long,2347.06,2345.34,0.54,2343.42,Opposite Signal,-92.88,10241.47
333,2024-06-04 06:00:00,2024-06-04 07:15:00,Short,2345.34,2348.37,0.57,2348.83,Opposite Signal,-172.71,10068.76
334,2024-06-04 07:15:00,2024-06-04 09:30:00,Long,2348.37,2347.75,0.62,2345.19,Opposite Signal,-38.44,10030.32
335,2024-06-04 09:30:00,2024-06-04 10:45:00,Short (Partial 50%),2347.75,2341.02,0.29,2347.75,Partial TP 1:2,195.13,10225.45
335,2024-06-04 09:30:00,2024-06-04 12:45:00,Short,2347.75,2332.53,0.3,2332.53,Stop Loss,456.74,10682.19
336,2024-06-04 13:00:00,2024-06-04 13:45:00,Long,2332.53,2329.19,0.42,2327.84,Opposite Signal,-140.28,10541.91
337,2024-06-04 13:45:00,2024-06-04 15:15:00,Short,2329.19,2333.05,0.43,2333.76,Opposite Signal,-165.98,10375.93
338,2024-06-04 15:15:00,2024-06-04 16:30:00,Long,2333.05,2328.32,0.42,2328.32,Stop Loss,-198.84,10177.09
339,2024-06-04 16:30:00,2024-06-04 18:00:00,Short,2326.93,2326.84,0.31,2333.18,Opposite Signal,2.79,10179.88
340,2024-06-04 18:00:00,2024-06-05 04:00:00,Long,2326.84,2327.04,0.23,2318.19,Opposite Signal,4.6,10184.48
341,2024-06-05 04:00:00,2024-06-05 04:30:00,Short,2327.04,2329.29,0.89,2329.29,Stop Loss,-199.97,9984.51
342,2024-06-05 04:30:00,2024-06-05 06:00:00,Long (Partial 50%),2329.31,2334.12,0.41,2329.31,Partial TP 1:2,197.21,10181.71
342,2024-06-05 04:30:00,2024-06-05 08:30:00,Long,2329.31,2338.52,0.42,2338.52,Stop Loss,386.82,10568.53
343,2024-06-05 08:30:00,2024-06-05 09:15:00,Short (Partial 50%),2338.47,2332.25,0.32,2338.47,Partial TP 1:2,199.08,10767.61
343,2024-06-05 08:30:00,2024-06-05 10:45:00,Short,2338.47,2332.03,0.32,2332.03,Stop Loss,206.02,10973.63
344,2024-06-05 11:00:00,2024-06-05 12:30:00,Long,2334.39,2331.76,0.47,2330.2,Opposite Signal,-123.61,10850.02
345,2024-06-05 12:30:00,2024-06-05 13:30:00,Short,2331.76,2335.0,0.51,2335.67,Opposite Signal,-165.24,10684.78
346,2024-06-05 13:30:00,2024-06-05 15:45:00,Long (Partial 50%),2335.0,2342.89,0.25,2335.0,Partial TP 1:2,197.31,10882.09
346,2024-06-05 13:30:00,2024-06-05 16:45:00,Long,2335.0,2339.08,0.25,2339.08,Stop Loss,101.98,10984.07
347,2024-06-05 17:00:00,2024-06-05 17:15:00,Short,2336.28,2342.81,0.3,2342.81,Stop Loss,-195.88,10788.19
348,2024-06-05 17:15:00,2024-06-06 02:45:00,Long,2345.9,2355.01,0.25,2338.13,Opposite Signal,227.75,11015.94
349,2024-06-06 02:45:00,2024-06-06 04:00:00,Short,2355.01,2357.24,0.89,2357.24,Stop Loss,-198.88,10817.06
350,2024-06-06 04:00:00,2024-06-06 04:30:00,Long (Partial 50%),2363.61,2369.73,0.32,2363.61,Partial TP 1:2,195.75,11012.82
350,2024-06-06 04:00:00,2024-06-06 06:15:00,Long,2363.61,2370.88,0.33,2370.88,Stop Loss,239.93,11252.74
351,2024-06-06 06:15:00,2024-06-06 09:45:00,Short,2369.54,2367.06,0.39,2374.61,Opposite Signal,96.72,11349.46
352,2024-06-06 09:45:00,2024-06-06 10:30:00,Long,2367.06,2363.35,0.53,2363.35,Stop Loss,-196.89,11152.57
353,2024-06-06 10:30:00,2024-06-06 14:00:00,Short,2363.14,2361.97,0.52,2366.92,Opposite Signal,60.84,11213.41
354,2024-06-06 14:00:00,2024-06-06 15:00:00,Long,2361.97,2358.61,0.59,2358.61,Stop Loss,-198.41,11015.01
355,2024-06-06 15:00:00,2024-06-06 15:15:00,Short,2358.32,2360.87,0.57,2361.78,Opposite Signal,-145.35,10869.66
356,2024-06-06 15:15:00,2024-06-06 15:30:00,Long,2360.87,2357.61,0.53,2357.11,Opposite Signal,-172.78,10696.88
357,2024-06-06 15:30:00,2024-06-06 16:15:00,Short,2357.61,2360.96,0.43,2362.19,Opposite Signal,-144.05,10552.83
358,2024-06-06 16:15:00,2024-06-06 16:45:00,Long,2360.96,2360.52,0.36,2355.47,Opposite Signal,-15.84,10536.99
359,2024-06-06 16:45:00,2024-06-06 18:00:00,Short,2360.52,2366.98,0.3,2366.98,Stop Loss,-193.78,10343.21
360,2024-06-06 18:00:00,2024-06-06 20:00:00,Long,2370.31,2371.32,0.28,2363.31,Opposite Signal,28.28,10371.49
361,2024-06-06 20:00:00,2024-06-06 23:45:00,Short,2371.32,2375.68,0.3,2377.81,Opposite Signal,-130.8,10240.69
362,2024-06-06 23:45:00,2024-06-07 04:00:00,Long,2375.68,2373.8,0.56,2372.14,Opposite Signal,-105.28,10135.41
363,2024-06-07 04:00:00,2024-06-07 05:30:00,Short,2373.8,2374.99,0.6,2377.11,Opposite Signal,-71.4,10064.01
364,2024-06-07 05:30:00,2024-06-07 07:15:00,Long (Partial 50%),2374.99,2382.95,0.25,2374.99,Partial TP 1:2,198.9,10262.91
364,2024-06-07 05:30:00,2024-06-07 08:00:00,Long,2374.99,2383.77,0.25,2383.77,Stop Loss,219.42,10482.33
365,2024-06-07 08:00:00,2024-06-07 09:15:00,Short (Partial 50%),2382.52,2373.11,0.21,2382.52,Partial TP 1:2,197.61,10679.94
365,2024-06-07 08:00:00,2024-06-07 10:00:00,Short,2382.52,2377.35,0.21,2377.35,Stop Loss,108.62,10788.56
366,2024-06-07 10:00:00,2024-06-07 10:15:00,Long,2379.11,2375.1,0.36,2373.68,Opposite Signal,-144.36,10644.2
367,2024-06-07 10:15:00,2024-06-07 11:00:00,Short (Partial 50%),2375.1,2364.01,0.18,2375.1,Partial TP 1:2,199.61,10843.81
367,2024-06-07 10:15:00,2024-06-07 14:45:00,Short,2375.1,2338.39,0.18,2338.39,Stop Loss,660.72,11504.53
368,2024-06-07 17:15:00,2024-06-07 18:15:00,Long,2318.29,2308.66,0.16,2306.47,Opposite Signal,-154.08,11350.45
369,2024-06-07 18:15:00,2024-06-07 19:30:00,Short,2308.66,2312.73,0.18,2319.51,Opposite Signal,-73.26,11277.19
370,2024-06-07 19:30:00,2024-06-07 20:30:00,Long,2312.73,2305.84,0.21,2303.29,Opposite Signal,-144.69,11132.5
371,2024-06-07 20:30:00,2024-06-07 22:45:00,Short (Partial 50%),2305.84,2289.27,0.12,2305.84,Partial TP 1:2,198.81,11331.31
371,2024-06-07 20:30:00,2024-06-07 23:15:00,Short,2305.84,2291.26,0.12,2291.26,Stop Loss,174.97,11506.29
372,2024-06-07 23:30:00,2024-06-10 03:15:00,Long,2291.48,2295.78,0.32,2285.25,Opposite Signal,137.6,11643.89
373,2024-06-10 03:15:00,2024-06-10 05:00:00,Short,2295.78,2300.63,0.41,2300.63,Stop Loss,-198.97,11444.91
374,2024-06-10 05:00:00,2024-06-10 05:45:00,Long,2299.76,2296.26,0.44,2295.3,Opposite Signal,-154.0,11290.91
375,2024-06-10 05:45:00,2024-06-10 08:30:00,Short,2296.26,2296.97,0.48,2300.4,Opposite Signal,-34.08,11256.83
376,2024-06-10 08:30:00,2024-06-10 09:00:00,Long,2296.97,2293.4,0.55,2293.4,Stop Loss,-196.56,11060.28
377,2024-06-10 09:15:00,2024-06-10 10:15:00,Short,2290.55,2294.56,0.49,2294.56,Stop Loss,-196.69,10863.59
378,2024-06-10 10:15:00,2024-06-10 11:45:00,Long,2295.49,2292.68,0.39,2290.39,Opposite Signal,-109.59,10754.0
379,2024-06-10 11:45:00,2024-06-10 12:15:00,Short,2292.68,2296.29,0.42,2297.34,Opposite Signal,-151.62,10602.38
380,2024-06-10 12:15:00,2024-06-10 15:00:00,Long (Partial 50%),2296.29,2305.37,0.22,2296.29,Partial TP 1:2,199.8,10802.18
380,2024-06-10 12:15:00,2024-06-10 16:15:00,Long,2296.29,2304.05,0.22,2304.05,Stop Loss,170.65,10972.82
381,2024-06-10 16:15:00,2024-06-10 18:30:00,Short,2303.92,2308.49,0.43,2308.49,Stop Loss,-196.47,10776.35
382,2024-06-10 18:30:00,2024-06-10 22:45:00,Long,2308.54,2308.76,0.36,2303.03,Opposite Signal,7.92,10784.27
383,2024-06-10 22:45:00,2024-06-11 01:00:00,Short,2308.76,2311.44,0.58,2312.2,Opposite Signal,-155.44,10628.83
384,2024-06-11 01:00:00,2024-06-11 03:00:00,Long,2311.44,2309.41,0.7,2308.59,Opposite Signal,-142.1,10486.73
385,2024-06-11 03:00:00,2024-06-11 03:30:00,Short,2309.41,2310.66,0.98,2311.45,Opposite Signal,-122.5,10364.23
386,2024-06-11 03:30:00,2024-06-11 04:00:00,Long,2310.66,2308.6,0.97,2308.6,Stop Loss,-199.37,10164.86
387,2024-06-11 04:00:00,2024-06-11 04:15:00,Short,2306.25,2309.22,0.67,2309.22,Stop Loss,-199.02,9965.84
388,2024-06-11 04:15:00,2024-06-11 04:30:00,Long,2308.93,2306.69,0.61,2305.67,Opposite Signal,-136.64,9829.2
389,2024-06-11 04:30:00,2024-06-11 05:00:00,Short (Partial 50%),2306.69,2299.96,0.29,2306.69,Partial TP 1:2,195.15,10024.35
389,2024-06-11 04:30:00,2024-06-11 05:15:00,Short,2306.69,2302.65,0.3,2305.51,Opposite Signal,121.2,10145.55
390,2024-06-11 05:15:00,2024-06-11 08:15:00,Long,2302.65,2301.0,0.46,2298.36,Opposite Signal,-75.9,10069.65
391,2024-06-11 08:15:00,2024-06-11 09:15:00,Short,2301.0,2303.45,0.61,2304.25,Opposite Signal,-149.45,9920.2
392,2024-06-11 09:15:00,2024-06-11 12:15:00,Long,2303.45,2302.55,0.56,2299.93,Opposite Signal,-50.4,9869.8
393,2024-06-11 12:15:00,2024-06-11 12:45:00,Short,2302.55,2306.21,0.54,2306.21,Stop Loss,-197.57,9672.23
394,2024-06-11 12:45:00,2024-06-11 15:15:00,Long (Partial 50%),2306.43,2314.31,0.25,2306.43,Partial TP 1:2,196.99,9869.22
394,2024-06-11 12:45:00,2024-06-11 16:00:00,Long,2306.43,2315.52,0.25,2315.52,Stop Loss,227.16,10096.38
395,2024-06-11 16:00:00,2024-06-11 20:30:00,Short,2314.83,2311.01,0.4,2319.75,Opposite Signal,152.8,10249.18
396,2024-06-11 20:30:00,2024-06-12 02:30:00,Long,2311.01,2314.08,0.43,2306.42,Opposite Signal,132.01,10381.19
397,2024-06-12 02:30:00,2024-06-12 04:45:00,Short,2314.08,2314.39,0.77,2316.67,Opposite Signal,-23.87,10357.32
398,2024-06-12 04:45:00,2024-06-12 05:30:00,Long,2314.39,2311.35,0.65,2311.35,Stop Loss,-197.87,10159.45
399,2024-06-12 05:30:00,2024-06-12 06:00:00,Short,2312.42,2314.91,0.56,2315.95,Opposite Signal,-139.44,10020.01
400,2024-06-12 06:00:00,2024-06-12 07:45:00,Long,2314.91,2312.75,0.58,2311.48,Opposite Signal,-125.28,9894.73
401,2024-06-12 07:45:00,2024-06-12 08:45:00,Short,2312.75,2315.0,0.73,2315.46,Opposite Signal,-164.25,9730.48
402,2024-06-12 08:45:00,2024-06-12 09:45:00,Long,2315.0,2314.81,0.79,2312.47,Opposite Signal,-15.01,9715.47
403,2024-06-12 09:45:00,2024-06-12 10:45:00,Short,2314.81,2314.52,0.67,2317.77,Opposite Signal,19.43,9734.9
404,2024-06-12 10:45:00,2024-06-12 11:30:00,Long,2314.52,2311.57,0.67,2311.57,Stop Loss,-197.91,9536.99
405,2024-06-12 11:30:00,2024-06-12 12:00:00,Short,2311.46,2314.41,0.67,2314.41,Stop Loss,-197.94,9339.05
406,2024-06-12 12:00:00,2024-06-12 15:30:00,Long (Partial 50%),2314.45,2320.73,0.31,2314.45,Partial TP 1:2,194.76,9533.82
406,2024-06-12 12:00:00,2024-06-12 16:15:00,Long,2314.45,2336.63,0.32,2336.63,Stop Loss,709.64,10243.46
407,2024-06-12 16:30:00,2024-06-12 18:15:00,Short,2328.42,2329.93,0.25,2336.19,Opposite Signal,-37.75,10205.71
408,2024-06-12 18:15:00,2024-06-12 21:00:00,Long,2329.93,2322.37,0.26,2322.37,Stop Loss,-196.46,10009.25
409,2024-06-12 21:00:00,2024-06-12 23:00:00,Short,2325.85,2322.83,0.27,2333.17,Opposite Signal,81.54,10090.79
410,2024-06-12 23:00:00,2024-06-13 03:00:00,Long,2322.83,2318.59,0.27,2315.54,Opposite Signal,-114.48,9976.31
411,2024-06-13 03:00:00,2024-06-13 03:15:00,Short,2318.59,2321.53,0.52,2322.43,Opposite Signal,-152.88,9823.43
412,2024-06-13 03:15:00,2024-06-13 04:00:00,Long,2321.53,2317.61,0.5,2317.61,Stop Loss,-196.16,9627.26
413,2024-06-13 04:00:00,2024-06-13 05:15:00,Short,2315.64,2315.73,0.42,2320.39,Opposite Signal,-3.78,9623.48
414,2024-06-13 05:15:00,2024-06-13 05:30:00,Long,2315.73,2310.86,0.41,2310.86,Stop Loss,-199.56,9423.93
415,2024-06-13 05:30:00,2024-06-13 09:15:00,Short,2312.33,2313.07,0.38,2317.51,Opposite Signal,-28.12,9395.81
416,2024-06-13 09:15:00,2024-06-13 12:30:00,Long,2313.07,2315.18,0.49,2309.06,Opposite Signal,103.39,9499.2
417,2024-06-13 12:30:00,2024-06-13 13:00:00,Short,2315.18,2317.59,0.55,2318.77,Opposite Signal,-132.55,9366.65
418,2024-06-13 13:00:00,2024-06-13 13:45:00,Long,2317.59,2316.36,0.54,2313.9,Opposite Signal,-66.42,9300.23
419,2024-06-13 13:45:00,2024-06-13 14:30:00,Short (Partial 50%),2316.36,2309.04,0.27,2316.36,Partial TP 1:2,197.72,9497.94
419,2024-06-13 13:45:00,2024-06-13 15:30:00,Short,2316.36,2309.84,0.27,2309.84,Stop Loss,176.13,9674.07
420,2024-06-13 15:30:00,2024-06-13 16:45:00,Long,2318.76,2311.31,0.26,2311.31,Stop Loss,-193.68,9480.39
421,2024-06-13 16:45:00,2024-06-13 17:45:00,Short,2310.73,2313.58,0.21,2319.9,Opposite Signal,-59.85,9420.54
422,2024-06-13 17:45:00,2024-06-13 18:30:00,Long,2313.58,2305.92,0.22,2304.62,Opposite Signal,-168.52,9252.02
423,2024-06-13 18:30:00,2024-06-13 20:00:00,Short,2305.92,2303.12,0.22,2314.88,Opposite Signal,61.6,9313.62
424,2024-06-13 20:00:00,2024-06-14 03:00:00,Long,2303.12,2301.62,0.25,2295.38,Opposite Signal,-37.5,9276.12
425,2024-06-14 03:00:00,2024-06-14 03:15:00,Short,2301.62,2303.73,0.94,2303.73,Stop Loss,-198.22,9077.91
426,2024-06-14 03:15:00,2024-06-14 04:15:00,Long,2303.42,2303.2,0.89,2301.2,Opposite Signal,-19.58,9058.33
427,2024-06-14 04:15:00,2024-06-14 04:45:00,Short,2303.2,2305.93,0.73,2305.93,Stop Loss,-199.57,8858.76
428,2024-06-14 04:45:00,2024-06-14 06:30:00,Long,2306.01,2305.07,0.69,2303.14,Opposite Signal,-64.86,8793.9
429,2024-06-14 06:30:00,2024-06-14 07:45:00,Short,2305.07,2305.87,0.66,2308.06,Opposite Signal,-52.8,8741.1
430,2024-06-14 07:45:00,2024-06-14 08:45:00,Long (Partial 50%),2305.87,2311.44,0.35,2305.87,Partial TP 1:2,195.02,8936.12
430,2024-06-14 07:45:00,2024-06-14 10:00:00,Long,2305.87,2310.39,0.36,2310.39,Stop Loss,162.74,9098.86
431,2024-06-14 11:30:00,2024-06-14 12:30:00,Short,2316.71,2319.86,0.44,2321.19,Opposite Signal,-138.6,8960.26
432,2024-06-14 12:30:00,2024-06-14 13:15:00,Long (Partial 50%),2319.86,2328.35,0.23,2319.86,Partial TP 1:2,195.22,9155.48
432,2024-06-14 12:30:00,2024-06-14 14:00:00,Long,2319.86,2327.23,0.23,2327.23,Stop Loss,169.43,9324.9
433,2024-06-14 15:00:00,2024-06-14 17:15:00,Short,2330.59,2332.71,0.34,2336.42,Opposite Signal,-72.08,9252.82
434,2024-06-14 17:15:00,2024-06-14 18:15:00,Long,2332.71,2327.44,0.28,2325.61,Opposite Signal,-147.56,9105.26
435,2024-06-14 18:15:00,2024-06-14 19:00:00,Short,2327.44,2330.82,0.28,2334.49,Opposite Signal,-94.64,9010.62
436,2024-06-14 19:00:00,2024-06-14 23:00:00,Long,2330.82,2331.46,0.29,2324.01,Opposite Signal,18.56,9029.18
437,2024-06-14 23:00:00,2024-06-17 04:00:00,Short (Partial 50%),2331.46,2324.06,0.27,2331.46,Partial TP 1:2,199.84,9229.03
437,2024-06-14 23:00:00,2024-06-17 06:45:00,Short,2331.46,2324.13,0.27,2324.13,Stop Loss,197.9,9426.93
438,2024-06-17 06:45:00,2024-06-17 08:00:00,Long,2324.36,2321.09,0.61,2321.09,Stop Loss,-199.5,9227.43
439,2024-06-17 08:00:00,2024-06-17 10:15:00,Short,2321.68,2319.53,0.62,2324.9,Opposite Signal,133.3,9360.73
440,2024-06-17 10:15:00,2024-06-17 10:30:00,Long,2319.53,2315.99,0.56,2315.99,Stop Loss,-198.34,9162.39
441,2024-06-17 10:30:00,2024-06-17 11:00:00,Short,2316.22,2319.84,0.52,2320.05,Opposite Signal,-188.24,8974.15
442,2024-06-17 11:00:00,2024-06-17 14:30:00,Long,2319.84,2319.68,0.48,2315.71,Opposite Signal,-7.68,8966.47
443,2024-06-17 14:30:00,2024-06-17 16:00:00,Short,2319.68,2323.18,0.57,2323.18,Stop Loss,-199.72,8766.74
444,2024-06-17 16:00:00,2024-06-17 16:30:00,Long,2324.12,2319.79,0.46,2319.79,Stop Loss,-199.16,8567.59
445,2024-06-17 16:30:00,2024-06-17 17:15:00,Short,2319.77,2324.63,0.41,2324.63,Stop Loss,-199.06,8368.53
446,2024-06-17 17:15:00,2024-06-17 18:15:00,Long,2326.13,2320.74,0.37,2320.74,Stop Loss,-199.52,8169.01
447,2024-06-17 18:15:00,2024-06-17 19:45:00,Short,2319.58,2316.92,0.38,2324.8,Opposite Signal,101.08,8270.09
448,2024-06-17 19:45:00,2024-06-18 04:00:00,Long,2316.92,2321.78,0.39,2311.83,Opposite Signal,189.54,8459.63
449,2024-06-18 04:00:00,2024-06-18 05:30:00,Short,2321.78,2324.62,0.7,2324.62,Stop Loss,-199.07,8260.55
450,2024-06-18 05:30:00,2024-06-18 07:30:00,Long,2324.89,2322.72,0.62,2321.71,Opposite Signal,-134.54,8126.01
451,2024-06-18 07:30:00,2024-06-18 08:45:00,Short,2322.72,2322.17,0.75,2325.35,Opposite Signal,41.25,8167.26
452,2024-06-18 08:45:00,2024-06-18 09:00:00,Long,2322.17,2320.08,0.67,2319.21,Opposite Signal,-140.03,8027.23
453,2024-06-18 09:00:00,2024-06-18 11:00:00,Short (Partial 50%),2320.08,2313.9,0.32,2320.08,Partial TP 1:2,197.76,8224.99
453,2024-06-18 09:00:00,2024-06-18 12:00:00,Short,2320.08,2313.43,0.32,2313.43,Stop Loss,212.94,8437.94
454,2024-06-18 12:00:00,2024-06-18 12:45:00,Long,2313.6,2311.09,0.58,2310.19,Opposite Signal,-145.58,8292.36
455,2024-06-18 12:45:00,2024-06-18 14:15:00,Short,2311.09,2311.28,0.63,2314.22,Opposite Signal,-11.97,8280.39
456,2024-06-18 14:15:00,2024-06-18 15:30:00,Long (Partial 50%),2311.28,2318.54,0.27,2311.28,Partial TP 1:2,196.03,8476.42
456,2024-06-18 14:15:00,2024-06-18 15:45:00,Long,2311.28,2313.91,0.28,2311.28,Opposite Signal,73.64,8550.06
457,2024-06-18 15:45:00,2024-06-18 16:00:00,Short,2313.91,2320.06,0.32,2320.06,Stop Loss,-196.83,8353.22
458,2024-06-18 16:00:00,2024-06-18 20:15:00,Long (Partial 50%),2319.01,2332.09,0.15,2319.01,Partial TP 1:2,196.27,8549.5
458,2024-06-18 16:00:00,2024-06-19 01:30:00,Long,2319.01,2328.19,0.15,2328.19,Stop Loss,137.76,8687.25
459,2024-06-19 03:15:00,2024-06-19 04:30:00,Short,2328.1,2329.64,0.9,2330.31,Opposite Signal,-138.6,8548.65
460,2024-06-19 04:30:00,2024-06-19 06:15:00,Long,2329.64,2329.54,0.77,2327.06,Opposite Signal,-7.7,8540.95
461,2024-06-19 06:15:00,2024-06-19 08:45:00,Short,2329.54,2329.29,0.82,2331.97,Opposite Signal,20.5,8561.45
462,2024-06-19 08:45:00,2024-06-19 11:00:00,Long (Partial 50%),2329.29,2333.24,0.5,2329.29,Partial TP 1:2,197.4,8758.85
462,2024-06-19 08:45:00,2024-06-19 11:30:00,Long,2329.29,2332.81,0.51,2332.19,Opposite Signal,179.52,8938.37
463,2024-06-19 11:30:00,2024-06-19 12:30:00,Short (Partial 50%),2332.81,2327.76,0.39,2332.81,Partial TP 1:2,196.97,9135.34
463,2024-06-19 11:30:00,2024-06-19 13:15:00,Short,2332.81,2329.87,0.4,2329.87,Stop Loss,117.51,9252.85
464,2024-06-19 14:15:00,2024-06-19 15:15:00,Long,2328.78,2327.21,0.73,2326.06,Opposite Signal,-114.61,9138.24
465,2024-06-19 15:15:00,2024-06-19 16:15:00,Short,2327.21,2330.52,0.6,2330.52,Stop Loss,-198.39,8939.85
466,2024-06-19 16:15:00,2024-06-19 17:00:00,Long,2329.74,2326.14,0.55,2326.14,Stop Loss,-197.98,8741.87
467,2024-06-19 17:00:00,2024-06-19 18:45:00,Short,2326.56,2329.84,0.51,2330.46,Opposite Signal,-167.28,8574.59
468,2024-06-19 18:45:00,2024-06-20 03:15:00,Long,2329.84,2328.15,0.58,2326.4,Opposite Signal,-98.02,8476.57
469,2024-06-20 03:15:00,2024-06-20 03:45:00,Short,2328.15,2329.73,1.09,2329.98,Opposite Signal,-172.22,8304.35
470,2024-06-20 03:45:00,2024-06-20 04:00:00,Long (Partial 50%),2329.73,2333.51,0.52,2329.73,Partial TP 1:2,196.82,8501.17
470,2024-06-20 03:45:00,2024-06-20 04:15:00,Long,2329.73,2332.26,0.53,2330.45,Opposite Signal,134.09,8635.26
471,2024-06-20 04:15:00,2024-06-20 04:30:00,Short,2332.26,2334.97,0.73,2334.97,Stop Loss,-197.86,8437.4
472,2024-06-20 04:30:00,2024-06-20 05:30:00,Long,2337.41,2333.96,0.57,2333.96,Stop Loss,-196.59,8240.82
473,2024-06-20 05:30:00,2024-06-20 07:15:00,Short,2333.65,2337.08,0.58,2337.08,Stop Loss,-198.69,8042.13
474,2024-06-20 07:15:00,2024-06-20 08:30:00,Long (Partial 50%),2338.39,2344.51,0.32,2338.39,Partial TP 1:2,195.88,8238.01
474,2024-06-20 07:15:00,2024-06-20 08:45:00,Long,2338.39,2340.22,0.33,2338.39,Opposite Signal,60.39,8298.4
475,2024-06-20 08:45:00,2024-06-20 09:15:00,Short,2340.22,2343.54,0.6,2343.54,Stop Loss,-199.18,8099.22
476,2024-06-20 09:15:00,2024-06-20 10:30:00,Long,2344.4,2341.11,0.56,2340.88,Opposite Signal,-184.24,7914.98
477,2024-06-20 10:30:00,2024-06-20 11:15:00,Short (Partial 50%),2341.11,2333.58,0.26,2341.11,Partial TP 1:2,195.78,8110.76
477,2024-06-20 10:30:00,2024-06-20 12:30:00,Short,2341.11,2334.78,0.27,2334.78,Stop Loss,170.98,8281.74
478,2024-06-20 12:30:00,2024-06-20 15:00:00,Long,2334.99,2337.82,0.53,2331.22,Opposite Signal,149.99,8431.73
479,2024-06-20 15:00:00,2024-06-20 15:15:00,Short,2337.82,2341.41,0.55,2341.41,Stop Loss,-197.21,8234.52
480,2024-06-20 15:15:00,2024-06-20 15:30:00,Long,2340.22,2336.32,0.51,2336.32,Stop Loss,-198.7,8035.81
481,2024-06-20 18:00:00,2024-06-20 20:45:00,Short,2357.58,2357.44,0.24,2365.59,Opposite Signal,3.36,8039.17
482,2024-06-20 20:45:00,2024-06-21 04:00:00,Long,2357.44,2361.2,0.35,2351.87,Opposite Signal,131.6,8170.77
483,2024-06-21 04:00:00,2024-06-21 06:30:00,Short,2361.2,2361.13,0.68,2364.13,Opposite Signal,4.76,8175.53
484,2024-06-21 06:30:00,2024-06-21 09:15:00,Long,2361.13,2361.56,0.74,2358.45,Opposite Signal,31.82,8207.35
485,2024-06-21 09:15:00,2024-06-21 10:15:00,Short (Partial 50%),2361.56,2356.17,0.37,2361.56,Partial TP 1:2,199.5,8406.86
485,2024-06-21 09:15:00,2024-06-21 10:30:00,Short,2361.56,2360.64,0.37,2361.56,Opposite Signal,34.04,8440.9
486,2024-06-21 10:30:00,2024-06-21 11:15:00,Long (Partial 50%),2360.64,2367.43,0.28,2360.64,Partial TP 1:2,190.14,8631.03
486,2024-06-21 10:30:00,2024-06-21 12:15:00,Long,2360.64,2364.18,0.29,2364.01,Opposite Signal,102.66,8733.69
487,2024-06-21 12:15:00,2024-06-21 14:00:00,Short,2364.18,2365.47,0.5,2368.1,Opposite Signal,-64.5,8669.19
488,2024-06-21 14:00:00,2024-06-21 15:45:00,Long,2365.47,2362.07,0.58,2362.07,Stop Loss,-197.45,8471.75
489,2024-06-21 15:45:00,2024-06-21 16:00:00,Short,2360.71,2363.63,0.5,2364.63,Opposite Signal,-146.0,8325.75
490,2024-06-21 16:00:00,2024-06-21 16:15:00,Long,2363.63,2359.42,0.47,2359.42,Stop Loss,-198.02,8127.73
491,2024-06-21 16:15:00,2024-06-21 16:45:00,Short (Partial 50%),2355.27,2344.69,0.18,2355.27,Partial TP 1:2,190.51,8318.24
491,2024-06-21 16:15:00,2024-06-21 21:30:00,Short,2355.27,2322.43,0.19,2322.43,Stop Loss,623.94,8942.17
492,2024-06-24 03:30:00,2024-06-24 05:00:00,Long,2321.04,2320.51,0.64,2317.94,Opposite Signal,-33.92,8908.25
493,2024-06-24 05:00:00,2024-06-24 05:30:00,Short,2320.51,2324.4,0.51,2324.4,Stop Loss,-198.43,8709.82
494,2024-06-24 05:30:00,2024-06-24 08:30:00,Long,2324.68,2324.21,0.5,2320.75,Opposite Signal,-23.5,8686.32
495,2024-06-24 08:30:00,2024-06-24 10:15:00,Short,2324.21,2327.03,0.7,2327.03,Stop Loss,-197.41,8488.91
496,2024-06-24 10:15:00,2024-06-24 12:00:00,Long,2327.54,2328.72,0.58,2324.12,Opposite Signal,68.44,8557.35
497,2024-06-24 12:00:00,2024-06-24 16:00:00,Short,2328.72,2328.17,0.49,2332.74,Opposite Signal,26.95,8584.3
498,2024-06-24 16:00:00,2024-06-24 16:45:00,Long,2328.17,2328.08,0.5,2324.23,Opposite Signal,-4.5,8579.8
499,2024-06-24 16:45:00,2024-06-24 17:30:00,Short,2328.08,2332.75,0.42,2332.75,Stop Loss,-196.03,8383.77
500,2024-06-24 17:30:00,2024-06-24 18:30:00,Long,2333.17,2329.6,0.39,2328.16,Opposite Signal,-139.23,8244.54
501,2024-06-24 18:30:00,2024-06-24 19:30:00,Short,2329.6,2331.17,0.41,2334.45,Opposite Signal,-64.37,8180.17
502,2024-06-24 19:30:00,2024-06-24 22:45:00,Long,2331.17,2331.66,0.46,2326.83,Opposite Signal,22.54,8202.71
503,2024-06-24 22:45:00,2024-06-25 01:00:00,Short,2331.66,2333.81,0.66,2334.65,Opposite Signal,-141.9,8060.81
504,2024-06-25 01:00:00,2024-06-25 01:45:00,Long,2333.81,2331.73,0.81,2331.35,Opposite Signal,-168.48,7892.33
505,2024-06-25 01:45:00,2024-06-25 04:15:00,Short (Partial 50%),2331.73,2327.39,0.46,2331.73,Partial TP 1:2,199.75,8092.08
505,2024-06-25 01:45:00,2024-06-25 05:00:00,Short,2331.73,2326.55,0.46,2326.55,Stop Loss,238.1,8330.18
506,2024-06-25 06:00:00,2024-06-25 06:45:00,Long,2327.9,2325.05,0.7,2325.05,Stop Loss,-199.39,8130.79
507,2024-06-25 06:45:00,2024-06-25 07:15:00,Short,2324.11,2326.29,0.69,2327.0,Opposite Signal,-150.42,7980.37
508,2024-06-25 07:15:00,2024-06-25 08:30:00,Long,2326.29,2325.98,0.66,2323.29,Opposite Signal,-20.46,7959.91
509,2024-06-25 08:30:00,2024-06-25 09:45:00,Short,2325.98,2327.19,0.63,2329.15,Opposite Signal,-76.23,7883.68
510,2024-06-25 09:45:00,2024-06-25 10:30:00,Long,2327.19,2324.05,0.63,2324.05,Stop Loss,-198.1,7685.58
511,2024-06-25 10:30:00,2024-06-25 11:45:00,Short,2324.62,2327.85,0.61,2327.85,Stop Loss,-197.17,7488.41
512,2024-06-25 11:45:00,2024-06-25 14:00:00,Long,2329.67,2332.95,0.52,2325.88,Opposite Signal,170.56,7658.97
513,2024-06-25 14:00:00,2024-06-25 15:30:00,Short (Partial 50%),2332.95,2325.84,0.28,2332.95,Partial TP 1:2,199.01,7857.99
513,2024-06-25 14:00:00,2024-06-25 16:15:00,Short,2332.95,2326.95,0.28,2326.95,Stop Loss,167.98,8025.96
514,2024-06-25 16:45:00,2024-06-25 17:00:00,Long,2325.6,2320.36,0.38,2320.36,Stop Loss,-199.29,7826.67
515,2024-06-25 18:15:00,2024-06-25 18:45:00,Short,2321.03,2324.78,0.33,2326.94,Opposite Signal,-123.75,7702.92
516,2024-06-25 18:45:00,2024-06-25 19:15:00,Long,2324.78,2318.71,0.31,2318.48,Opposite Signal,-188.17,7514.75
517,2024-06-25 19:15:00,2024-06-26 01:15:00,Short,2318.71,2320.99,0.32,2324.87,Opposite Signal,-72.96,7441.79
518,2024-06-26 01:15:00,2024-06-26 02:15:00,Long,2320.99,2319.08,0.73,2318.26,Opposite Signal,-139.43,7302.36
519,2024-06-26 02:15:00,2024-06-26 03:00:00,Short,2319.08,2321.61,0.75,2321.73,Opposite Signal,-189.75,7112.61
520,2024-06-26 03:00:00,2024-06-26 03:30:00,Long,2321.61,2318.95,0.75,2318.95,Stop Loss,-199.32,6913.29
521,2024-06-26 03:30:00,2024-06-26 04:30:00,Short (Partial 50%),2319.09,2313.01,0.32,2319.09,Partial TP 1:2,194.4,7107.69
521,2024-06-26 03:30:00,2024-06-26 05:15:00,Short,2319.09,2315.87,0.33,2315.87,Stop Loss,106.15,7213.84
522,2024-06-26 05:15:00,2024-06-26 06:45:00,Long,2321.31,2317.21,0.39,2316.3,Opposite Signal,-159.9,7053.94
523,2024-06-26 06:45:00,2024-06-26 09:30:00,Short,2317.21,2315.23,0.47,2321.44,Opposite Signal,93.06,7147.0
524,2024-06-26 09:30:00,2024-06-26 10:00:00,Long,2315.23,2314.21,0.49,2311.18,Opposite Signal,-49.98,7097.02
525,2024-06-26 10:00:00,2024-06-26 11:15:00,Short,2314.21,2317.2,0.48,2318.34,Opposite Signal,-143.52,6953.5
526,2024-06-26 11:15:00,2024-06-26 13:00:00,Long,2317.2,2313.52,0.44,2312.72,Opposite Signal,-161.92,6791.58
527,2024-06-26 13:00:00,2024-06-26 14:00:00,Short (Partial 50%),2313.52,2305.87,0.26,2313.52,Partial TP 1:2,199.0,6990.57
527,2024-06-26 13:00:00,2024-06-26 14:30:00,Short,2313.52,2307.52,0.26,2307.52,Stop Loss,155.88,7146.46
528,2024-06-26 14:30:00,2024-06-26 15:45:00,Long,2311.38,2310.13,0.39,2306.33,Opposite Signal,-48.75,7097.71
529,2024-06-26 15:45:00,2024-06-26 16:15:00,Short (Partial 50%),2310.13,2299.43,0.18,2310.13,Partial TP 1:2,192.51,7290.22
529,2024-06-26 15:45:00,2024-06-26 17:00:00,Short,2310.13,2299.75,0.19,2299.75,Stop Loss,197.18,7487.4
530,2024-06-26 18:00:00,2024-06-26 22:00:00,Long,2301.66,2297.66,0.27,2294.47,Opposite Signal,-108.0,7379.4
531,2024-06-26 22:00:00,2024-06-27 03:00:00,Short,2297.66,2299.67,0.52,2301.45,Opposite Signal,-104.52,7274.88
532,2024-06-27 03:00:00,2024-06-27 04:30:00,Long,2299.67,2297.71,1.01,2297.71,Stop Loss,-198.37,7076.51
533,2024-06-27 04:30:00,2024-06-27 05:00:00,Short,2296.94,2298.53,0.84,2299.31,Opposite Signal,-133.56,6942.95
534,2024-06-27 05:00:00,2024-06-27 08:15:00,Long,2298.53,2298.59,0.87,2296.24,Opposite Signal,5.22,6948.17
535,2024-06-27 08:15:00,2024-06-27 09:15:00,Short,2298.59,2300.57,1.0,2300.57,Stop Loss,-198.08,6750.09
536,2024-06-27 09:15:00,2024-06-27 11:45:00,Long (Partial 50%),2301.59,2307.13,0.36,2301.59,Partial TP 1:2,199.36,6949.44
536,2024-06-27 09:15:00,2024-06-27 15:15:00,Long,2301.59,2316.84,0.36,2316.84,Stop Loss,549.15,7498.59
537,2024-06-27 15:15:00,2024-06-27 15:30:00,Short,2316.71,2320.61,0.51,2320.61,Stop Loss,-199.15,7299.45
538,2024-06-27 15:30:00,2024-06-27 19:15:00,Long,2322.96,2325.16,0.4,2318.01,Opposite Signal,88.0,7387.45
539,2024-06-27 19:15:00,2024-06-27 21:45:00,Short,2325.16,2326.28,0.36,2330.69,Opposite Signal,-40.32,7347.13
540,2024-06-27 21:45:00,2024-06-28 03:15:00,Long,2326.28,2325.09,0.49,2322.27,Opposite Signal,-58.31,7288.82
541,2024-06-28 03:15:00,2024-06-28 04:00:00,Short (Partial 50%),2325.09,2320.79,0.46,2325.09,Partial TP 1:2,197.75,7486.57
541,2024-06-28 03:15:00,2024-06-28 05:15:00,Short,2325.09,2322.41,0.47,2322.41,Stop Loss,125.93,7612.5
542,2024-06-28 05:15:00,2024-06-28 06:30:00,Long,2322.21,2321.35,0.63,2319.06,Opposite Signal,-54.18,7558.32
543,2024-06-28 06:30:00,2024-06-28 08:00:00,Short,2321.35,2322.24,0.62,2324.55,Opposite Signal,-55.18,7503.14
544,2024-06-28 08:00:00,2024-06-28 09:15:00,Long (Partial 50%),2322.24,2327.33,0.39,2322.24,Partial TP 1:2,198.63,7701.77
544,2024-06-28 08:00:00,2024-06-28 10:30:00,Long,2322.24,2325.56,0.39,2325.56,Stop Loss,129.6,7831.36
545,2024-06-28 12:15:00,2024-06-28 12:45:00,Short,2327.52,2330.33,0.61,2330.77,Opposite Signal,-171.41,7659.95
546,2024-06-28 12:45:00,2024-06-28 13:30:00,Long (Partial 50%),2330.33,2336.53,0.32,2330.33,Partial TP 1:2,198.46,7858.42
546,2024-06-28 12:45:00,2024-06-28 14:45:00,Long,2330.33,2333.59,0.32,2333.59,Stop Loss,104.29,7962.71
547,2024-06-28 15:15:00,2024-06-28 15:30:00,Short,2333.31,2336.53,0.62,2336.53,Stop Loss,-199.93,7762.77
548,2024-06-28 15:30:00,2024-06-28 16:15:00,Long,2336.35,2332.25,0.48,2332.25,Stop Loss,-196.98,7565.79
549,2024-06-28 16:15:00,2024-06-28 19:00:00,Short,2331.55,2330.21,0.39,2336.67,Opposite Signal,52.26,7618.05
550,2024-06-28 19:00:00,2024-06-28 20:30:00,Long,2330.21,2327.62,0.36,2324.76,Opposite Signal,-93.24,7524.81
551,2024-06-28 20:30:00,2024-07-01 03:30:00,Short,2327.62,2324.44,0.4,2332.6,Opposite Signal,127.2,7652.01
552,2024-07-01 03:30:00,2024-07-01 06:30:00,Long,2324.44,2324.78,0.7,2321.59,Opposite Signal,23.8,7675.81
553,2024-07-01 06:30:00,2024-07-01 08:30:00,Short (Partial 50%),2324.78,2319.24,0.36,2324.78,Partial TP 1:2,199.33,7875.14
553,2024-07-01 06:30:00,2024-07-01 08:45:00,Short,2324.78,2321.87,0.36,2323.96,Opposite Signal,104.76,7979.9
554,2024-07-01 08:45:00,2024-07-01 09:30:00,Long (Partial 50%),2321.87,2328.14,0.31,2321.87,Partial TP 1:2,194.37,8174.27
554,2024-07-01 08:45:00,2024-07-01 10:15:00,Long,2321.87,2324.06,0.32,2324.06,Stop Loss,70.23,8244.5
555,2024-07-01 10:15:00,2024-07-01 11:45:00,Short,2324.73,2325.85,0.54,2328.43,Opposite Signal,-60.48,8184.02
556,2024-07-01 11:45:00,2024-07-01 14:00:00,Long (Partial 50%),2325.85,2333.29,0.26,2325.85,Partial TP 1:2,193.42,8377.44
556,2024-07-01 11:45:00,2024-07-01 15:00:00,Long,2325.85,2335.72,0.27,2335.72,Stop Loss,266.44,8643.88
557,2024-07-01 15:15:00,2024-07-01 16:15:00,Short (Partial 50%),2334.51,2326.91,0.26,2334.51,Partial TP 1:2,197.55,8841.44
557,2024-07-01 15:15:00,2024-07-01 16:30:00,Short,2334.51,2332.68,0.26,2334.51,Opposite Signal,47.58,8889.02
558,2024-07-01 16:30:00,2024-07-01 16:45:00,Long,2332.68,2327.7,0.4,2327.7,Stop Loss,-199.16,8689.86
559,2024-07-01 16:45:00,2024-07-01 17:00:00,Short,2326.74,2332.48,0.34,2332.48,Stop Loss,-194.99,8494.87
560,2024-07-01 18:00:00,2024-07-02 03:30:00,Long,2328.22,2331.9,0.28,2321.25,Opposite Signal,103.04,8597.91
561,2024-07-02 03:30:00,2024-07-02 04:45:00,Short,2331.9,2333.92,0.99,2333.92,Stop Loss,-199.58,8398.33
562,2024-07-02 04:45:00,2024-07-02 05:15:00,Long,2334.13,2332.33,0.86,2331.83,Opposite Signal,-154.8,8243.53
563,2024-07-02 05:15:00,2024-07-02 06:30:00,Short (Partial 50%),2332.33,2327.93,0.45,2332.33,Partial TP 1:2,198.16,8441.7
563,2024-07-02 05:15:00,2024-07-02 07:30:00,Short,2332.33,2326.92,0.45,2326.92,Stop Loss,243.36,8685.06
564,2024-07-02 07:30:00,2024-07-02 10:00:00,Long,2327.3,2326.41,0.75,2324.65,Opposite Signal,-66.75,8618.31
565,2024-07-02 10:00:00,2024-07-02 10:30:00,Short,2326.41,2327.23,0.66,2329.43,Opposite Signal,-54.12,8564.19
566,2024-07-02 10:30:00,2024-07-02 11:30:00,Long,2327.23,2328.66,0.58,2323.8,Opposite Signal,82.94,8647.13
567,2024-07-02 11:30:00,2024-07-02 11:45:00,Short,2328.66,2332.19,0.56,2332.19,Stop Loss,-197.71,8449.42
568,2024-07-02 11:45:00,2024-07-02 12:30:00,Long,2331.16,2327.41,0.53,2327.41,Stop Loss,-198.94,8250.48
569,2024-07-02 12:30:00,2024-07-02 15:30:00,Short,2326.62,2325.79,0.52,2330.42,Opposite Signal,43.16,8293.64
570,2024-07-02 15:30:00,2024-07-02 16:45:00,Long (Partial 50%),2325.79,2334.61,0.22,2325.79,Partial TP 1:2,194.15,8487.78
570,2024-07-02 15:30:00,2024-07-02 17:00:00,Long,2325.79,2325.79,0.23,2325.79,Stop Loss,0.0,8487.78
571,2024-07-02 17:00:00,2024-07-02 18:00:00,Short,2326.89,2329.2,0.3,2333.38,Opposite Signal,-69.3,8418.48
572,2024-07-02 18:00:00,2024-07-02 18:30:00,Long,2329.2,2324.43,0.3,2322.71,Opposite Signal,-143.1,8275.38
573,2024-07-02 18:30:00,2024-07-02 21:00:00,Short,2324.43,2326.51,0.31,2330.78,Opposite Signal,-64.48,8210.9
574,2024-07-02 21:00:00,2024-07-03 03:45:00,Long,2326.51,2330.23,0.43,2321.94,Opposite Signal,159.96,8370.86
575,2024-07-03 03:45:00,2024-07-03 06:30:00,Short,2330.23,2330.52,1.05,2332.12,Opposite Signal,-30.45,8340.41
576,2024-07-03 06:30:00,2024-07-03 08:00:00,Long (Partial 50%),2330.52,2335.37,0.41,2330.52,Partial TP 1:2,198.67,8539.08
576,2024-07-03 06:30:00,2024-07-03 08:45:00,Long,2330.52,2332.97,0.41,2332.97,Stop Loss,100.55,8639.63
577,2024-07-03 08:45:00,2024-07-03 09:15:00,Short,2333.35,2335.74,0.83,2335.74,Stop Loss,-198.21,8441.42
578,2024-07-03 09:15:00,2024-07-03 09:45:00,Long (Partial 50%),2335.29,2340.3,0.39,2335.29,Partial TP 1:2,195.4,8636.82
578,2024-07-03 09:15:00,2024-07-03 10:30:00,Long,2335.29,2340.44,0.4,2340.44,Stop Loss,205.99,8842.81
579,2024-07-03 12:15:00,2024-07-03 12:45:00,Short,2343.32,2346.29,0.52,2347.12,Opposite Signal,-154.44,8688.37
580,2024-07-03 12:45:00,2024-07-03 14:15:00,Long,2346.29,2344.7,0.5,2342.33,Opposite Signal,-79.5,8608.87
581,2024-07-03 14:15:00,2024-07-03 15:15:00,Short,2344.7,2348.87,0.47,2348.87,Stop Loss,-196.02,8412.85
582,2024-07-03 15:15:00,2024-07-03 16:30:00,Long (Partial 50%),2348.39,2356.87,0.23,2348.39,Partial TP 1:2,195.0,8607.84
582,2024-07-03 15:15:00,2024-07-03 17:15:00,Long,2348.39,2358.16,0.23,2358.16,Stop Loss,224.74,8832.58
583,2024-07-03 19:15:00,2024-07-03 20:15:00,Short,2358.45,2360.48,0.34,2364.33,Opposite Signal,-69.02,8763.56
584,2024-07-03 20:15:00,2024-07-03 21:15:00,Long,2360.48,2356.57,0.34,2354.67,Opposite Signal,-132.94,8630.62
585,2024-07-03 21:15:00,2024-07-04 01:30:00,Short,2356.57,2357.78,0.4,2361.53,Opposite Signal,-48.4,8582.22
586,2024-07-04 01:30:00,2024-07-04 03:00:00,Long,2357.78,2356.86,0.75,2355.13,Opposite Signal,-69.0,8513.22
587,2024-07-04 03:00:00,2024-07-04 03:45:00,Short,2356.86,2358.5,0.83,2359.24,Opposite Signal,-136.12,8377.1
588,2024-07-04 03:45:00,2024-07-04 05:00:00,Long,2358.5,2359.81,0.86,2356.19,Opposite Signal,112.66,8489.76
589,2024-07-04 05:00:00,2024-07-04 06:15:00,Short,2359.81,2359.85,0.7,2362.64,Opposite Signal,-2.8,8486.96
590,2024-07-04 06:15:00,2024-07-04 08:00:00,Long,2359.85,2357.41,0.64,2356.73,Opposite Signal,-156.16,8330.8
591,2024-07-04 08:00:00,2024-07-04 09:30:00,Short (Partial 50%),2357.41,2352.19,0.38,2357.41,Partial TP 1:2,198.5,8529.3
591,2024-07-04 08:00:00,2024-07-04 09:45:00,Short,2357.41,2356.28,0.38,2357.41,Opposite Signal,42.94,8572.24
592,2024-07-04 09:45:00,2024-07-04 10:00:00,Long,2356.28,2353.95,0.6,2352.96,Opposite Signal,-139.8,8432.44
593,2024-07-04 10:00:00,2024-07-04 10:30:00,Short,2353.95,2357.33,0.59,2357.33,Stop Loss,-199.61,8232.83
594,2024-07-04 10:30:00,2024-07-04 18:30:00,Long,2357.18,2358.53,0.58,2353.76,Opposite Signal,78.3,8311.13
595,2024-07-04 18:30:00,2024-07-05 01:45:00,Short,2358.53,2357.42,0.61,2361.76,Opposite Signal,67.71,8378.84
596,2024-07-05 01:45:00,2024-07-05 04:15:00,Long,2357.42,2357.74,0.71,2354.62,Opposite Signal,22.72,8401.56
597,2024-07-05 04:15:00,2024-07-05 05:00:00,Short,2357.74,2360.16,0.82,2360.16,Stop Loss,-198.85,8202.71
598,2024-07-05 05:00:00,2024-07-05 09:00:00,Long (Partial 50%),2360.15,2365.51,0.37,2360.15,Partial TP 1:2,198.29,8401.0
598,2024-07-05 05:00:00,2024-07-05 10:15:00,Long,2360.15,2362.69,0.37,2362.69,Stop Loss,94.07,8495.06
599,2024-07-05 10:15:00,2024-07-05 10:30:00,Short,2363.42,2366.09,0.74,2366.09,Stop Loss,-197.9,8297.16
600,2024-07-05 10:30:00,2024-07-05 12:15:00,Long,2366.9,2365.17,0.64,2363.82,Opposite Signal,-110.72,8186.44
601,2024-07-05 12:15:00,2024-07-05 13:15:00,Short,2365.17,2364.86,0.66,2368.16,Opposite Signal,20.46,8206.9
602,2024-07-05 13:15:00,2024-07-05 15:30:00,Long,2364.86,2361.66,0.62,2361.66,Stop Loss,-198.15,8008.75
603,2024-07-05 17:00:00,2024-07-05 18:15:00,Short,2377.28,2384.69,0.21,2386.63,Opposite Signal,-155.61,7853.14
604,2024-07-05 18:15:00,2024-07-05 22:45:00,Long,2384.69,2388.7,0.24,2376.37,Opposite Signal,96.24,7949.38
605,2024-07-05 22:45:00,2024-07-08 04:00:00,Short,2388.7,2389.85,0.43,2393.26,Opposite Signal,-49.45,7899.93
606,2024-07-08 04:00:00,2024-07-08 04:30:00,Long,2389.85,2386.38,0.57,2386.38,Stop Loss,-197.71,7702.22
607,2024-07-08 04:30:00,2024-07-08 07:45:00,Short,2385.98,2384.96,0.53,2389.75,Opposite Signal,54.06,7756.28
608,2024-07-08 07:45:00,2024-07-08 08:30:00,Long,2384.96,2383.34,0.66,2381.96,Opposite Signal,-106.92,7649.36
609,2024-07-08 08:30:00,2024-07-08 09:45:00,Short (Partial 50%),2383.34,2377.38,0.33,2383.34,Partial TP 1:2,196.75,7846.11
609,2024-07-08 08:30:00,2024-07-08 10:00:00,Short,2383.34,2379.93,0.34,2382.42,Opposite Signal,115.94,7962.05
610,2024-07-08 10:00:00,2024-07-08 11:15:00,Long,2379.93,2377.23,0.53,2376.19,Opposite Signal,-143.1,7818.95
611,2024-07-08 11:15:00,2024-07-08 12:45:00,Short (Partial 50%),2377.23,2370.3,0.28,2377.23,Partial TP 1:2,193.93,8012.88
611,2024-07-08 11:15:00,2024-07-08 13:15:00,Short,2377.23,2373.0,0.28,2374.76,Opposite Signal,118.44,8131.32
612,2024-07-08 13:15:00,2024-07-08 15:30:00,Long,2373.0,2371.88,0.52,2369.17,Opposite Signal,-58.24,8073.08
613,2024-07-08 15:30:00,2024-07-08 16:00:00,Short,2371.88,2375.74,0.51,2375.74,Stop Loss,-196.7,7876.38
614,2024-07-08 16:00:00,2024-07-08 16:45:00,Long,2375.32,2371.09,0.47,2371.09,Stop Loss,-198.63,7677.74
615,2024-07-08 17:45:00,2024-07-08 18:45:00,Short (Partial 50%),2373.23,2362.97,0.19,2373.23,Partial TP 1:2,194.94,7872.68
615,2024-07-08 17:45:00,2024-07-08 20:00:00,Short,2373.23,2358.81,0.19,2358.81,Stop Loss,273.93,8146.61
616,2024-07-08 20:00:00,2024-07-09 03:15:00,Long,2359.43,2361.78,0.33,2353.42,Opposite Signal,77.55,8224.16
617,2024-07-09 03:15:00,2024-07-09 04:00:00,Short,2361.78,2363.98,0.91,2363.98,Stop Loss,-199.91,8024.25
618,2024-07-09 04:00:00,2024-07-09 05:00:00,Long,2364.17,2361.55,0.76,2361.55,Stop Loss,-199.24,7825.01
619,2024-07-09 05:00:00,2024-07-09 05:15:00,Short,2360.71,2363.6,0.69,2363.6,Stop Loss,-199.28,7625.73
620,2024-07-09 05:15:00,2024-07-09 08:15:00,Long,2363.65,2365.63,0.65,2360.61,Opposite Signal,128.7,7754.43
621,2024-07-09 08:15:00,2024-07-09 10:15:00,Short (Partial 50%),2365.63,2359.64,0.33,2365.63,Partial TP 1:2,197.8,7952.23
621,2024-07-09 08:15:00,2024-07-09 11:00:00,Short,2365.63,2360.91,0.33,2360.91,Stop Loss,155.61,8107.84
622,2024-07-09 11:45:00,2024-07-09 14:00:00,Long,2361.67,2360.73,0.66,2358.64,Opposite Signal,-62.04,8045.8
623,2024-07-09 14:00:00,2024-07-09 14:45:00,Short,2360.73,2360.71,0.64,2363.85,Opposite Signal,1.28,8047.08
624,2024-07-09 14:45:00,2024-07-09 15:15:00,Long,2360.71,2357.23,0.57,2357.23,Stop Loss,-198.28,7848.8
625,2024-07-09 15:15:00,2024-07-09 16:00:00,Short,2358.27,2362.01,0.53,2362.01,Stop Loss,-198.35,7650.45
626,2024-07-09 16:00:00,2024-07-09 17:00:00,Long,2362.35,2358.11,0.47,2358.11,Stop Loss,-199.09,7451.36
627,2024-07-09 17:00:00,2024-07-09 18:30:00,Short,2360.7,2357.44,0.3,2367.17,Opposite Signal,97.8,7549.16
628,2024-07-09 18:30:00,2024-07-09 19:30:00,Long,2357.44,2357.14,0.27,2350.07,Opposite Signal,-8.1,7541.06
629,2024-07-09 19:30:00,2024-07-09 20:15:00,Short,2357.14,2361.49,0.3,2363.6,Opposite Signal,-130.5,7410.56
630,2024-07-09 20:15:00,2024-07-10 03:45:00,Long,2361.49,2364.65,0.32,2355.43,Opposite Signal,101.12,7511.68
631,2024-07-10 03:45:00,2024-07-10 04:15:00,Short,2364.65,2366.45,1.11,2366.45,Stop Loss,-199.83,7311.85
632,2024-07-10 04:15:00,2024-07-10 06:00:00,Long,2367.15,2367.46,0.86,2364.85,Opposite Signal,26.66,7338.51
633,2024-07-10 06:00:00,2024-07-10 08:30:00,Short,2367.46,2370.28,0.71,2370.28,Stop Loss,-199.88,7138.63
634,2024-07-10 08:30:00,2024-07-10 09:00:00,Long,2369.34,2367.66,0.81,2366.9,Opposite Signal,-136.08,7002.55
635,2024-07-10 09:00:00,2024-07-10 09:15:00,Short,2367.66,2370.22,0.78,2370.22,Stop Loss,-199.35,6803.21
636,2024-07-10 09:15:00,2024-07-10 10:45:00,Long,2369.69,2372.64,0.72,2366.94,Opposite Signal,212.4,7015.61
637,2024-07-10 10:45:00,2024-07-10 13:15:00,Short,2372.64,2373.88,0.67,2375.62,Opposite Signal,-83.08,6932.53
638,2024-07-10 13:15:00,2024-07-10 15:15:00,Long (Partial 50%),2373.88,2379.03,0.38,2373.88,Partial TP 1:2,195.78,7128.31
638,2024-07-10 13:15:00,2024-07-10 15:45:00,Long,2373.88,2378.41,0.39,2378.41,Stop Loss,176.49,7304.8
639,2024-07-10 15:45:00,2024-07-10 16:15:00,Short,2377.81,2380.56,0.59,2381.16,Opposite Signal,-162.25,7142.55
640,2024-07-10 16:15:00,2024-07-10 17:15:00,Long,2380.56,2379.05,0.56,2377.04,Opposite Signal,-84.56,7057.99
641,2024-07-10 17:15:00,2024-07-10 18:15:00,Short,2379.05,2378.95,0.41,2383.91,Opposite Signal,4.1,7062.09
642,2024-07-10 18:15:00,2024-07-10 20:00:00,Long,2378.95,2376.34,0.37,2373.61,Opposite Signal,-96.57,6965.52
643,2024-07-10 20:00:00,2024-07-11 03:30:00,Short,2376.34,2373.16,0.45,2380.71,Opposite Signal,143.1,7108.62
644,2024-07-11 03:30:00,2024-07-11 05:30:00,Long (Partial 50%),2373.16,2376.37,0.62,2373.16,Partial TP 1:2,199.11,7307.73
644,2024-07-11 03:30:00,2024-07-11 09:00:00,Long,2373.16,2381.12,0.62,2381.12,Stop Loss,493.73,7801.46
645,2024-07-11 09:00:00,2024-07-11 09:45:00,Short,2380.88,2381.81,0.86,2383.19,Opposite Signal,-79.98,7721.48
646,2024-07-11 09:45:00,2024-07-11 10:00:00,Long,2381.81,2380.0,0.74,2379.12,Opposite Signal,-133.94,7587.54
647,2024-07-11 10:00:00,2024-07-11 11:00:00,Short,2380.0,2382.76,0.72,2382.76,Stop Loss,-198.72,7388.82
648,2024-07-11 11:00:00,2024-07-11 11:15:00,Long,2383.29,2380.7,0.59,2379.95,Opposite Signal,-152.81,7236.01
649,2024-07-11 11:15:00,2024-07-11 12:00:00,Short,2380.7,2384.22,0.56,2384.22,Stop Loss,-197.2,7038.81
650,2024-07-11 12:00:00,2024-07-11 13:30:00,Long,2384.38,2380.69,0.54,2380.69,Stop Loss,-199.06,6839.75
651,2024-07-11 13:30:00,2024-07-11 15:30:00,Short,2380.73,2383.91,0.62,2383.91,Stop Loss,-197.18,6642.57
652,2024-07-11 15:30:00,2024-07-11 16:30:00,Long,2407.74,2399.54,0.24,2399.54,Stop Loss,-196.78,6445.79
653,2024-07-11 16:30:00,2024-07-11 16:45:00,Short,2399.76,2406.66,0.2,2409.64,Opposite Signal,-138.0,6307.79
654,2024-07-11 16:45:00,2024-07-11 19:15:00,Long,2406.66,2413.49,0.18,2396.02,Opposite Signal,122.94,6430.73
655,2024-07-11 19:15:00,2024-07-12 02:45:00,Short,2413.49,2415.94,0.22,2422.34,Opposite Signal,-53.9,6376.83
656,2024-07-12 02:45:00,2024-07-12 03:00:00,Long,2415.94,2412.24,0.54,2412.24,Stop Loss,-199.55,6177.29
657,2024-07-12 03:00:00,2024-07-12 09:45:00,Short (Partial 50%),2411.21,2403.04,0.24,2411.21,Partial TP 1:2,196.07,6373.36
657,2024-07-12 03:00:00,2024-07-12 10:30:00,Short,2411.21,2403.57,0.24,2403.57,Stop Loss,183.32,6556.67
658,2024-07-12 10:30:00,2024-07-12 12:15:00,Long,2404.13,2405.22,0.52,2400.3,Opposite Signal,56.68,6613.35
659,2024-07-12 12:15:00,2024-07-12 15:00:00,Short,2405.22,2403.06,0.52,2409.04,Opposite Signal,112.32,6725.67
660,2024-07-12 15:00:00,2024-07-12 15:30:00,Long,2403.06,2399.45,0.55,2399.45,Stop Loss,-198.82,6526.85
661,2024-07-12 15:30:00,2024-07-12 15:45:00,Short,2392.54,2397.55,0.39,2397.55,Stop Loss,-195.42,6331.42
662,2024-07-12 15:45:00,2024-07-12 17:00:00,Long (Partial 50%),2397.93,2409.19,0.17,2397.93,Partial TP 1:2,191.48,6522.9
662,2024-07-12 15:45:00,2024-07-12 21:15:00,Long,2397.93,2415.08,0.17,2415.08,Stop Loss,291.53,6814.43
663,2024-07-12 21:30:00,2024-07-15 02:00:00,Short (Partial 50%),2414.18,2406.78,0.27,2414.18,Partial TP 1:2,199.76,7014.19
663,2024-07-12 21:30:00,2024-07-15 02:45:00,Short,2414.18,2408.41,0.27,2408.41,Stop Loss,155.88,7170.07
664,2024-07-15 02:45:00,2024-07-15 03:30:00,Long,2408.66,2406.3,0.7,2405.82,Opposite Signal,-165.2,7004.87
665,2024-07-15 03:30:00,2024-07-15 03:45:00,Short,2406.3,2408.38,0.73,2409.03,Opposite Signal,-151.84,6853.03
666,2024-07-15 03:45:00,2024-07-15 04:00:00,Long,2408.38,2405.53,0.7,2405.53,Stop Loss,-199.38,6653.64
667,2024-07-15 04:00:00,2024-07-15 04:45:00,Short,2405.2,2408.35,0.63,2408.35,Stop Loss,-198.17,6455.48
668,2024-07-15 04:45:00,2024-07-15 07:30:00,Long,2409.99,2410.72,0.58,2406.57,Opposite Signal,42.34,6497.82
669,2024-07-15 07:30:00,2024-07-15 08:15:00,Short,2410.72,2413.28,0.78,2413.28,Stop Loss,-199.75,6298.06
670,2024-07-15 08:15:00,2024-07-15 08:30:00,Long,2413.66,2411.14,0.79,2411.14,Stop Loss,-199.2,6098.86
671,2024-07-15 08:30:00,2024-07-15 09:15:00,Short (Partial 50%),2410.55,2404.78,0.34,2410.55,Partial TP 1:2,196.34,6295.21
671,2024-07-15 08:30:00,2024-07-15 10:30:00,Short,2410.55,2405.37,0.34,2405.37,Stop Loss,176.21,6471.41
672,2024-07-15 10:30:00,2024-07-15 12:15:00,Long,2405.73,2409.17,0.57,2402.25,Opposite Signal,196.08,6667.49
673,2024-07-15 12:15:00,2024-07-15 13:00:00,Short,2409.17,2412.65,0.57,2412.65,Stop Loss,-198.2,6469.29
674,2024-07-15 13:15:00,2024-07-15 14:30:00,Long (Partial 50%),2412.8,2419.87,0.28,2412.8,Partial TP 1:2,198.06,6667.34
674,2024-07-15 13:15:00,2024-07-15 15:15:00,Long,2412.8,2417.39,0.28,2417.39,Stop Loss,128.41,6795.75
675,2024-07-15 15:15:00,2024-07-15 16:15:00,Short,2417.22,2416.12,0.46,2421.5,Opposite Signal,50.6,6846.35
676,2024-07-15 16:15:00,2024-07-15 17:45:00,Long (Partial 50%),2416.12,2425.42,0.21,2416.12,Partial TP 1:2,195.21,7041.57
676,2024-07-15 16:15:00,2024-07-15 19:15:00,Long,2416.12,2431.74,0.22,2431.74,Stop Loss,343.71,7385.28
677,2024-07-15 19:45:00,2024-07-16 04:00:00,Short,2430.22,2424.75,0.31,2436.63,Opposite Signal,169.57,7554.85
678,2024-07-16 04:00:00,2024-07-16 06:00:00,Long (Partial 50%),2424.75,2430.33,0.35,2424.75,Partial TP 1:2,195.27,7750.12
678,2024-07-16 04:00:00,2024-07-16 06:15:00,Long,2424.75,2426.98,0.36,2424.75,Opposite Signal,80.28,7830.4
679,2024-07-16 06:15:00,2024-07-16 07:30:00,Short,2426.98,2428.23,0.56,2430.53,Opposite Signal,-70.0,7760.4
680,2024-07-16 07:30:00,2024-07-16 10:00:00,Long (Partial 50%),2428.23,2435.04,0.28,2428.23,Partial TP 1:2,190.76,7951.16
680,2024-07-16 07:30:00,2024-07-16 11:00:00,Long,2428.23,2434.5,0.29,2434.5,Stop Loss,181.71,8132.87
681,2024-07-16 14:00:00,2024-07-16 15:15:00,Short,2438.7,2442.78,0.49,2442.78,Stop Loss,-199.93,7932.94
682,2024-07-16 15:15:00,2024-07-16 15:30:00,Long,2443.61,2439.44,0.47,2439.44,Stop Loss,-196.15,7736.79
683,2024-07-16 15:30:00,2024-07-16 16:15:00,Short,2434.4,2438.13,0.36,2439.93,Opposite Signal,-134.28,7602.51
684,2024-07-16 16:15:00,2024-07-16 17:45:00,Long (Partial 50%),2438.13,2450.48,0.16,2438.13,Partial TP 1:2,197.53,7800.04
684,2024-07-16 16:15:00,2024-07-16 19:00:00,Long,2438.13,2458.74,0.16,2458.74,Stop Loss,329.73,8129.78
685,2024-07-17 03:00:00,2024-07-17 03:30:00,Short,2466.74,2469.77,0.66,2469.77,Stop Loss,-199.96,7929.81
686,2024-07-17 03:30:00,2024-07-17 03:45:00,Long,2472.62,2469.1,0.56,2469.1,Stop Loss,-197.3,7732.52
687,2024-07-17 03:45:00,2024-07-17 04:00:00,Short,2468.71,2472.48,0.53,2472.48,Stop Loss,-199.77,7532.75
688,2024-07-17 04:00:00,2024-07-17 05:00:00,Long (Partial 50%),2472.56,2481.61,0.22,2472.56,Partial TP 1:2,199.09,7731.84
688,2024-07-17 04:00:00,2024-07-17 05:30:00,Long,2472.56,2475.56,0.22,2475.56,Stop Loss,66.02,7797.86
689,2024-07-17 05:30:00,2024-07-17 06:30:00,Short,2472.79,2471.55,0.32,2479.01,Opposite Signal,39.68,7837.54
690,2024-07-17 06:30:00,2024-07-17 08:45:00,Long,2471.55,2465.36,0.28,2464.54,Opposite Signal,-173.32,7664.22
691,2024-07-17 08:45:00,2024-07-17 10:30:00,Short,2465.36,2470.78,0.36,2470.78,Stop Loss,-194.95,7469.27
692,2024-07-17 10:30:00,2024-07-17 12:00:00,Long,2471.03,2472.08,0.35,2465.43,Opposite Signal,36.75,7506.02
693,2024-07-17 12:00:00,2024-07-17 13:15:00,Short,2472.08,2475.29,0.34,2477.91,Opposite Signal,-109.14,7396.88
694,2024-07-17 13:15:00,2024-07-17 13:30:00,Long,2475.29,2469.95,0.37,2469.95,Stop Loss,-197.75,7199.13
695,2024-07-17 13:30:00,2024-07-17 14:30:00,Short,2468.56,2472.3,0.34,2474.42,Opposite Signal,-127.16,7071.97
696,2024-07-17 14:30:00,2024-07-17 16:45:00,Long (Partial 50%),2472.3,2483.26,0.18,2472.3,Partial TP 1:2,197.29,7269.26
696,2024-07-17 14:30:00,2024-07-17 17:00:00,Long,2472.3,2472.3,0.18,2472.3,Stop Loss,0.0,7269.26
697,2024-07-17 17:00:00,2024-07-17 21:45:00,Short,2467.62,2457.95,0.21,2476.91,Opposite Signal,203.07,7472.33
698,2024-07-17 21:45:00,2024-07-18 03:00:00,Long,2457.95,2458.4,0.32,2451.77,Opposite Signal,14.4,7486.73
699,2024-07-18 03:00:00,2024-07-18 04:00:00,Short,2458.4,2461.47,0.65,2461.47,Stop Loss,-199.43,7287.3
700,2024-07-18 04:00:00,2024-07-18 07:45:00,Long,2462.61,2465.27,0.56,2459.05,Opposite Signal,148.96,7436.26
701,2024-07-18 07:45:00,2024-07-18 08:00:00,Short,2465.27,2468.77,0.57,2468.77,Stop Loss,-199.51,7236.75
702,2024-07-18 08:00:00,2024-07-18 09:00:00,Long,2468.89,2465.14,0.53,2465.14,Stop Loss,-198.52,7038.23
703,2024-07-18 09:00:00,2024-07-18 09:15:00,Short,2466.31,2469.19,0.52,2470.11,Opposite Signal,-149.76,6888.47
704,2024-07-18 09:15:00,2024-07-18 11:15:00,Long,2469.19,2470.06,0.49,2465.12,Opposite Signal,42.63,6931.1
705,2024-07-18 11:15:00,2024-07-18 13:15:00,Short (Partial 50%),2470.06,2461.99,0.24,2470.06,Partial TP 1:2,193.65,7124.75
705,2024-07-18 11:15:00,2024-07-18 13:30:00,Short,2470.06,2464.77,0.25,2467.27,Opposite Signal,132.25,7257.0
706,2024-07-18 13:30:00,2024-07-18 16:00:00,Long,2464.77,2461.02,0.53,2461.02,Stop Loss,-198.52,7058.48
707,2024-07-18 16:00:00,2024-07-18 16:45:00,Short,2461.42,2465.07,0.43,2466.0,Opposite Signal,-156.95,6901.53
708,2024-07-18 16:45:00,2024-07-18 18:30:00,Long,2465.07,2464.18,0.35,2459.51,Opposite Signal,-31.15,6870.38
709,2024-07-18 18:30:00,2024-07-18 20:15:00,Short (Partial 50%),2464.18,2452.88,0.17,2464.18,Partial TP 1:2,192.17,7062.55
709,2024-07-18 18:30:00,2024-07-18 23:15:00,Short,2464.18,2444.94,0.17,2444.94,Stop Loss,327.07,7389.62
710,2024-07-19 02:15:00,2024-07-19 02:45:00,Long,2445.03,2442.09,0.68,2442.09,Stop Loss,-199.84,7189.77
711,2024-07-19 02:45:00,2024-07-19 03:00:00,Short (Partial 50%),2441.19,2435.24,0.33,2441.19,Partial TP 1:2,196.37,7386.15
711,2024-07-19 02:45:00,2024-07-19 03:45:00,Short,2441.19,2434.25,0.34,2435.36,Opposite Signal,235.96,7622.11
712,2024-07-19 03:45:00,2024-07-19 04:00:00,Long,2434.25,2429.39,0.41,2429.39,Stop Loss,-199.33,7422.78
713,2024-07-19 04:00:00,2024-07-19 05:00:00,Short,2425.98,2426.46,0.33,2431.92,Opposite Signal,-15.84,7406.94
714,2024-07-19 05:00:00,2024-07-19 08:30:00,Long,2426.46,2423.58,0.32,2420.21,Opposite Signal,-92.16,7314.78
715,2024-07-19 08:30:00,2024-07-19 10:30:00,Short (Partial 50%),2423.58,2413.8,0.2,2423.58,Partial TP 1:2,195.57,7510.35
715,2024-07-19 08:30:00,2024-07-19 11:00:00,Short,2423.58,2420.2,0.2,2422.33,Opposite Signal,67.6,7577.95
716,2024-07-19 11:00:00,2024-07-19 12:30:00,Long,2420.2,2415.56,0.31,2413.92,Opposite Signal,-143.84,7434.11
717,2024-07-19 12:30:00,2024-07-19 15:30:00,Short (Partial 50%),2415.56,2404.4,0.17,2415.56,Partial TP 1:2,189.68,7623.79
717,2024-07-19 12:30:00,2024-07-19 16:30:00,Short,2415.56,2400.37,0.17,2400.37,Stop Loss,258.2,7881.99
718,2024-07-19 16:30:00,2024-07-19 17:45:00,Long,2403.68,2396.29,0.27,2396.29,Stop Loss,-199.53,7682.45
719,2024-07-19 17:45:00,2024-07-19 18:00:00,Short,2398.04,2405.12,0.28,2405.12,Stop Loss,-198.14,7484.31
720,2024-07-19 18:00:00,2024-07-19 19:30:00,Long,2407.2,2401.58,0.25,2399.23,Opposite Signal,-140.5,7343.81
721,2024-07-19 19:30:00,2024-07-22 01:00:00,Short,2401.58,2405.12,0.31,2407.98,Opposite Signal,-109.74,7234.07
722,2024-07-22 01:00:00,2024-07-22 03:15:00,Long,2405.12,2408.86,0.5,2401.18,Opposite Signal,187.0,7421.07
723,2024-07-22 03:15:00,2024-07-22 04:15:00,Short,2408.86,2410.44,0.52,2412.7,Opposite Signal,-82.16,7338.91
724,2024-07-22 04:15:00,2024-07-22 04:45:00,Long,2410.44,2406.48,0.5,2406.48,Stop Loss,-198.1,7140.81
725,2024-07-22 04:45:00,2024-07-22 06:15:00,Short,2406.39,2409.03,0.47,2410.59,Opposite Signal,-124.08,7016.73
726,2024-07-22 06:15:00,2024-07-22 07:00:00,Long,2409.03,2405.02,0.49,2405.02,Stop Loss,-196.65,6820.09
727,2024-07-22 07:00:00,2024-07-22 09:30:00,Short,2405.48,2404.06,0.52,2409.32,Opposite Signal,73.84,6893.93
728,2024-07-22 09:30:00,2024-07-22 11:45:00,Long,2404.06,2400.84,0.44,2399.58,Opposite Signal,-141.68,6752.25
729,2024-07-22 11:45:00,2024-07-22 12:45:00,Short,2400.84,2405.21,0.45,2405.21,Stop Loss,-196.63,6555.62
730,2024-07-22 12:45:00,2024-07-22 14:00:00,Long,2404.39,2404.04,0.45,2399.99,Opposite Signal,-15.75,6539.87
731,2024-07-22 14:00:00,2024-07-22 15:00:00,Short (Partial 50%),2404.04,2395.68,0.23,2404.04,Partial TP 1:2,192.32,6732.19
731,2024-07-22 14:00:00,2024-07-22 16:00:00,Short,2404.04,2397.49,0.23,2397.49,Stop Loss,150.75,6882.94
732,2024-07-22 16:00:00,2024-07-22 16:45:00,Long,2397.77,2391.48,0.31,2391.48,Stop Loss,-195.1,6687.84
733,2024-07-22 16:45:00,2024-07-22 19:30:00,Short,2392.71,2391.47,0.31,2398.99,Opposite Signal,38.44,6726.28
734,2024-07-22 19:30:00,2024-07-22 23:45:00,Long,2391.47,2396.56,0.33,2385.51,Opposite Signal,167.97,6894.25
735,2024-07-22 23:45:00,2024-07-23 03:15:00,Short,2396.56,2397.28,0.67,2399.53,Opposite Signal,-48.24,6846.01
736,2024-07-23 03:15:00,2024-07-23 04:15:00,Long (Partial 50%),2397.28,2401.75,0.44,2397.28,Partial TP 1:2,196.73,7042.74
736,2024-07-23 03:15:00,2024-07-23 04:45:00,Long,2397.28,2401.28,0.45,2401.28,Stop Loss,179.92,7222.66
737,2024-07-23 04:45:00,2024-07-23 08:15:00,Short (Partial 50%),2401.02,2394.6,0.31,2401.02,Partial TP 1:2,199.17,7421.83
737,2024-07-23 04:45:00,2024-07-23 09:30:00,Short,2401.02,2390.86,0.31,2390.86,Stop Loss,314.97,7736.8
738,2024-07-23 09:30:00,2024-07-23 11:30:00,Long (Partial 50%),2392.89,2401.07,0.24,2392.89,Partial TP 1:2,196.4,7933.2
738,2024-07-23 09:30:00,2024-07-23 14:30:00,Long,2392.89,2406.87,0.24,2406.87,Stop Loss,335.58,8268.78
739,2024-07-23 15:15:00,2024-07-23 17:30:00,Short,2405.12,2405.82,0.43,2409.77,Opposite Signal,-30.1,8238.68
740,2024-07-23 17:30:00,2024-07-23 20:30:00,Long,2405.82,2403.15,0.36,2400.38,Opposite Signal,-96.12,8142.56
741,2024-07-23 20:30:00,2024-07-23 22:00:00,Short,2403.15,2407.34,0.43,2407.76,Opposite Signal,-180.17,7962.39
742,2024-07-23 22:00:00,2024-07-24 03:45:00,Long,2407.34,2408.28,0.51,2403.47,Opposite Signal,47.94,8010.33
743,2024-07-24 03:45:00,2024-07-24 04:00:00,Short,2408.28,2410.45,0.92,2410.45,Stop Loss,-199.41,7810.92
744,2024-07-24 04:00:00,2024-07-24 04:15:00,Long,2412.0,2409.37,0.76,2409.37,Stop Loss,-199.56,7611.37
745,2024-07-24 04:15:00,2024-07-24 04:30:00,Short,2405.86,2409.16,0.6,2409.16,Stop Loss,-198.04,7413.33
746,2024-07-24 04:45:00,2024-07-24 05:15:00,Long (Partial 50%),2408.17,2415.16,0.28,2408.17,Partial TP 1:2,195.66,7608.99
746,2024-07-24 04:45:00,2024-07-24 08:00:00,Long,2408.17,2415.33,0.28,2415.33,Stop Loss,200.36,7809.34
747,2024-07-24 08:00:00,2024-07-24 09:00:00,Short,2415.16,2418.95,0.52,2418.95,Stop Loss,-197.03,7612.31
748,2024-07-24 09:00:00,2024-07-24 09:15:00,Long,2418.95,2415.25,0.51,2415.08,Opposite Signal,-188.7,7423.61
749,2024-07-24 09:15:00,2024-07-24 14:30:00,Short,2415.25,2415.17,0.49,2419.32,Opposite Signal,3.92,7427.53
750,2024-07-24 14:30:00,2024-07-24 16:00:00,Long,2415.17,2417.86,0.49,2411.14,Opposite Signal,131.81,7559.34
751,2024-07-24 16:00:00,2024-07-24 16:30:00,Short,2417.86,2422.82,0.4,2422.82,Stop Loss,-198.48,7360.86
752,2024-07-24 16:30:00,2024-07-24 18:30:00,Long,2422.58,2424.16,0.35,2416.87,Opposite Signal,55.3,7416.16
753,2024-07-24 18:30:00,2024-07-24 20:45:00,Short (Partial 50%),2424.16,2408.68,0.12,2424.16,Partial TP 1:2,185.79,7601.95
753,2024-07-24 18:30:00,2024-07-25 02:00:00,Short,2424.16,2398.3,0.13,2398.3,Stop Loss,336.2,7938.15
754,2024-07-25 02:15:00,2024-07-25 03:30:00,Long,2399.99,2396.85,0.42,2395.33,Opposite Signal,-131.88,7806.27
755,2024-07-25 03:30:00,2024-07-25 04:15:00,Short (Partial 50%),2396.85,2388.76,0.24,2396.85,Partial TP 1:2,194.07,8000.34
755,2024-07-25 03:30:00,2024-07-25 07:30:00,Short,2396.85,2375.97,0.25,2375.97,Stop Loss,521.93,8522.27
756,2024-07-25 07:45:00,2024-07-25 08:15:00,Long,2377.58,2371.95,0.32,2371.5,Opposite Signal,-180.16,8342.11
757,2024-07-25 08:15:00,2024-07-25 08:45:00,Short,2371.95,2376.34,0.33,2377.88,Opposite Signal,-144.87,8197.24
758,2024-07-25 08:45:00,2024-07-25 09:45:00,Long,2376.34,2370.09,0.31,2370.09,Stop Loss,-193.77,8003.47
759,2024-07-25 09:45:00,2024-07-25 10:15:00,Short,2372.01,2373.69,0.31,2378.33,Opposite Signal,-52.08,7951.39
760,2024-07-25 10:15:00,2024-07-25 12:15:00,Long,2373.69,2371.09,0.27,2366.51,Opposite Signal,-70.2,7881.19
761,2024-07-25 12:15:00,2024-07-25 12:30:00,Short,2371.09,2375.77,0.33,2377.12,Opposite Signal,-154.44,7726.75
762,2024-07-25 12:30:00,2024-07-25 14:00:00,Long,2375.77,2376.8,0.32,2369.62,Opposite Signal,32.96,7759.71
763,2024-07-25 14:00:00,2024-07-25 15:00:00,Short (Partial 50%),2376.8,2364.43,0.16,2376.8,Partial TP 1:2,197.94,7957.64
763,2024-07-25 14:00:00,2024-07-25 15:15:00,Short,2376.8,2373.65,0.16,2376.8,Opposite Signal,50.4,8008.04
764,2024-07-25 15:15:00,2024-07-25 15:30:00,Long,2373.65,2366.09,0.26,2366.09,Stop Loss,-196.69,7811.35
765,2024-07-25 16:45:00,2024-07-25 19:30:00,Short,2365.06,2363.91,0.2,2374.6,Opposite Signal,23.0,7834.35
766,2024-07-25 19:30:00,2024-07-25 20:15:00,Long,2363.91,2356.05,0.25,2356.05,Stop Loss,-196.56,7637.79
767,2024-07-25 20:15:00,2024-07-25 22:15:00,Short,2354.68,2362.49,0.24,2362.79,Opposite Signal,-187.44,7450.35
768,2024-07-25 22:15:00,2024-07-26 04:00:00,Long,2362.49,2356.05,0.31,2356.05,Stop Loss,-199.53,7250.82
769,2024-07-26 04:00:00,2024-07-26 04:15:00,Short,2360.07,2363.9,0.52,2363.9,Stop Loss,-199.07,7051.75
770,2024-07-26 04:15:00,2024-07-26 04:45:00,Long (Partial 50%),2365.23,2373.9,0.23,2365.23,Partial TP 1:2,199.48,7251.23
770,2024-07-26 04:15:00,2024-07-26 06:00:00,Long,2365.23,2372.9,0.23,2372.9,Stop Loss,176.4,7427.63
771,2024-07-26 06:45:00,2024-07-26 08:15:00,Short,2371.63,2372.13,0.37,2376.93,Opposite Signal,-18.5,7409.13
772,2024-07-26 08:15:00,2024-07-26 09:00:00,Long,2372.13,2370.43,0.43,2367.55,Opposite Signal,-73.1,7336.03
773,2024-07-26 09:00:00,2024-07-26 10:45:00,Short,2370.43,2371.48,0.42,2375.13,Opposite Signal,-44.1,7291.93
774,2024-07-26 10:45:00,2024-07-26 14:00:00,Long,2371.48,2371.96,0.42,2366.75,Opposite Signal,20.16,7312.09
775,2024-07-26 14:00:00,2024-07-26 14:30:00,Short,2371.96,2374.77,0.53,2375.68,Opposite Signal,-148.93,7163.16
776,2024-07-26 14:30:00,2024-07-26 15:15:00,Long,2374.77,2371.15,0.55,2371.15,Stop Loss,-199.12,6964.04
777,2024-07-26 17:45:00,2024-07-26 19:15:00,Short,2381.94,2387.83,0.27,2389.25,Opposite Signal,-159.03,6805.01
778,2024-07-26 19:15:00,2024-07-26 20:15:00,Long,2387.83,2382.06,0.32,2381.69,Opposite Signal,-184.64,6620.37
779,2024-07-26 20:15:00,2024-07-26 22:45:00,Short,2382.06,2386.34,0.34,2387.81,Opposite Signal,-145.52,6474.85
780,2024-07-26 22:45:00,2024-07-29 01:00:00,Long (Partial 50%),2386.34,2394.8,0.23,2386.34,Partial TP 1:2,194.59,6669.44
780,2024-07-26 22:45:00,2024-07-29 04:00:00,Long,2386.34,2397.0,0.23,2397.0,Stop Loss,245.21,6914.65
781,2024-07-29 04:15:00,2024-07-29 12:00:00,Short,2395.66,2392.03,0.4,2400.58,Opposite Signal,145.2,7059.85
782,2024-07-29 12:00:00,2024-07-29 14:00:00,Long,2392.03,2391.63,0.43,2387.48,Opposite Signal,-17.2,7042.65
783,2024-07-29 14:00:00,2024-07-29 15:30:00,Short,2391.63,2390.95,0.47,2395.87,Opposite Signal,31.96,7074.61
784,2024-07-29 15:30:00,2024-07-29 17:00:00,Long,2390.95,2390.77,0.42,2386.2,Opposite Signal,-7.56,7067.05
785,2024-07-29 17:00:00,2024-07-29 18:00:00,Short (Partial 50%),2390.77,2379.89,0.18,2390.77,Partial TP 1:2,195.83,7262.88
785,2024-07-29 17:00:00,2024-07-29 18:45:00,Short,2390.77,2379.64,0.18,2379.64,Stop Loss,200.33,7463.2
786,2024-07-29 20:15:00,2024-07-29 20:45:00,Long,2379.98,2378.23,0.34,2374.2,Opposite Signal,-59.5,7403.7
787,2024-07-29 20:45:00,2024-07-29 22:15:00,Short,2378.23,2383.52,0.34,2384.03,Opposite Signal,-179.86,7223.84
788,2024-07-29 22:15:00,2024-07-30 02:30:00,Long,2383.52,2381.08,0.41,2378.66,Opposite Signal,-100.04,7123.8
789,2024-07-30 02:30:00,2024-07-30 05:30:00,Short,2381.08,2381.29,0.66,2384.11,Opposite Signal,-13.86,7109.94
790,2024-07-30 05:30:00,2024-07-30 08:30:00,Long (Partial 50%),2381.29,2388.87,0.26,2381.29,Partial TP 1:2,197.15,7307.09
790,2024-07-30 05:30:00,2024-07-30 12:00:00,Long,2381.29,2388.83,0.26,2388.83,Stop Loss,196.1,7503.19
791,2024-07-30 12:15:00,2024-07-30 13:45:00,Short,2388.81,2391.79,0.67,2391.79,Stop Loss,-199.37,7303.82
792,2024-07-30 13:45:00,2024-07-30 14:30:00,Long,2391.67,2389.51,0.6,2388.38,Opposite Signal,-129.6,7174.22
793,2024-07-30 14:30:00,2024-07-30 16:00:00,Short,2389.51,2390.88,0.61,2392.75,Opposite Signal,-83.57,7090.65
794,2024-07-30 16:00:00,2024-07-30 17:00:00,Long,2390.88,2390.79,0.53,2387.13,Opposite Signal,-4.77,7085.88
795,2024-07-30 17:00:00,2024-07-30 17:45:00,Short,2390.79,2395.71,0.4,2395.71,Stop Loss,-196.64,6889.24
796,2024-07-30 19:15:00,2024-07-30 20:00:00,Long (Partial 50%),2390.34,2402.48,0.16,2390.34,Partial TP 1:2,194.25,7083.49
796,2024-07-30 19:15:00,2024-07-31 01:45:00,Long,2390.34,2408.16,0.16,2408.16,Stop Loss,285.05,7368.54
797,2024-07-31 04:00:00,2024-07-31 04:30:00,Short,2407.15,2410.52,0.59,2410.52,Stop Loss,-198.91,7169.63
798,2024-07-31 04:30:00,2024-07-31 05:00:00,Long,2411.0,2407.01,0.5,2407.01,Stop Loss,-199.51,6970.12
799,2024-07-31 05:00:00,2024-07-31 06:00:00,Short,2405.3,2409.69,0.45,2409.69,Stop Loss,-197.34,6772.78
800,2024-07-31 06:00:00,2024-07-31 08:45:00,Long,2415.2,2417.79,0.38,2409.95,Opposite Signal,98.42,6871.2
801,2024-07-31 08:45:00,2024-07-31 09:15:00,Short,2417.79,2422.62,0.41,2422.62,Stop Loss,-197.97,6673.22
802,2024-07-31 09:15:00,2024-07-31 10:00:00,Long,2423.85,2418.77,0.39,2418.77,Stop Loss,-197.95,6475.27
803,2024-07-31 10:00:00,2024-07-31 11:45:00,Short,2418.63,2421.46,0.39,2423.7,Opposite Signal,-110.37,6364.9
804,2024-07-31 11:45:00,2024-07-31 13:30:00,Long,2421.46,2418.56,0.43,2416.84,Opposite Signal,-124.7,6240.2
805,2024-07-31 13:30:00,2024-07-31 14:30:00,Short,2418.56,2422.8,0.47,2422.8,Stop Loss,-199.39,6040.82
806,2024-07-31 16:30:00,2024-07-31 17:15:00,Long,2424.66,2422.96,0.42,2419.98,Opposite Signal,-71.4,5969.42
807,2024-07-31 17:15:00,2024-07-31 19:15:00,Short,2422.96,2427.16,0.35,2428.57,Opposite Signal,-147.0,5822.42
808,2024-07-31 19:15:00,2024-07-31 21:00:00,Long,2427.16,2422.09,0.39,2422.09,Stop Loss,-197.88,5624.54
809,2024-07-31 21:00:00,2024-07-31 21:30:00,Short,2422.32,2427.08,0.42,2427.08,Stop Loss,-199.88,5424.66
810,2024-07-31 21:30:00,2024-07-31 22:15:00,Long (Partial 50%),2432.34,2443.35,0.18,2432.34,Partial TP 1:2,198.23,5622.89
810,2024-07-31 21:30:00,2024-08-01 02:15:00,Long,2432.34,2444.82,0.18,2444.82,Stop Loss,224.7,5847.59
811,2024-08-01 04:30:00,2024-08-01 05:45:00,Short (Partial 50%),2454.2,2443.28,0.18,2454.2,Partial TP 1:2,196.61,6044.2
811,2024-08-01 04:30:00,2024-08-01 07:15:00,Short,2454.2,2445.78,0.18,2446.48,Opposite Signal,151.56,6195.76
812,2024-08-01 07:15:00,2024-08-01 10:00:00,Long,2445.78,2442.61,0.39,2440.71,Opposite Signal,-123.63,6072.13
813,2024-08-01 10:00:00,2024-08-01 11:30:00,Short (Partial 50%),2442.61,2433.46,0.21,2442.61,Partial TP 1:2,192.06,6264.19
813,2024-08-01 10:00:00,2024-08-01 13:15:00,Short,2442.61,2435.96,0.22,2435.96,Stop Loss,146.23,6410.42
814,2024-08-01 14:15:00,2024-08-01 15:30:00,Long (Partial 50%),2438.73,2447.25,0.23,2438.73,Partial TP 1:2,195.89,6606.31
814,2024-08-01 14:15:00,2024-08-01 16:45:00,Long,2438.73,2449.34,0.23,2449.34,Stop Loss,244.1,6850.41
815,2024-08-01 17:15:00,2024-08-01 17:30:00,Short,2445.18,2451.28,0.22,2453.91,Opposite Signal,-134.2,6716.21
816,2024-08-01 17:30:00,2024-08-01 18:45:00,Long,2451.28,2442.27,0.22,2442.27,Stop Loss,-198.33,6517.89
817,2024-08-01 18:45:00,2024-08-01 22:00:00,Short,2445.12,2441.36,0.22,2454.03,Opposite Signal,82.72,6600.61
818,2024-08-01 22:00:00,2024-08-02 04:00:00,Long,2441.36,2437.32,0.3,2434.76,Opposite Signal,-121.2,6479.41
819,2024-08-02 04:00:00,2024-08-02 04:15:00,Short,2437.32,2443.1,0.34,2443.1,Stop Loss,-196.36,6283.05
820,2024-08-02 04:15:00,2024-08-02 06:00:00,Long (Partial 50%),2443.04,2455.9,0.15,2443.04,Partial TP 1:2,192.97,6476.02
820,2024-08-02 04:15:00,2024-08-02 06:30:00,Long,2443.04,2454.03,0.16,2450.08,Opposite Signal,175.84,6651.86
821,2024-08-02 06:30:00,2024-08-02 07:30:00,Short,2454.03,2459.45,0.29,2460.79,Opposite Signal,-157.18,6494.68
822,2024-08-02 07:30:00,2024-08-02 10:30:00,Long,2459.45,2461.96,0.34,2453.69,Opposite Signal,85.34,6580.02
823,2024-08-02 10:30:00,2024-08-02 15:30:00,Short,2461.96,2467.77,0.34,2467.77,Stop Loss,-197.6,6382.42
824,2024-08-02 15:30:00,2024-08-02 16:00:00,Long,2470.92,2463.58,0.27,2463.58,Stop Loss,-198.12,6184.3
825,2024-08-02 16:00:00,2024-08-02 16:30:00,Short,2461.55,2470.46,0.22,2470.46,Stop Loss,-195.97,5988.33
826,2024-08-02 16:45:00,2024-08-02 17:15:00,Long,2469.81,2464.53,0.19,2459.65,Opposite Signal,-100.32,5888.01
827,2024-08-02 17:15:00,2024-08-02 17:30:00,Short (Partial 50%),2464.53,2442.98,0.09,2464.53,Partial TP 1:2,193.91,6081.93
827,2024-08-02 17:15:00,2024-08-02 18:15:00,Short,2464.53,2424.75,0.09,2424.75,Stop Loss,358.05,6439.98
828,2024-08-02 18:15:00,2024-08-05 03:00:00,Long,2426.07,2435.52,0.11,2408.53,Opposite Signal,103.95,6543.93
829,2024-08-05 03:00:00,2024-08-05 03:15:00,Short (Partial 50%),2435.52,2421.16,0.13,2435.52,Partial TP 1:2,186.72,6730.65
829,2024-08-05 03:00:00,2024-08-05 04:00:00,Short,2435.52,2429.0,0.14,2429.0,Stop Loss,91.22,6821.87
830,2024-08-05 04:00:00,2024-08-05 07:00:00,Long (Partial 50%),2432.31,2455.06,0.08,2432.31,Partial TP 1:2,181.99,7003.86
830,2024-08-05 04:00:00,2024-08-05 08:00:00,Long,2432.31,2447.95,0.09,2447.95,Stop Loss,140.78,7144.64
831,2024-08-05 08:00:00,2024-08-05 09:00:00,Short (Partial 50%),2448.46,2431.44,0.11,2448.46,Partial TP 1:2,187.17,7331.8
831,2024-08-05 08:00:00,2024-08-05 10:15:00,Short,2448.46,2434.93,0.12,2434.93,Stop Loss,162.3,7494.11
832,2024-08-05 10:15:00,2024-08-05 10:45:00,Long,2441.57,2430.66,0.18,2430.66,Stop Loss,-196.3,7297.8
833,2024-08-05 10:45:00,2024-08-05 13:45:00,Short (Partial 50%),2431.94,2409.52,0.08,2431.94,Partial TP 1:2,179.34,7477.14
833,2024-08-05 10:45:00,2024-08-05 15:45:00,Short,2431.94,2378.27,0.09,2378.27,Stop Loss,483.05,7960.19
834,2024-08-05 16:00:00,2024-08-06 02:30:00,Long,2391.25,2406.85,0.13,2376.59,Opposite Signal,202.8,8162.99
835,2024-08-06 02:30:00,2024-08-06 03:00:00,Short,2406.85,2409.44,0.42,2411.55,Opposite Signal,-108.78,8054.21
836,2024-08-06 03:00:00,2024-08-06 04:45:00,Long,2409.44,2412.41,0.4,2404.46,Opposite Signal,118.8,8173.01
837,2024-08-06 04:45:00,2024-08-06 08:45:00,Short (Partial 50%),2412.41,2400.56,0.16,2412.41,Partial TP 1:2,189.61,8362.62
837,2024-08-06 04:45:00,2024-08-06 09:15:00,Short,2412.41,2400.92,0.17,2400.92,Stop Loss,195.35,8557.97
838,2024-08-06 09:15:00,2024-08-06 09:45:00,Long,2406.47,2401.58,0.27,2399.29,Opposite Signal,-132.03,8425.94
839,2024-08-06 09:45:00,2024-08-06 10:00:00,Short,2401.58,2406.71,0.27,2408.89,Opposite Signal,-138.51,8287.43
840,2024-08-06 10:00:00,2024-08-06 14:00:00,Long,2406.71,2411.45,0.27,2399.35,Opposite Signal,127.98,8415.41
841,2024-08-06 14:00:00,2024-08-06 15:30:00,Short (Partial 50%),2411.45,2400.72,0.18,2411.45,Partial TP 1:2,193.08,8608.49
841,2024-08-06 14:00:00,2024-08-06 16:00:00,Short,2411.45,2397.64,0.19,2397.64,Stop Loss,262.46,8870.95
842,2024-08-06 16:30:00,2024-08-06 17:15:00,Long,2397.25,2390.5,0.23,2388.64,Opposite Signal,-155.25,8715.7
843,2024-08-06 17:15:00,2024-08-06 20:30:00,Short,2390.5,2391.54,0.21,2399.9,Opposite Signal,-21.84,8693.86
844,2024-08-06 20:30:00,2024-08-06 22:15:00,Long,2391.54,2390.25,0.28,2384.51,Opposite Signal,-36.12,8657.74
845,2024-08-06 22:15:00,2024-08-07 03:45:00,Short,2390.25,2386.44,0.37,2395.57,Opposite Signal,140.97,8798.71
846,2024-08-07 03:45:00,2024-08-07 04:15:00,Long,2386.44,2381.84,0.43,2381.84,Stop Loss,-197.94,8600.77
847,2024-08-07 04:15:00,2024-08-07 05:00:00,Short,2381.1,2386.5,0.37,2386.5,Stop Loss,-199.86,8400.91
848,2024-08-07 05:00:00,2024-08-07 08:45:00,Long,2385.89,2391.37,0.31,2379.61,Opposite Signal,169.88,8570.79
849,2024-08-07 08:45:00,2024-08-07 09:15:00,Short,2391.37,2396.39,0.39,2396.39,Stop Loss,-195.92,8374.87
850,2024-08-07 09:15:00,2024-08-07 10:15:00,Long,2396.96,2391.92,0.35,2391.39,Opposite Signal,-176.4,8198.47
851,2024-08-07 10:15:00,2024-08-07 11:30:00,Short,2391.92,2393.02,0.39,2396.97,Opposite Signal,-42.9,8155.57
852,2024-08-07 11:30:00,2024-08-07 14:45:00,Long (Partial 50%),2393.02,2402.08,0.22,2393.02,Partial TP 1:2,199.4,8354.98
852,2024-08-07 11:30:00,2024-08-07 16:30:00,Long,2393.02,2400.2,0.22,2400.2,Stop Loss,157.95,8512.93
853,2024-08-07 16:45:00,2024-08-07 19:45:00,Short,2400.09,2399.7,0.35,2405.74,Opposite Signal,13.65,8526.58
854,2024-08-07 19:45:00,2024-08-07 20:00:00,Long,2399.7,2395.51,0.35,2394.14,Opposite Signal,-146.65,8379.93
855,2024-08-07 20:00:00,2024-08-07 21:45:00,Short (Partial 50%),2395.51,2383.88,0.17,2395.51,Partial TP 1:2,197.64,8577.57
855,2024-08-07 20:00:00,2024-08-08 02:00:00,Short,2395.51,2384.73,0.17,2384.73,Stop Loss,183.24,8760.81
856,2024-08-08 02:15:00,2024-08-08 04:30:00,Long,2384.91,2385.75,0.55,2381.33,Opposite Signal,46.2,8807.01
857,2024-08-08 04:30:00,2024-08-08 05:30:00,Short,2385.75,2390.11,0.45,2390.11,Stop Loss,-196.21,8610.81
858,2024-08-08 05:30:00,2024-08-08 08:00:00,Long,2390.12,2392.9,0.48,2386.0,Opposite Signal,133.44,8744.25
859,2024-08-08 08:00:00,2024-08-08 09:15:00,Short,2392.9,2396.86,0.5,2396.86,Stop Loss,-198.05,8546.2
860,2024-08-08 09:15:00,2024-08-08 11:15:00,Long,2398.99,2394.21,0.41,2394.21,Stop Loss,-195.98,8350.22
861,2024-08-08 11:15:00,2024-08-08 13:00:00,Short,2394.61,2399.08,0.44,2399.08,Stop Loss,-196.72,8153.5
862,2024-08-08 13:00:00,2024-08-08 14:00:00,Long (Partial 50%),2398.4,2406.68,0.24,2398.4,Partial TP 1:2,198.72,8352.21
862,2024-08-08 13:00:00,2024-08-08 14:30:00,Long,2398.4,2407.1,0.24,2407.1,Stop Loss,208.81,8561.03
863,2024-08-08 15:30:00,2024-08-08 16:15:00,Short,2409.36,2409.88,0.33,2415.3,Opposite Signal,-17.16,8543.87
864,2024-08-08 16:15:00,2024-08-08 17:15:00,Long (Partial 50%),2409.88,2423.17,0.15,2409.88,Partial TP 1:2,199.33,8743.19
864,2024-08-08 16:15:00,2024-08-08 17:45:00,Long,2409.88,2413.18,0.15,2413.18,Stop Loss,49.56,8792.75
865,2024-08-08 17:45:00,2024-08-08 19:00:00,Short,2413.72,2420.6,0.22,2422.7,Opposite Signal,-151.36,8641.39
866,2024-08-08 19:00:00,2024-08-08 19:45:00,Long,2420.6,2418.13,0.26,2413.04,Opposite Signal,-64.22,8577.17
867,2024-08-08 19:45:00,2024-08-08 20:15:00,Short,2418.13,2423.62,0.27,2425.4,Opposite Signal,-148.23,8428.94
868,2024-08-08 20:15:00,2024-08-09 02:15:00,Long,2423.62,2423.34,0.27,2416.33,Opposite Signal,-7.56,8421.38
869,2024-08-09 02:15:00,2024-08-09 04:15:00,Short,2423.34,2423.97,0.57,2426.82,Opposite Signal,-35.91,8385.47
870,2024-08-09 04:15:00,2024-08-09 05:45:00,Long,2423.97,2422.45,0.51,2420.05,Opposite Signal,-77.52,8307.95
871,2024-08-09 05:45:00,2024-08-09 07:45:00,Short,2422.45,2423.88,0.45,2426.8,Opposite Signal,-64.35,8243.6
872,2024-08-09 07:45:00,2024-08-09 08:30:00,Long,2423.88,2420.31,0.55,2420.31,Stop Loss,-196.46,8047.14
873,2024-08-09 08:30:00,2024-08-09 09:30:00,Short,2419.45,2420.05,0.53,2423.18,Opposite Signal,-31.8,8015.34
874,2024-08-09 09:30:00,2024-08-09 13:30:00,Long (Partial 50%),2420.05,2427.9,0.25,2420.05,Partial TP 1:2,196.24,8211.58
874,2024-08-09 09:30:00,2024-08-09 14:30:00,Long,2420.05,2428.32,0.25,2428.32,Stop Loss,206.76,8418.34
875,2024-08-09 14:30:00,2024-08-09 15:45:00,Short,2426.85,2429.64,0.48,2430.96,Opposite Signal,-133.92,8284.42
876,2024-08-09 15:45:00,2024-08-09 16:30:00,Long,2429.64,2425.33,0.46,2425.33,Stop Loss,-198.09,8086.33
877,2024-08-09 16:30:00,2024-08-09 16:45:00,Short,2422.71,2426.71,0.36,2428.23,Opposite Signal,-144.0,7942.33
878,2024-08-09 16:45:00,2024-08-09 20:45:00,Long,2426.71,2430.58,0.33,2420.8,Opposite Signal,127.71,8070.04
879,2024-08-09 20:45:00,2024-08-12 01:15:00,Short,2430.58,2432.64,0.39,2435.6,Opposite Signal,-80.34,7989.7
880,2024-08-12 01:15:00,2024-08-12 01:30:00,Long,2432.64,2430.02,0.53,2428.93,Opposite Signal,-138.86,7850.84
881,2024-08-12 01:30:00,2024-08-12 04:15:00,Short,2430.02,2429.27,0.52,2433.81,Opposite Signal,39.0,7889.84
882,2024-08-12 04:15:00,2024-08-12 04:45:00,Long,2429.27,2426.04,0.61,2426.04,Stop Loss,-196.81,7693.03
883,2024-08-12 04:45:00,2024-08-12 06:45:00,Short,2426.04,2428.63,0.56,2429.56,Opposite Signal,-145.04,7547.99
884,2024-08-12 06:45:00,2024-08-12 08:30:00,Long,2428.63,2431.18,0.61,2425.37,Opposite Signal,155.55,7703.54
885,2024-08-12 08:30:00,2024-08-12 08:45:00,Short,2431.18,2434.17,0.66,2434.17,Stop Loss,-197.22,7506.32
886,2024-08-12 08:45:00,2024-08-12 10:45:00,Long (Partial 50%),2434.63,2441.82,0.27,2434.63,Partial TP 1:2,194.07,7700.39
886,2024-08-12 08:45:00,2024-08-12 14:00:00,Long,2434.63,2442.26,0.28,2442.26,Stop Loss,213.55,7913.94
887,2024-08-12 14:00:00,2024-08-12 15:00:00,Short,2442.25,2443.22,0.58,2445.67,Opposite Signal,-56.26,7857.68
888,2024-08-12 15:00:00,2024-08-12 16:30:00,Long (Partial 50%),2443.22,2449.99,0.29,2443.22,Partial TP 1:2,196.45,8054.13
888,2024-08-12 15:00:00,2024-08-12 17:00:00,Long,2443.22,2450.94,0.3,2450.94,Stop Loss,231.47,8285.6
889,2024-08-12 17:00:00,2024-08-12 17:45:00,Short,2448.78,2454.16,0.37,2454.16,Stop Loss,-198.91,8086.69
890,2024-08-12 17:45:00,2024-08-12 19:00:00,Long (Partial 50%),2453.28,2464.75,0.17,2453.28,Partial TP 1:2,194.96,8281.64
890,2024-08-12 17:45:00,2024-08-13 01:00:00,Long,2453.28,2470.17,0.17,2470.17,Stop Loss,287.1,8568.74
891,2024-08-13 03:15:00,2024-08-13 03:45:00,Short,2474.24,2472.12,0.67,2477.22,Opposite Signal,142.04,8710.78
892,2024-08-13 03:45:00,2024-08-13 04:00:00,Long,2472.12,2468.28,0.52,2468.28,Stop Loss,-199.79,8510.99
893,2024-08-13 04:00:00,2024-08-13 08:45:00,Short,2465.44,2462.71,0.42,2470.18,Opposite Signal,114.66,8625.65
894,2024-08-13 08:45:00,2024-08-13 11:30:00,Long,2462.71,2459.37,0.44,2458.26,Opposite Signal,-146.96,8478.69
895,2024-08-13 11:30:00,2024-08-13 14:00:00,Short,2459.37,2463.67,0.46,2463.67,Stop Loss,-197.89,8280.8
896,2024-08-13 14:00:00,2024-08-13 15:30:00,Long (Partial 50%),2463.52,2470.82,0.27,2463.52,Partial TP 1:2,196.99,8477.8
896,2024-08-13 14:00:00,2024-08-13 15:45:00,Long,2463.52,2467.64,0.27,2464.41,Opposite Signal,111.24,8589.04
897,2024-08-13 15:45:00,2024-08-13 16:30:00,Short,2467.64,2472.49,0.41,2472.49,Stop Loss,-198.7,8390.34
898,2024-08-13 16:30:00,2024-08-13 17:15:00,Long,2473.74,2467.14,0.3,2467.14,Stop Loss,-197.97,8192.36
899,2024-08-13 17:15:00,2024-08-13 22:45:00,Short,2468.18,2467.03,0.29,2474.95,Opposite Signal,33.35,8225.71
900,2024-08-13 22:45:00,2024-08-14 01:00:00,Long,2467.03,2464.02,0.49,2462.97,Opposite Signal,-147.49,8078.22
901,2024-08-14 01:00:00,2024-08-14 03:00:00,Short,2464.02,2466.33,0.56,2467.56,Opposite Signal,-129.36,7948.86
902,2024-08-14 03:00:00,2024-08-14 04:15:00,Long (Partial 50%),2466.33,2471.71,0.37,2466.33,Partial TP 1:2,198.93,8147.79
902,2024-08-14 03:00:00,2024-08-14 04:45:00,Long,2466.33,2466.71,0.37,2466.71,Stop Loss,14.15,8161.94
903,2024-08-14 04:45:00,2024-08-14 05:30:00,Short (Partial 50%),2465.41,2457.93,0.26,2465.41,Partial TP 1:2,194.45,8356.38
903,2024-08-14 04:45:00,2024-08-14 07:00:00,Short,2465.41,2461.83,0.27,2461.83,Stop Loss,96.74,8453.13
904,2024-08-14 07:00:00,2024-08-14 10:15:00,Long (Partial 50%),2462.23,2470.11,0.25,2462.23,Partial TP 1:2,197.02,8650.15
904,2024-08-14 07:00:00,2024-08-14 10:45:00,Long,2462.23,2467.85,0.25,2467.85,Stop Loss,140.45,8790.6
905,2024-08-14 12:15:00,2024-08-14 15:30:00,Short,2472.2,2477.45,0.38,2477.45,Stop Loss,-199.55,8591.04
906,2024-08-14 16:30:00,2024-08-14 17:30:00,Long,2458.01,2448.63,0.21,2448.63,Stop Loss,-197.06,8393.98
907,2024-08-14 17:30:00,2024-08-14 21:30:00,Short,2449.1,2445.94,0.2,2458.86,Opposite Signal,63.2,8457.18
908,2024-08-14 21:30:00,2024-08-15 03:45:00,Long,2445.94,2450.06,0.36,2440.53,Opposite Signal,148.32,8605.5
909,2024-08-15 03:45:00,2024-08-15 04:15:00,Short,2450.06,2453.36,0.6,2453.36,Stop Loss,-197.87,8407.63
910,2024-08-15 05:30:00,2024-08-15 08:00:00,Long,2452.49,2452.5,0.55,2448.9,Opposite Signal,0.55,8408.18
911,2024-08-15 08:00:00,2024-08-15 09:00:00,Short,2452.5,2455.26,0.72,2455.26,Stop Loss,-198.69,8209.49
912,2024-08-15 09:00:00,2024-08-15 09:30:00,Long,2457.52,2454.05,0.57,2454.05,Stop Loss,-197.67,8011.82
913,2024-08-15 10:00:00,2024-08-15 13:00:00,Short,2455.11,2458.78,0.54,2458.78,Stop Loss,-198.19,7813.63
914,2024-08-15 13:00:00,2024-08-15 15:00:00,Long (Partial 50%),2459.83,2465.86,0.33,2459.83,Partial TP 1:2,199.12,8012.74
914,2024-08-15 13:00:00,2024-08-15 15:30:00,Long,2459.83,2464.69,0.33,2464.69,Stop Loss,160.39,8173.13
915,2024-08-15 15:30:00,2024-08-15 15:45:00,Short (Partial 50%),2453.21,2441.14,0.16,2453.21,Partial TP 1:2,193.05,8366.18
915,2024-08-15 15:30:00,2024-08-15 16:15:00,Short,2453.21,2443.27,0.17,2443.27,Stop Loss,168.95,8535.13
916,2024-08-15 16:15:00,2024-08-15 16:30:00,Long,2450.99,2443.72,0.2,2441.31,Opposite Signal,-145.4,8389.73
917,2024-08-15 16:30:00,2024-08-15 17:15:00,Short,2443.72,2452.28,0.2,2453.68,Opposite Signal,-171.2,8218.53
918,2024-08-15 17:15:00,2024-08-15 22:30:00,Long,2452.28,2456.93,0.19,2441.91,Opposite Signal,88.35,8306.88
919,2024-08-15 22:30:00,2024-08-16 02:30:00,Short,2456.93,2457.54,0.43,2461.52,Opposite Signal,-26.23,8280.65
920,2024-08-16 02:30:00,2024-08-16 05:00:00,Long,2457.54,2456.23,0.71,2454.73,Opposite Signal,-93.01,8187.64
921,2024-08-16 05:00:00,2024-08-16 08:30:00,Short,2456.23,2455.23,0.59,2459.57,Opposite Signal,59.0,8246.64
922,2024-08-16 08:30:00,2024-08-16 09:45:00,Long,2455.23,2454.96,0.74,2452.53,Opposite Signal,-19.98,8226.66
923,2024-08-16 09:45:00,2024-08-16 10:30:00,Short,2454.96,2455.47,0.69,2457.83,Opposite Signal,-35.19,8191.47
924,2024-08-16 10:30:00,2024-08-16 10:45:00,Long (Partial 50%),2455.47,2461.97,0.3,2455.47,Partial TP 1:2,195.12,8386.59
924,2024-08-16 10:30:00,2024-08-16 14:30:00,Long,2455.47,2466.0,0.31,2466.0,Stop Loss,326.43,8713.02
925,2024-08-16 16:00:00,2024-08-16 16:30:00,Short,2486.07,2493.61,0.26,2493.61,Stop Loss,-196.08,8516.94
926,2024-08-16 16:30:00,2024-08-16 17:00:00,Long,2494.03,2485.58,0.23,2485.58,Stop Loss,-194.41,8322.52
927,2024-08-16 17:15:00,2024-08-16 18:00:00,Short,2481.61,2489.86,0.19,2492.02,Opposite Signal,-156.75,8165.77
928,2024-08-16 18:00:00,2024-08-19 01:00:00,Long,2489.86,2505.45,0.19,2479.81,Opposite Signal,296.21,8461.98
929,2024-08-19 01:00:00,2024-08-19 05:45:00,Short,2505.45,2503.51,0.34,2511.22,Opposite Signal,65.96,8527.94
930,2024-08-19 05:45:00,2024-08-19 10:30:00,Long,2503.51,2501.31,0.36,2498.06,Opposite Signal,-79.2,8448.74
931,2024-08-19 10:30:00,2024-08-19 11:00:00,Short,2501.31,2504.88,0.43,2505.88,Opposite Signal,-153.51,8295.23
932,2024-08-19 11:00:00,2024-08-19 11:45:00,Long,2504.88,2503.06,0.44,2500.4,Opposite Signal,-80.08,8215.15
933,2024-08-19 11:45:00,2024-08-19 13:15:00,Short (Partial 50%),2503.06,2494.49,0.23,2503.06,Partial TP 1:2,197.17,8412.32
933,2024-08-19 11:45:00,2024-08-19 14:30:00,Short,2503.06,2491.64,0.23,2491.64,Stop Loss,262.73,8675.05
934,2024-08-19 14:45:00,2024-08-19 15:45:00,Long,2494.48,2489.2,0.37,2489.2,Stop Loss,-195.21,8479.84
935,2024-08-19 16:00:00,2024-08-19 16:45:00,Short,2490.26,2495.57,0.37,2495.57,Stop Loss,-196.61,8283.23
936,2024-08-19 16:45:00,2024-08-19 20:15:00,Long,2494.63,2502.62,0.3,2488.05,Opposite Signal,239.7,8522.93
937,2024-08-19 20:15:00,2024-08-20 03:30:00,Short,2502.62,2506.02,0.35,2508.22,Opposite Signal,-119.0,8403.93
938,2024-08-20 03:30:00,2024-08-20 04:00:00,Long,2506.02,2503.42,0.76,2503.42,Stop Loss,-197.82,8206.11
939,2024-08-20 04:00:00,2024-08-20 04:15:00,Short,2502.88,2506.16,0.61,2506.16,Stop Loss,-199.78,8006.34
940,2024-08-20 07:30:00,2024-08-20 08:45:00,Long,2502.68,2499.47,0.59,2499.34,Opposite Signal,-189.39,7816.95
941,2024-08-20 08:45:00,2024-08-20 09:15:00,Short,2499.47,2502.81,0.59,2502.81,Stop Loss,-197.09,7619.86
942,2024-08-20 09:15:00,2024-08-20 10:45:00,Long (Partial 50%),2505.07,2513.64,0.23,2505.07,Partial TP 1:2,197.1,7816.96
942,2024-08-20 09:15:00,2024-08-20 15:30:00,Long,2505.07,2523.4,0.23,2523.4,Stop Loss,421.66,8238.62
943,2024-08-20 17:15:00,2024-08-20 18:00:00,Short (Partial 50%),2523.26,2508.67,0.13,2523.26,Partial TP 1:2,189.65,8428.27
943,2024-08-20 17:15:00,2024-08-20 20:00:00,Short,2523.26,2511.7,0.14,2511.7,Stop Loss,161.9,8590.17
944,2024-08-20 20:15:00,2024-08-21 02:45:00,Long,2512.53,2512.87,0.24,2504.31,Opposite Signal,8.16,8598.33
945,2024-08-21 02:45:00,2024-08-21 04:00:00,Short,2512.87,2515.96,0.64,2515.96,Stop Loss,-197.52,8400.81
946,2024-08-21 04:45:00,2024-08-21 06:00:00,Long,2516.81,2515.25,0.55,2513.2,Opposite Signal,-85.8,8315.01
947,2024-08-21 06:00:00,2024-08-21 06:30:00,Short,2515.25,2516.38,0.48,2519.34,Opposite Signal,-54.24,8260.77
948,2024-08-21 06:30:00,2024-08-21 07:30:00,Long,2516.38,2514.41,0.46,2512.1,Opposite Signal,-90.62,8170.15
949,2024-08-21 07:30:00,2024-08-21 08:30:00,Short,2514.41,2517.8,0.51,2518.29,Opposite Signal,-172.89,7997.26
950,2024-08-21 08:30:00,2024-08-21 08:45:00,Long,2517.8,2515.19,0.55,2514.22,Opposite Signal,-143.55,7853.71
951,2024-08-21 08:45:00,2024-08-21 09:15:00,Short,2515.19,2518.92,0.53,2518.92,Stop Loss,-197.62,7656.09
952,2024-08-21 09:15:00,2024-08-21 09:30:00,Long,2519.1,2515.19,0.44,2514.61,Opposite Signal,-172.04,7484.05
953,2024-08-21 09:30:00,2024-08-21 12:00:00,Short (Partial 50%),2515.19,2505.78,0.21,2515.19,Partial TP 1:2,197.57,7681.62
953,2024-08-21 09:30:00,2024-08-21 13:30:00,Short,2515.19,2508.54,0.21,2508.54,Stop Loss,139.72,7821.35
954,2024-08-21 13:30:00,2024-08-21 15:30:00,Long,2509.1,2508.49,0.48,2504.94,Opposite Signal,-29.28,7792.07
955,2024-08-21 15:30:00,2024-08-21 16:00:00,Short,2508.49,2512.82,0.46,2512.82,Stop Loss,-199.13,7592.94
956,2024-08-21 16:45:00,2024-08-21 17:00:00,Long,2503.05,2497.03,0.33,2497.03,Stop Loss,-198.54,7394.4
957,2024-08-21 17:15:00,2024-08-21 18:00:00,Short,2499.9,2505.01,0.25,2507.68,Opposite Signal,-127.75,7266.65
958,2024-08-21 18:00:00,2024-08-21 22:00:00,Long,2505.01,2512.77,0.24,2496.73,Opposite Signal,186.24,7452.89
959,2024-08-21 22:00:00,2024-08-22 03:45:00,Short,2512.77,2513.63,0.34,2518.61,Opposite Signal,-29.24,7423.65
960,2024-08-22 03:45:00,2024-08-22 04:00:00,Long,2513.63,2510.77,0.69,2510.77,Stop Loss,-197.56,7226.09
961,2024-08-22 04:00:00,2024-08-22 05:15:00,Short (Partial 50%),2511.24,2505.02,0.32,2511.24,Partial TP 1:2,198.91,7424.99
961,2024-08-22 04:00:00,2024-08-22 06:30:00,Short,2511.24,2503.89,0.32,2503.89,Stop Loss,235.09,7660.09
962,2024-08-22 08:15:00,2024-08-22 09:15:00,Long (Partial 50%),2503.35,2509.75,0.31,2503.35,Partial TP 1:2,198.3,7858.39
962,2024-08-22 08:15:00,2024-08-22 09:30:00,Long,2503.35,2505.61,0.31,2503.35,Opposite Signal,70.06,7928.45
963,2024-08-22 09:30:00,2024-08-22 12:15:00,Short,2505.61,2505.13,0.42,2510.31,Opposite Signal,20.16,7948.61
964,2024-08-22 12:15:00,2024-08-22 14:00:00,Long,2505.13,2504.43,0.43,2500.57,Opposite Signal,-30.1,7918.51
965,2024-08-22 14:00:00,2024-08-22 15:30:00,Short (Partial 50%),2504.43,2496.24,0.24,2504.43,Partial TP 1:2,196.62,8115.13
965,2024-08-22 14:00:00,2024-08-22 17:45:00,Short,2504.43,2481.35,0.24,2481.35,Stop Loss,554.0,8669.13
966,2024-08-22 18:45:00,2024-08-22 22:15:00,Long,2481.88,2478.62,0.23,2473.51,Opposite Signal,-74.98,8594.15
967,2024-08-22 22:15:00,2024-08-22 22:30:00,Short,2478.62,2482.13,0.39,2483.65,Opposite Signal,-136.89,8457.26
968,2024-08-22 22:30:00,2024-08-23 05:30:00,Long,2482.13,2488.1,0.39,2477.05,Opposite Signal,232.83,8690.09
969,2024-08-23 05:30:00,2024-08-23 06:00:00,Short,2488.1,2491.37,0.61,2491.37,Stop Loss,-199.21,8490.89
970,2024-08-23 06:00:00,2024-08-23 08:30:00,Long,2490.43,2492.72,0.59,2487.06,Opposite Signal,135.11,8626.0
971,2024-08-23 08:30:00,2024-08-23 09:15:00,Short,2492.72,2494.6,0.68,2495.64,Opposite Signal,-127.84,8498.16
972,2024-08-23 09:15:00,2024-08-23 10:15:00,Long,2494.6,2491.9,0.63,2491.43,Opposite Signal,-170.1,8328.06
973,2024-08-23 10:15:00,2024-08-23 11:00:00,Short,2491.9,2495.06,0.63,2495.06,Stop Loss,-198.79,8129.26
974,2024-08-23 11:00:00,2024-08-23 13:00:00,Long,2495.64,2497.57,0.58,2492.22,Opposite Signal,111.94,8241.2
975,2024-08-23 13:00:00,2024-08-23 13:45:00,Short,2497.57,2499.02,0.56,2501.09,Opposite Signal,-81.2,8160.0
976,2024-08-23 13:45:00,2024-08-23 16:30:00,Long,2499.02,2495.52,0.57,2495.52,Stop Loss,-199.44,7960.56
977,2024-08-23 16:30:00,2024-08-23 17:00:00,Short,2496.8,2501.15,0.46,2501.15,Stop Loss,-199.99,7760.58
978,2024-08-23 17:00:00,2024-08-23 17:15:00,Long,2517.08,2509.95,0.28,2509.95,Stop Loss,-199.59,7560.99
979,2024-08-23 17:30:00,2024-08-23 18:00:00,Short,2510.83,2516.0,0.22,2519.63,Opposite Signal,-113.74,7447.25
980,2024-08-23 18:00:00,2024-08-23 18:45:00,Long,2516.0,2509.86,0.2,2506.31,Opposite Signal,-122.8,7324.45
981,2024-08-23 18:45:00,2024-08-23 19:45:00,Short,2509.86,2510.28,0.21,2519.0,Opposite Signal,-8.82,7315.63
982,2024-08-23 19:45:00,2024-08-26 04:30:00,Long,2510.28,2511.86,0.22,2501.2,Opposite Signal,34.76,7350.39
983,2024-08-26 04:30:00,2024-08-26 05:00:00,Short,2511.86,2514.71,0.5,2515.85,Opposite Signal,-142.5,7207.89
984,2024-08-26 05:00:00,2024-08-26 05:45:00,Long,2514.71,2511.86,0.51,2510.83,Opposite Signal,-145.35,7062.54
985,2024-08-26 05:45:00,2024-08-26 09:15:00,Short,2511.86,2513.71,0.56,2515.42,Opposite Signal,-103.6,6958.94
986,2024-08-26 09:15:00,2024-08-26 10:30:00,Long (Partial 50%),2513.71,2519.82,0.32,2513.71,Partial TP 1:2,195.37,7154.31
986,2024-08-26 09:15:00,2024-08-26 13:00:00,Long,2513.71,2522.78,0.33,2522.78,Stop Loss,299.43,7453.74
987,2024-08-26 14:15:00,2024-08-26 14:45:00,Short,2521.3,2525.08,0.52,2525.08,Stop Loss,-196.63,7257.12
988,2024-08-26 14:45:00,2024-08-26 15:30:00,Long,2526.47,2522.49,0.5,2522.49,Stop Loss,-198.79,7058.33
989,2024-08-26 15:45:00,2024-08-26 16:45:00,Short (Partial 50%),2523.81,2515.46,0.23,2523.81,Partial TP 1:2,192.15,7250.48
989,2024-08-26 15:45:00,2024-08-26 17:45:00,Short,2523.81,2518.88,0.23,2518.88,Stop Loss,113.39,7363.88
990,2024-08-26 19:30:00,2024-08-26 20:30:00,Long,2517.16,2517.83,0.39,2512.13,Opposite Signal,26.13,7390.01
991,2024-08-26 20:30:00,2024-08-26 22:00:00,Short,2517.83,2520.0,0.41,2522.65,Opposite Signal,-88.97,7301.04
992,2024-08-26 22:00:00,2024-08-27 01:00:00,Long,2520.0,2515.91,0.48,2515.91,Stop Loss,-196.46,7104.58
993,2024-08-27 01:30:00,2024-08-27 04:00:00,Short (Partial 50%),2517.0,2511.5,0.36,2517.0,Partial TP 1:2,198.15,7302.73
993,2024-08-27 01:30:00,2024-08-27 05:45:00,Short,2517.0,2509.07,0.36,2509.07,Stop Loss,285.31,7588.04
994,2024-08-27 08:00:00,2024-08-27 09:00:00,Long (Partial 50%),2508.95,2515.39,0.31,2508.95,Partial TP 1:2,199.6,7787.64
994,2024-08-27 08:00:00,2024-08-27 09:30:00,Long,2508.95,2514.68,0.31,2514.68,Stop Loss,177.68,7965.32
995,2024-08-27 09:30:00,2024-08-27 10:00:00,Short,2513.5,2517.48,0.5,2517.48,Stop Loss,-199.18,7766.14
996,2024-08-27 11:00:00,2024-08-27 12:45:00,Long,2509.41,2508.89,0.37,2504.06,Opposite Signal,-19.24,7746.9
997,2024-08-27 12:45:00,2024-08-27 14:15:00,Short,2508.89,2511.66,0.42,2513.62,Opposite Signal,-116.34,7630.56
998,2024-08-27 14:15:00,2024-08-27 15:30:00,Long,2511.66,2508.56,0.46,2507.32,Opposite Signal,-142.6,7487.96
999,2024-08-27 15:30:00,2024-08-27 16:30:00,Short,2508.56,2512.7,0.48,2512.7,Stop Loss,-198.67,7289.29
1000,2024-08-27 16:30:00,2024-08-27 18:45:00,Long,2510.39,2512.1,0.35,2504.81,Opposite Signal,59.85,7349.14
1001,2024-08-27 18:45:00,2024-08-27 20:00:00,Short,2512.1,2516.28,0.32,2518.19,Opposite Signal,-133.76,7215.38
1002,2024-08-27 20:00:00,2024-08-28 02:00:00,Long (Partial 50%),2516.28,2526.02,0.2,2516.28,Partial TP 1:2,194.83,7410.22
1002,2024-08-27 20:00:00,2024-08-28 02:30:00,Long,2516.28,2524.91,0.2,2524.91,Stop Loss,172.68,7582.9
1003,2024-08-28 02:30:00,2024-08-28 04:30:00,Short (Partial 50%),2525.08,2519.41,0.35,2525.08,Partial TP 1:2,198.29,7781.19
1003,2024-08-28 02:30:00,2024-08-28 05:45:00,Short,2525.08,2517.87,0.35,2517.87,Stop Loss,252.3,8033.49
1004,2024-08-28 06:30:00,2024-08-28 07:15:00,Long,2516.57,2513.05,0.56,2513.05,Stop Loss,-197.12,7836.36
1005,2024-08-28 07:15:00,2024-08-28 08:30:00,Short (Partial 50%),2513.85,2507.11,0.29,2513.85,Partial TP 1:2,195.42,8031.78
1005,2024-08-28 07:15:00,2024-08-28 09:15:00,Short,2513.85,2508.15,0.3,2508.15,Stop Loss,170.98,8202.76
1006,2024-08-28 09:15:00,2024-08-28 09:30:00,Long,2508.87,2505.83,0.51,2505.0,Opposite Signal,-155.04,8047.72
1007,2024-08-28 09:30:00,2024-08-28 09:45:00,Short,2505.83,2508.51,0.49,2509.84,Opposite Signal,-131.32,7916.4
1008,2024-08-28 09:45:00,2024-08-28 11:15:00,Long,2508.51,2507.0,0.47,2504.29,Opposite Signal,-70.97,7845.43
1009,2024-08-28 11:15:00,2024-08-28 12:00:00,Short,2507.0,2508.92,0.49,2511.07,Opposite Signal,-94.08,7751.35
1010,2024-08-28 12:00:00,2024-08-28 13:00:00,Long,2508.92,2507.18,0.52,2505.13,Opposite Signal,-90.48,7660.87
1011,2024-08-28 13:00:00,2024-08-28 15:00:00,Short (Partial 50%),2507.18,2499.77,0.26,2507.18,Partial TP 1:2,192.64,7853.51
1011,2024-08-28 13:00:00,2024-08-28 15:45:00,Short,2507.18,2499.05,0.27,2499.05,Stop Loss,219.48,8072.99
1012,2024-08-28 15:45:00,2024-08-28 16:15:00,Long (Partial 50%),2500.64,2509.87,0.21,2500.64,Partial TP 1:2,193.75,8266.74
1012,2024-08-28 15:45:00,2024-08-28 16:30:00,Long,2500.64,2500.64,0.22,2500.64,Stop Loss,0.0,8266.74
1013,2024-08-28 16:30:00,2024-08-28 20:15:00,Short,2503.89,2503.46,0.29,2510.73,Opposite Signal,12.47,8279.21
1014,2024-08-28 20:15:00,2024-08-28 23:30:00,Long,2503.46,2504.33,0.34,2497.65,Opposite Signal,29.58,8308.79
1015,2024-08-28 23:30:00,2024-08-29 01:15:00,Short,2504.33,2507.61,0.49,2508.4,Opposite Signal,-160.72,8148.07
1016,2024-08-29 01:15:00,2024-08-29 06:30:00,Long (Partial 50%),2507.61,2515.3,0.26,2507.61,Partial TP 1:2,199.89,8347.95
1016,2024-08-29 01:15:00,2024-08-29 07:45:00,Long,2507.61,2516.03,0.26,2516.03,Stop Loss,218.99,8566.94
1017,2024-08-29 07:45:00,2024-08-29 08:30:00,Short,2515.82,2517.89,0.68,2518.76,Opposite Signal,-140.76,8426.18
1018,2024-08-29 08:30:00,2024-08-29 09:30:00,Long,2517.89,2517.4,0.64,2514.8,Opposite Signal,-31.36,8394.82
1019,2024-08-29 09:30:00,2024-08-29 10:45:00,Short,2517.4,2519.12,0.55,2521.03,Opposite Signal,-94.6,8300.22
1020,2024-08-29 10:45:00,2024-08-29 11:15:00,Long,2519.12,2515.34,0.52,2515.34,Stop Loss,-196.64,8103.58
1021,2024-08-29 11:15:00,2024-08-29 12:45:00,Short,2515.75,2520.1,0.45,2520.1,Stop Loss,-195.93,7907.65
1022,2024-08-29 12:45:00,2024-08-29 14:45:00,Long,2522.93,2519.93,0.42,2518.26,Opposite Signal,-126.0,7781.65
1023,2024-08-29 14:45:00,2024-08-29 15:30:00,Short (Partial 50%),2519.93,2511.85,0.24,2519.93,Partial TP 1:2,194.01,7975.66
1023,2024-08-29 14:45:00,2024-08-29 15:45:00,Short,2519.93,2509.17,0.25,2513.29,Opposite Signal,269.0,8244.66
1024,2024-08-29 15:45:00,2024-08-29 17:45:00,Long (Partial 50%),2509.17,2521.52,0.16,2509.17,Partial TP 1:2,197.65,8442.3
1024,2024-08-29 15:45:00,2024-08-29 18:15:00,Long,2509.17,2519.09,0.16,2519.09,Stop Loss,158.7,8601.0
1025,2024-08-29 21:45:00,2024-08-30 04:15:00,Short,2523.05,2518.61,0.41,2527.85,Opposite Signal,182.04,8783.04
1026,2024-08-30 04:15:00,2024-08-30 04:45:00,Long,2518.61,2515.82,0.71,2515.82,Stop Loss,-198.43,8584.61
1027,2024-08-30 04:45:00,2024-08-30 09:00:00,Short,2516.03,2515.62,0.64,2519.12,Opposite Signal,26.24,8610.85
1028,2024-08-30 09:00:00,2024-08-30 09:15:00,Long (Partial 50%),2515.62,2521.54,0.33,2515.62,Partial TP 1:2,195.42,8806.27
1028,2024-08-30 09:00:00,2024-08-30 09:45:00,Long,2515.62,2517.67,0.34,2517.67,Stop Loss,69.63,8875.9
1029,2024-08-30 09:45:00,2024-08-30 11:00:00,Short,2517.77,2521.95,0.47,2521.95,Stop Loss,-196.33,8679.57
1030,2024-08-30 11:00:00,2024-08-30 13:00:00,Long,2523.63,2521.67,0.45,2519.27,Opposite Signal,-88.2,8591.37
1031,2024-08-30 13:00:00,2024-08-30 14:00:00,Short,2521.67,2519.74,0.46,2526.0,Opposite Signal,88.78,8680.15
1032,2024-08-30 14:00:00,2024-08-30 15:30:00,Long,2519.74,2516.94,0.43,2515.11,Opposite Signal,-120.4,8559.75
1033,2024-08-30 15:30:00,2024-08-30 17:30:00,Short (Partial 50%),2516.94,2506.42,0.19,2516.94,Partial TP 1:2,199.85,8759.6
1033,2024-08-30 15:30:00,2024-08-30 20:45:00,Short,2516.94,2499.93,0.19,2499.93,Stop Loss,323.28,9082.88
1034,2024-08-30 21:00:00,2024-09-02 03:45:00,Long,2501.64,2501.43,0.29,2494.92,Opposite Signal,-6.09,9076.79
1035,2024-09-02 03:45:00,2024-09-02 04:00:00,Short,2501.43,2504.51,0.64,2504.51,Stop Loss,-197.12,8879.67
1036,2024-09-02 06:15:00,2024-09-02 09:45:00,Long,2494.75,2497.56,0.44,2490.23,Opposite Signal,123.64,9003.31
1037,2024-09-02 09:45:00,2024-09-02 11:00:00,Short,2497.56,2500.92,0.48,2501.67,Opposite Signal,-161.28,8842.03
1038,2024-09-02 11:00:00,2024-09-02 12:00:00,Long,2500.92,2502.82,0.48,2496.78,Opposite Signal,91.2,8933.23
1039,2024-09-02 12:00:00,2024-09-02 15:15:00,Short,2502.82,2501.37,0.4,2507.79,Opposite Signal,58.0,8991.23
1040,2024-09-02 15:15:00,2024-09-02 16:00:00,Long,2501.37,2499.7,0.56,2497.8,Opposite Signal,-93.52,8897.71
1041,2024-09-02 16:00:00,2024-09-02 17:30:00,Short,2499.7,2500.97,0.56,2503.26,Opposite Signal,-71.12,8826.59
1042,2024-09-02 17:30:00,2024-09-03 01:00:00,Long,2500.97,2498.94,0.55,2497.36,Opposite Signal,-111.65,8714.94
1043,2024-09-03 01:00:00,2024-09-03 04:00:00,Short (Partial 50%),2498.94,2494.32,0.43,2498.94,Partial TP 1:2,198.6,8913.54
1043,2024-09-03 01:00:00,2024-09-03 04:45:00,Short,2498.94,2492.92,0.43,2492.92,Stop Loss,258.65,9172.19
1044,2024-09-03 04:45:00,2024-09-03 06:30:00,Long,2493.67,2493.29,0.65,2490.63,Opposite Signal,-24.7,9147.49
1045,2024-09-03 06:30:00,2024-09-03 07:15:00,Short,2493.29,2496.58,0.6,2496.58,Stop Loss,-197.27,8950.22
1046,2024-09-03 07:15:00,2024-09-03 08:00:00,Long,2496.34,2494.07,0.64,2493.24,Opposite Signal,-145.28,8804.94
1047,2024-09-03 08:00:00,2024-09-03 09:15:00,Short,2494.07,2496.95,0.69,2496.95,Stop Loss,-198.98,8605.96
1048,2024-09-03 09:30:00,2024-09-03 11:15:00,Long (Partial 50%),2497.04,2503.6,0.3,2497.04,Partial TP 1:2,196.81,8802.78
1048,2024-09-03 09:30:00,2024-09-03 12:15:00,Long,2497.04,2502.71,0.3,2502.71,Stop Loss,170.03,8972.8
1049,2024-09-03 12:45:00,2024-09-03 13:30:00,Short (Partial 50%),2500.9,2494.21,0.29,2500.9,Partial TP 1:2,194.03,9166.84
1049,2024-09-03 12:45:00,2024-09-03 13:45:00,Short,2500.9,2497.31,0.3,2499.92,Opposite Signal,107.7,9274.54
1050,2024-09-03 13:45:00,2024-09-03 14:15:00,Long,2497.31,2495.31,0.51,2493.39,Opposite Signal,-102.0,9172.54
1051,2024-09-03 14:15:00,2024-09-03 14:45:00,Short (Partial 50%),2495.31,2486.15,0.21,2495.31,Partial TP 1:2,192.33,9364.86
1051,2024-09-03 14:15:00,2024-09-03 15:00:00,Short,2495.31,2495.31,0.22,2495.31,Stop Loss,0.0,9364.86
1052,2024-09-03 15:00:00,2024-09-03 16:15:00,Long,2497.96,2492.96,0.28,2490.85,Opposite Signal,-140.0,9224.86
1053,2024-09-03 16:15:00,2024-09-03 16:45:00,Short (Partial 50%),2492.96,2479.18,0.14,2492.96,Partial TP 1:2,192.95,9417.82
1053,2024-09-03 16:15:00,2024-09-03 18:30:00,Short,2492.96,2484.22,0.14,2484.22,Stop Loss,122.42,9540.24
1054,2024-09-03 18:45:00,2024-09-04 08:30:00,Long,2488.41,2494.75,0.23,2480.04,Opposite Signal,145.82,9686.06
1055,2024-09-04 08:30:00,2024-09-04 09:15:00,Short (Partial 50%),2494.75,2489.78,0.4,2494.75,Partial TP 1:2,198.7,9884.76
1055,2024-09-04 08:30:00,2024-09-04 10:00:00,Short,2494.75,2486.56,0.4,2486.56,Stop Loss,327.72,10212.48
1056,2024-09-04 10:00:00,2024-09-04 10:15:00,Long,2487.81,2484.02,0.52,2484.02,Stop Loss,-196.89,10015.58
1057,2024-09-04 10:15:00,2024-09-04 11:45:00,Short (Partial 50%),2483.76,2475.48,0.24,2483.76,Partial TP 1:2,198.71,10214.29
1057,2024-09-04 10:15:00,2024-09-04 12:30:00,Short,2483.76,2477.59,0.24,2477.59,Stop Loss,148.1,10362.39
1058,2024-09-04 12:30:00,2024-09-04 13:45:00,Long (Partial 50%),2478.93,2489.31,0.19,2478.93,Partial TP 1:2,197.17,10559.57
1058,2024-09-04 12:30:00,2024-09-04 14:30:00,Long,2478.93,2487.43,0.19,2487.43,Stop Loss,161.49,10721.05
1059,2024-09-04 15:15:00,2024-09-04 15:30:00,Short,2486.77,2490.31,0.38,2491.95,Opposite Signal,-134.52,10586.53
1060,2024-09-04 15:30:00,2024-09-04 15:45:00,Long,2490.31,2486.49,0.36,2484.86,Opposite Signal,-137.52,10449.01
1061,2024-09-04 15:45:00,2024-09-04 17:00:00,Short,2486.49,2492.14,0.35,2492.14,Stop Loss,-197.91,10251.1
1062,2024-09-04 17:00:00,2024-09-04 22:30:00,Long,2491.51,2491.94,0.26,2483.84,Opposite Signal,11.18,10262.28
1063,2024-09-04 22:30:00,2024-09-04 23:00:00,Short,2491.94,2494.73,0.56,2495.48,Opposite Signal,-156.24,10106.04
1064,2024-09-04 23:00:00,2024-09-05 06:30:00,Long,2494.73,2496.03,0.59,2491.37,Opposite Signal,76.7,10182.74
1065,2024-09-05 06:30:00,2024-09-05 08:30:00,Short,2496.03,2497.92,0.82,2498.45,Opposite Signal,-154.98,10027.76
1066,2024-09-05 08:30:00,2024-09-05 09:00:00,Long (Partial 50%),2497.92,2502.61,0.42,2497.92,Partial TP 1:2,196.91,10224.67
1066,2024-09-05 08:30:00,2024-09-05 09:30:00,Long,2497.92,2504.0,0.43,2504.0,Stop Loss,261.27,10485.94
1067,2024-09-05 09:30:00,2024-09-05 10:15:00,Short,2503.05,2506.23,0.52,2506.88,Opposite Signal,-165.36,10320.58
1068,2024-09-05 10:15:00,2024-09-05 11:15:00,Long (Partial 50%),2506.23,2513.39,0.27,2506.23,Partial TP 1:2,193.2,10513.78
1068,2024-09-05 10:15:00,2024-09-05 13:30:00,Long,2506.23,2514.18,0.28,2514.18,Stop Loss,222.6,10736.38
1069,2024-09-05 15:00:00,2024-09-05 15:15:00,Short,2513.93,2517.82,0.51,2517.82,Stop Loss,-198.26,10538.11
1070,2024-09-05 15:15:00,2024-09-05 15:45:00,Long,2518.81,2517.69,0.44,2514.28,Opposite Signal,-49.28,10488.83
1071,2024-09-05 15:45:00,2024-09-05 18:00:00,Short (Partial 50%),2517.69,2506.77,0.18,2517.69,Partial TP 1:2,196.48,10685.31
1071,2024-09-05 15:45:00,2024-09-05 18:30:00,Short,2517.69,2510.72,0.18,2510.72,Stop Loss,125.45,10810.77
1072,2024-09-05 20:15:00,2024-09-06 03:45:00,Long,2512.79,2515.91,0.35,2507.09,Opposite Signal,109.2,10919.97
1073,2024-09-06 03:45:00,2024-09-06 05:15:00,Short,2515.91,2515.65,1.13,2517.68,Opposite Signal,29.38,10949.35
1074,2024-09-06 05:15:00,2024-09-06 08:00:00,Long (Partial 50%),2515.65,2520.27,0.43,2515.65,Partial TP 1:2,198.8,11148.14
1074,2024-09-06 05:15:00,2024-09-06 08:45:00,Long,2515.65,2519.25,0.43,2519.25,Stop Loss,154.78,11302.92
1075,2024-09-06 09:00:00,2024-09-06 12:30:00,Short,2519.21,2519.63,0.89,2521.44,Opposite Signal,-37.38,11265.54
1076,2024-09-06 12:30:00,2024-09-06 13:30:00,Long,2519.63,2517.43,0.71,2516.83,Opposite Signal,-156.2,11109.34
1077,2024-09-06 13:30:00,2024-09-06 15:15:00,Short,2517.43,2516.04,0.68,2520.33,Opposite Signal,94.52,11203.86
1078,2024-09-06 15:15:00,2024-09-06 15:30:00,Long,2516.04,2512.35,0.54,2512.35,Stop Loss,-199.47,11004.39
1079,2024-09-06 16:00:00,2024-09-06 17:30:00,Short,2514.76,2513.61,0.25,2522.74,Opposite Signal,28.75,11033.14
1080,2024-09-06 17:30:00,2024-09-06 18:45:00,Long,2513.61,2505.59,0.18,2502.99,Opposite Signal,-144.36,10888.78
1081,2024-09-06 18:45:00,2024-09-06 21:15:00,Short,2505.59,2495.92,0.17,2516.84,Opposite Signal,164.39,11053.17
1082,2024-09-06 21:15:00,2024-09-09 08:00:00,Long,2495.92,2496.66,0.21,2486.49,Opposite Signal,15.54,11068.71
1083,2024-09-09 08:00:00,2024-09-09 08:30:00,Short (Partial 50%),2496.66,2491.92,0.42,2496.66,Partial TP 1:2,198.89,11267.6
1083,2024-09-09 08:00:00,2024-09-09 09:00:00,Short,2496.66,2490.07,0.42,2490.07,Stop Loss,276.57,11544.17
1084,2024-09-09 09:30:00,2024-09-09 15:15:00,Long (Partial 50%),2492.31,2501.6,0.21,2492.31,Partial TP 1:2,195.12,11739.29
1084,2024-09-09 09:30:00,2024-09-09 16:00:00,Long,2492.31,2500.16,0.22,2500.16,Stop Loss,172.74,11912.04
1085,2024-09-09 16:45:00,2024-09-09 18:45:00,Short,2499.78,2499.14,0.39,2504.9,Opposite Signal,24.96,11937.0
1086,2024-09-09 18:45:00,2024-09-09 20:45:00,Long,2499.14,2499.96,0.37,2493.87,Opposite Signal,30.34,11967.34
1087,2024-09-09 20:45:00,2024-09-09 21:45:00,Short,2499.96,2504.8,0.41,2504.8,Stop Loss,-198.58,11768.75
1088,2024-09-09 21:45:00,2024-09-10 03:15:00,Long,2504.73,2505.07,0.47,2500.5,Opposite Signal,15.98,11784.73
1089,2024-09-10 03:15:00,2024-09-10 06:00:00,Short,2505.07,2504.25,0.89,2507.3,Opposite Signal,72.98,11857.71
1090,2024-09-10 06:00:00,2024-09-10 06:30:00,Long,2504.25,2501.9,0.85,2501.9,Stop Loss,-199.76,11657.96
1091,2024-09-10 06:30:00,2024-09-10 08:15:00,Short,2502.22,2503.4,0.8,2504.7,Opposite Signal,-94.4,11563.56
1092,2024-09-10 08:15:00,2024-09-10 09:30:00,Long,2503.4,2504.33,0.9,2501.2,Opposite Signal,83.7,11647.26
1093,2024-09-10 09:30:00,2024-09-10 10:15:00,Short,2504.33,2505.25,0.76,2506.93,Opposite Signal,-69.92,11577.34
1094,2024-09-10 10:15:00,2024-09-10 10:45:00,Long,2505.25,2502.27,0.67,2502.27,Stop Loss,-199.44,11377.89
1095,2024-09-10 10:45:00,2024-09-10 12:30:00,Short,2502.77,2503.36,0.59,2506.15,Opposite Signal,-34.81,11343.08
1096,2024-09-10 12:30:00,2024-09-10 13:45:00,Long,2503.36,2505.68,0.62,2500.16,Opposite Signal,143.84,11486.92
1097,2024-09-10 13:45:00,2024-09-10 15:00:00,Short,2505.68,2506.78,0.59,2509.03,Opposite Signal,-64.9,11422.02
1098,2024-09-10 15:00:00,2024-09-10 15:45:00,Long (Partial 50%),2506.78,2513.15,0.31,2506.78,Partial TP 1:2,197.53,11619.56
1098,2024-09-10 15:00:00,2024-09-10 16:30:00,Long,2506.78,2512.27,0.31,2512.27,Stop Loss,170.18,11789.74
1099,2024-09-10 16:30:00,2024-09-10 17:30:00,Short (Partial 50%),2510.26,2501.22,0.22,2510.26,Partial TP 1:2,198.94,11988.68
1099,2024-09-10 16:30:00,2024-09-10 17:45:00,Short,2510.26,2509.08,0.22,2510.26,Opposite Signal,25.96,12014.64
1100,2024-09-10 17:45:00,2024-09-10 22:30:00,Long,2509.08,2514.49,0.34,2503.25,Opposite Signal,183.94,12198.58
1101,2024-09-10 22:30:00,2024-09-10 22:45:00,Short,2514.49,2517.21,0.57,2517.98,Opposite Signal,-155.04,12043.54
1102,2024-09-10 22:45:00,2024-09-11 03:45:00,Long,2517.21,2516.5,0.55,2513.63,Opposite Signal,-39.05,12004.49
1103,2024-09-11 03:45:00,2024-09-11 04:30:00,Short,2516.5,2518.75,0.88,2518.75,Stop Loss,-198.44,11806.05
1104,2024-09-11 04:30:00,2024-09-11 05:00:00,Long,2520.11,2518.1,0.7,2517.25,Opposite Signal,-140.7,11665.35
1105,2024-09-11 05:00:00,2024-09-11 08:00:00,Short,2518.1,2520.67,0.6,2521.42,Opposite Signal,-154.2,11511.15
1106,2024-09-11 08:00:00,2024-09-11 09:00:00,Long (Partial 50%),2520.67,2525.53,0.41,2520.67,Partial TP 1:2,199.29,11710.45
1106,2024-09-11 08:00:00,2024-09-11 10:30:00,Long,2520.67,2525.32,0.41,2525.32,Stop Loss,190.79,11901.24
1107,2024-09-11 10:30:00,2024-09-11 11:30:00,Short,2523.5,2526.19,0.52,2527.32,Opposite Signal,-139.88,11761.36
1108,2024-09-11 11:30:00,2024-09-11 12:15:00,Long,2526.19,2522.4,0.46,2521.93,Opposite Signal,-174.34,11587.02
1109,2024-09-11 12:15:00,2024-09-11 15:30:00,Short (Partial 50%),2522.4,2514.11,0.24,2522.4,Partial TP 1:2,198.98,11786.0
1109,2024-09-11 12:15:00,2024-09-11 16:00:00,Short,2522.4,2508.73,0.24,2512.8,Opposite Signal,328.08,12114.08
1110,2024-09-11 16:00:00,2024-09-11 17:00:00,Long,2508.73,2501.47,0.27,2501.47,Stop Loss,-196.08,11918.0
1111,2024-09-11 17:00:00,2024-09-11 18:00:00,Short,2504.33,2512.28,0.25,2512.28,Stop Loss,-198.68,11719.32
1112,2024-09-11 18:00:00,2024-09-11 20:15:00,Long,2513.62,2514.06,0.25,2505.73,Opposite Signal,11.0,11730.32
1113,2024-09-11 20:15:00,2024-09-11 23:15:00,Short,2514.06,2513.35,0.32,2520.18,Opposite Signal,22.72,11753.04
1114,2024-09-11 23:15:00,2024-09-12 03:15:00,Long,2513.35,2511.18,0.51,2509.46,Opposite Signal,-110.67,11642.37
1115,2024-09-12 03:15:00,2024-09-12 04:00:00,Short,2511.18,2513.34,0.92,2513.34,Stop Loss,-198.67,11443.7
1116,2024-09-12 04:00:00,2024-09-12 04:45:00,Long,2513.88,2513.15,0.9,2511.66,Opposite Signal,-65.7,11378.0
1117,2024-09-12 04:45:00,2024-09-12 06:15:00,Short,2513.15,2513.89,0.85,2515.49,Opposite Signal,-62.9,11315.1
1118,2024-09-12 06:15:00,2024-09-12 08:15:00,Long (Partial 50%),2513.89,2518.66,0.41,2513.89,Partial TP 1:2,195.52,11510.61
1118,2024-09-12 06:15:00,2024-09-12 09:30:00,Long,2513.89,2519.1,0.42,2519.1,Stop Loss,218.89,11729.51
1119,2024-09-12 09:30:00,2024-09-12 11:00:00,Short,2518.61,2517.47,0.78,2521.17,Opposite Signal,88.92,11818.43
1120,2024-09-12 11:00:00,2024-09-12 11:30:00,Long,2517.47,2516.78,0.71,2514.66,Opposite Signal,-48.99,11769.44
1121,2024-09-12 11:30:00,2024-09-12 12:45:00,Short,2516.78,2518.82,0.66,2519.79,Opposite Signal,-134.64,11634.8
1122,2024-09-12 12:45:00,2024-09-12 13:15:00,Long,2518.82,2517.86,0.7,2515.98,Opposite Signal,-67.2,11567.6
1123,2024-09-12 13:15:00,2024-09-12 14:00:00,Short,2517.86,2515.57,0.65,2520.9,Opposite Signal,148.85,11716.45
1124,2024-09-12 14:00:00,2024-09-12 15:15:00,Long (Partial 50%),2515.57,2522.63,0.28,2515.57,Partial TP 1:2,197.73,11914.18
1124,2024-09-12 14:00:00,2024-09-12 16:00:00,Long,2515.57,2524.56,0.28,2524.56,Stop Loss,251.8,12165.98
1125,2024-09-12 19:00:00,2024-09-12 20:00:00,Short,2546.91,2552.73,0.23,2555.57,Opposite Signal,-133.86,12032.12
1126,2024-09-12 20:00:00,2024-09-13 06:30:00,Long (Partial 50%),2552.73,2568.11,0.13,2552.73,Partial TP 1:2,199.97,12232.09
1126,2024-09-12 20:00:00,2024-09-13 08:45:00,Long,2552.73,2567.69,0.13,2567.69,Stop Loss,194.42,12426.51
1127,2024-09-13 08:45:00,2024-09-13 09:15:00,Short,2566.49,2567.58,0.62,2569.71,Opposite Signal,-67.58,12358.93
1128,2024-09-13 09:15:00,2024-09-13 11:15:00,Long,2567.58,2566.05,0.52,2563.81,Opposite Signal,-79.56,12279.37
1129,2024-09-13 11:15:00,2024-09-13 11:45:00,Short,2566.05,2570.53,0.44,2570.53,Stop Loss,-197.03,12082.34
1130,2024-09-13 11:45:00,2024-09-13 12:45:00,Long,2569.97,2568.57,0.43,2565.39,Opposite Signal,-60.2,12022.14
1131,2024-09-13 12:45:00,2024-09-13 14:45:00,Short,2568.57,2567.31,0.41,2573.38,Opposite Signal,51.66,12073.8
1132,2024-09-13 14:45:00,2024-09-13 16:00:00,Long (Partial 50%),2567.31,2576.28,0.22,2567.31,Partial TP 1:2,197.35,12271.15
1132,2024-09-13 14:45:00,2024-09-13 16:45:00,Long,2567.31,2578.98,0.22,2578.98,Stop Loss,256.75,12527.9
1133,2024-09-13 16:45:00,2024-09-13 18:45:00,Short,2577.44,2582.24,0.32,2583.54,Opposite Signal,-153.6,12374.3
1134,2024-09-13 18:45:00,2024-09-13 22:00:00,Long,2582.24,2578.92,0.33,2576.23,Opposite Signal,-109.56,12264.74
1135,2024-09-13 22:00:00,2024-09-13 22:45:00,Short,2578.92,2582.58,0.42,2583.62,Opposite Signal,-153.72,12111.02
1136,2024-09-13 22:45:00,2024-09-13 23:45:00,Long,2582.58,2578.22,0.45,2578.22,Stop Loss,-196.37,11914.65
1137,2024-09-13 23:45:00,2024-09-16 03:00:00,Short,2578.92,2581.42,0.52,2582.74,Opposite Signal,-130.0,11784.65
1138,2024-09-16 03:00:00,2024-09-16 06:00:00,Long (Partial 50%),2581.42,2587.75,0.31,2581.42,Partial TP 1:2,196.31,11980.96
1138,2024-09-16 03:00:00,2024-09-16 09:00:00,Long,2581.42,2587.17,0.32,2587.17,Stop Loss,183.87,12164.83
1139,2024-09-16 09:00:00,2024-09-16 09:30:00,Short,2586.92,2588.85,0.71,2589.71,Opposite Signal,-137.03,12027.8
1140,2024-09-16 09:30:00,2024-09-16 09:45:00,Long,2588.85,2585.88,0.67,2585.88,Stop Loss,-199.16,11828.64
1141,2024-09-16 09:45:00,2024-09-16 11:15:00,Short,2585.3,2586.95,0.59,2588.65,Opposite Signal,-97.35,11731.29
1142,2024-09-16 11:15:00,2024-09-16 13:00:00,Long,2586.95,2584.5,0.48,2582.84,Opposite Signal,-117.6,11613.69
1143,2024-09-16 13:00:00,2024-09-16 13:45:00,Short (Partial 50%),2584.5,2577.07,0.26,2584.5,Partial TP 1:2,193.15,11806.83
1143,2024-09-16 13:00:00,2024-09-16 14:15:00,Short,2584.5,2582.0,0.27,2583.46,Opposite Signal,67.5,11874.33
1144,2024-09-16 14:15:00,2024-09-16 17:00:00,Long,2582.0,2581.35,0.47,2577.76,Opposite Signal,-30.55,11843.78
1145,2024-09-16 17:00:00,2024-09-16 19:30:00,Short,2581.35,2582.56,0.33,2587.28,Opposite Signal,-39.93,11803.85
1146,2024-09-16 19:30:00,2024-09-16 22:00:00,Long,2582.56,2580.17,0.42,2577.88,Opposite Signal,-100.38,11703.47
1147,2024-09-16 22:00:00,2024-09-16 22:45:00,Short,2580.17,2582.52,0.63,2583.32,Opposite Signal,-148.05,11555.42
1148,2024-09-16 22:45:00,2024-09-17 03:15:00,Long,2582.52,2582.32,0.68,2579.59,Opposite Signal,-13.6,11541.82
1149,2024-09-17 03:15:00,2024-09-17 04:30:00,Short,2582.32,2581.48,0.98,2584.36,Opposite Signal,82.32,11624.14
1150,2024-09-17 04:30:00,2024-09-17 05:15:00,Long (Partial 50%),2581.48,2586.12,0.43,2581.48,Partial TP 1:2,199.48,11823.62
1150,2024-09-17 04:30:00,2024-09-17 05:30:00,Long,2581.48,2583.67,0.43,2581.86,Opposite Signal,94.17,11917.79
1151,2024-09-17 05:30:00,2024-09-17 06:15:00,Short (Partial 50%),2583.67,2578.23,0.36,2583.67,Partial TP 1:2,195.99,12113.78
1151,2024-09-17 05:30:00,2024-09-17 07:30:00,Short,2583.67,2579.15,0.37,2579.15,Stop Loss,167.37,12281.15
1152,2024-09-17 08:30:00,2024-09-17 09:15:00,Long (Partial 50%),2577.89,2584.49,0.3,2577.89,Partial TP 1:2,197.92,12479.07
1152,2024-09-17 08:30:00,2024-09-17 10:00:00,Long,2577.89,2583.34,0.3,2583.34,Stop Loss,163.51,12642.58
1153,2024-09-17 11:00:00,2024-09-17 12:15:00,Short (Partial 50%),2582.51,2575.54,0.28,2582.51,Partial TP 1:2,195.08,12837.66
1153,2024-09-17 11:00:00,2024-09-17 14:15:00,Short,2582.51,2574.63,0.28,2574.63,Stop Loss,220.7,13058.36
1154,2024-09-17 14:15:00,2024-09-17 15:15:00,Long,2575.96,2577.14,0.46,2571.67,Opposite Signal,54.28,13112.64
1155,2024-09-17 15:15:00,2024-09-17 15:45:00,Short,2577.14,2577.79,0.4,2582.08,Opposite Signal,-26.0,13086.64
1156,2024-09-17 15:45:00,2024-09-17 16:45:00,Long,2577.79,2573.75,0.32,2571.61,Opposite Signal,-129.28,12957.36
1157,2024-09-17 16:45:00,2024-09-17 17:00:00,Short,2573.75,2580.16,0.31,2580.16,Stop Loss,-198.82,12758.54
1158,2024-09-17 17:00:00,2024-09-17 17:30:00,Long,2580.79,2573.92,0.29,2573.92,Stop Loss,-199.33,12559.21
1159,2024-09-17 17:30:00,2024-09-17 20:30:00,Short,2572.38,2567.5,0.27,2579.54,Opposite Signal,131.76,12690.97
1160,2024-09-17 20:30:00,2024-09-18 03:30:00,Long,2567.5,2571.65,0.32,2561.32,Opposite Signal,132.8,12823.77
1161,2024-09-18 03:30:00,2024-09-18 04:00:00,Short,2571.65,2574.41,0.72,2574.41,Stop Loss,-198.61,12625.16
1162,2024-09-18 04:00:00,2024-09-18 04:45:00,Long,2574.59,2572.22,0.63,2571.45,Opposite Signal,-149.31,12475.85
1163,2024-09-18 04:45:00,2024-09-18 05:45:00,Short,2572.22,2573.71,0.59,2575.6,Opposite Signal,-87.91,12387.94
1164,2024-09-18 05:45:00,2024-09-18 07:15:00,Long,2573.71,2573.27,0.63,2570.55,Opposite Signal,-27.72,12360.22
1165,2024-09-18 07:15:00,2024-09-18 08:00:00,Short (Partial 50%),2573.27,2567.55,0.34,2573.27,Partial TP 1:2,194.52,12554.74
1165,2024-09-18 07:15:00,2024-09-18 09:00:00,Short,2573.27,2568.75,0.34,2568.75,Stop Loss,153.54,12708.28
1166,2024-09-18 09:45:00,2024-09-18 11:30:00,Long,2569.08,2569.11,0.65,2566.03,Opposite Signal,1.95,12710.23
1167,2024-09-18 11:30:00,2024-09-18 12:45:00,Short,2569.11,2571.99,0.63,2572.28,Opposite Signal,-181.44,12528.79
1168,2024-09-18 12:45:00,2024-09-18 14:30:00,Long (Partial 50%),2571.99,2578.53,0.3,2571.99,Partial TP 1:2,196.28,12725.08
1168,2024-09-18 12:45:00,2024-09-18 14:45:00,Long,2571.99,2577.39,0.31,2574.83,Opposite Signal,167.4,12892.48
1169,2024-09-18 14:45:00,2024-09-18 16:00:00,Short,2577.39,2577.63,0.52,2581.23,Opposite Signal,-12.48,12880.0
1170,2024-09-18 16:00:00,2024-09-18 16:30:00,Long,2577.63,2573.76,0.51,2573.76,Stop Loss,-197.35,12682.65
1171,2024-09-18 16:30:00,2024-09-18 18:15:00,Short,2573.27,2572.5,0.45,2577.7,Opposite Signal,34.65,12717.3
1172,2024-09-18 18:15:00,2024-09-18 20:30:00,Long,2572.5,2571.01,0.39,2567.4,Opposite Signal,-58.11,12659.19
1173,2024-09-18 20:30:00,2024-09-18 21:00:00,Short,2571.01,2575.44,0.45,2575.44,Stop Loss,-199.19,12460.0
1174,2024-09-18 21:00:00,2024-09-18 21:30:00,Long,2588.56,2580.38,0.24,2580.38,Stop Loss,-196.24,12263.75
1175,2024-09-18 21:30:00,2024-09-18 22:00:00,Short (Partial 50%),2580.66,2558.15,0.08,2580.66,Partial TP 1:2,180.07,12443.83
1175,2024-09-18 21:30:00,2024-09-18 23:15:00,Short,2580.66,2558.84,0.09,2558.84,Stop Loss,196.34,12640.16
1176,2024-09-18 23:15:00,2024-09-19 04:00:00,Long,2559.52,2554.01,0.14,2545.58,Opposite Signal,-77.14,12563.02
1177,2024-09-19 04:00:00,2024-09-19 05:00:00,Short,2554.01,2559.29,0.33,2560.03,Opposite Signal,-174.24,12388.78
1178,2024-09-19 05:00:00,2024-09-19 08:30:00,Long (Partial 50%),2559.29,2571.66,0.16,2559.29,Partial TP 1:2,197.98,12586.76
1178,2024-09-19 05:00:00,2024-09-19 09:45:00,Long,2559.29,2573.91,0.16,2573.91,Stop Loss,233.93,12820.69
1179,2024-09-19 13:15:00,2024-09-19 14:45:00,Short,2588.41,2589.45,0.39,2593.51,Opposite Signal,-40.56,12780.13
1180,2024-09-19 14:45:00,2024-09-19 15:30:00,Long,2589.45,2584.61,0.41,2584.61,Stop Loss,-198.46,12581.67
1181,2024-09-19 15:30:00,2024-09-19 17:15:00,Short,2579.38,2580.2,0.34,2585.14,Opposite Signal,-27.88,12553.79
1182,2024-09-19 17:15:00,2024-09-19 22:15:00,Long,2580.2,2587.35,0.24,2572.0,Opposite Signal,171.6,12725.39
1183,2024-09-19 22:15:00,2024-09-20 03:30:00,Short,2587.35,2588.05,0.5,2591.29,Opposite Signal,-35.0,12690.39
1184,2024-09-20 03:30:00,2024-09-20 04:15:00,Long,2588.05,2586.06,1.0,2586.06,Stop Loss,-199.14,12491.25
1185,2024-09-20 04:15:00,2024-09-20 04:30:00,Short,2585.33,2587.64,0.86,2587.64,Stop Loss,-198.68,12292.57
1186,2024-09-20 04:30:00,2024-09-20 06:00:00,Long (Partial 50%),2587.86,2592.95,0.39,2587.86,Partial TP 1:2,198.57,12491.13
1186,2024-09-20 04:30:00,2024-09-20 10:45:00,Long,2587.86,2605.08,0.39,2605.08,Stop Loss,671.39,13162.52
1187,2024-09-20 12:00:00,2024-09-20 13:30:00,Short,2609.06,2610.31,0.46,2613.34,Opposite Signal,-57.5,13105.02
1188,2024-09-20 13:30:00,2024-09-20 15:15:00,Long (Partial 50%),2610.31,2618.84,0.23,2610.31,Partial TP 1:2,196.17,13301.19
1188,2024-09-20 13:30:00,2024-09-20 16:00:00,Long,2610.31,2613.55,0.23,2613.55,Stop Loss,74.55,13375.74
1189,2024-09-20 16:00:00,2024-09-20 17:15:00,Short,2609.61,2613.48,0.37,2615.0,Opposite Signal,-143.19,13232.55
1190,2024-09-20 17:15:00,2024-09-20 20:30:00,Long,2613.48,2620.12,0.28,2606.5,Opposite Signal,185.92,13418.47
1191,2024-09-20 20:30:00,2024-09-20 22:15:00,Short,2620.12,2623.17,0.33,2626.15,Opposite Signal,-100.65,13317.82
1192,2024-09-20 22:15:00,2024-09-20 23:15:00,Long,2623.17,2619.98,0.42,2618.48,Opposite Signal,-133.98,13183.84
1193,2024-09-20 23:15:00,2024-09-23 04:30:00,Short,2619.98,2621.04,0.51,2623.86,Opposite Signal,-54.06,13129.78
1194,2024-09-23 04:30:00,2024-09-23 06:00:00,Long (Partial 50%),2621.04,2627.79,0.29,2621.04,Partial TP 1:2,195.73,13325.51
1194,2024-09-23 04:30:00,2024-09-23 06:30:00,Long,2621.04,2628.16,0.3,2628.16,Stop Loss,213.59,13539.1
1195,2024-09-23 08:00:00,2024-09-23 10:00:00,Short (Partial 50%),2627.98,2620.82,0.27,2627.98,Partial TP 1:2,193.19,13732.29
1195,2024-09-23 08:00:00,2024-09-23 11:00:00,Short,2627.98,2618.24,0.28,2618.24,Stop Loss,272.78,14005.07
1196,2024-09-23 12:15:00,2024-09-23 15:45:00,Long (Partial 50%),2618.72,2627.54,0.22,2618.72,Partial TP 1:2,194.13,14199.2
1196,2024-09-23 12:15:00,2024-09-23 16:30:00,Long,2618.72,2626.6,0.23,2626.6,Stop Loss,181.33,14380.54
1197,2024-09-23 17:45:00,2024-09-23 23:45:00,Short,2630.39,2628.3,0.32,2636.51,Opposite Signal,66.88,14447.42
1198,2024-09-23 23:45:00,2024-09-24 02:00:00,Long,2628.3,2626.63,0.8,2625.81,Opposite Signal,-133.6,14313.82
1199,2024-09-24 02:00:00,2024-09-24 04:00:00,Short,2626.63,2628.78,0.92,2628.78,Stop Loss,-198.07,14115.75
1200,2024-09-24 04:00:00,2024-09-24 05:00:00,Long,2628.99,2627.53,0.8,2626.5,Opposite Signal,-116.8,13998.95
1201,2024-09-24 05:00:00,2024-09-24 06:00:00,Short,2627.53,2629.96,0.68,2630.43,Opposite Signal,-165.24,13833.71
1202,2024-09-24 06:00:00,2024-09-24 06:30:00,Long (Partial 50%),2629.96,2635.33,0.37,2629.96,Partial TP 1:2,198.56,14032.27
1202,2024-09-24 06:00:00,2024-09-24 07:00:00,Long,2629.96,2632.05,0.37,2632.05,Stop Loss,77.19,14109.47
1203,2024-09-24 08:30:00,2024-09-24 08:45:00,Short (Partial 50%),2633.34,2625.45,0.25,2633.34,Partial TP 1:2,197.14,14306.61
1203,2024-09-24 08:30:00,2024-09-24 09:45:00,Short,2633.34,2629.5,0.25,2629.5,Stop Loss,96.07,14402.68
1204,2024-09-24 09:45:00,2024-09-24 10:30:00,Long,2628.73,2623.62,0.39,2623.62,Stop Loss,-199.46,14203.22
1205,2024-09-24 10:30:00,2024-09-24 10:45:00,Short,2625.3,2628.93,0.38,2630.47,Opposite Signal,-137.94,14065.28
1206,2024-09-24 10:45:00,2024-09-24 14:00:00,Long,2628.93,2631.52,0.37,2623.62,Opposite Signal,95.83,14161.11
1207,2024-09-24 14:00:00,2024-09-24 15:45:00,Short,2631.52,2633.2,0.45,2635.91,Opposite Signal,-75.6,14085.51
1208,2024-09-24 15:45:00,2024-09-24 17:45:00,Long (Partial 50%),2633.2,2644.81,0.17,2633.2,Partial TP 1:2,197.31,14282.82
1208,2024-09-24 15:45:00,2024-09-24 18:45:00,Long,2633.2,2641.61,0.17,2641.61,Stop Loss,142.9,14425.72
1209,2024-09-24 23:30:00,2024-09-25 03:45:00,Short,2659.38,2660.78,0.42,2664.12,Opposite Signal,-58.8,14366.92
1210,2024-09-25 03:45:00,2024-09-25 04:15:00,Long,2660.78,2657.59,0.62,2657.59,Stop Loss,-197.9,14169.02
1211,2024-09-25 04:15:00,2024-09-25 04:45:00,Short,2658.26,2660.05,0.53,2661.98,Opposite Signal,-94.87,14074.15
1212,2024-09-25 04:45:00,2024-09-25 05:45:00,Long (Partial 50%),2660.05,2668.46,0.23,2660.05,Partial TP 1:2,193.39,14267.54
1212,2024-09-25 04:45:00,2024-09-25 06:00:00,Long,2660.05,2664.19,0.23,2660.35,Opposite Signal,95.22,14362.76
1213,2024-09-25 06:00:00,2024-09-25 10:00:00,Short (Partial 50%),2664.19,2652.66,0.17,2664.19,Partial TP 1:2,196.04,14558.8
1213,2024-09-25 06:00:00,2024-09-25 10:45:00,Short,2664.19,2656.45,0.17,2656.45,Stop Loss,131.62,14690.42
1214,2024-09-25 10:45:00,2024-09-25 17:00:00,Long (Partial 50%),2656.95,2666.7,0.2,2656.95,Partial TP 1:2,195.04,14885.46
1214,2024-09-25 10:45:00,2024-09-25 17:30:00,Long,2656.95,2662.24,0.2,2662.24,Stop Loss,105.78,14991.25
1215,2024-09-25 17:30:00,2024-09-25 19:45:00,Short (Partial 50%),2661.69,2649.78,0.16,2661.69,Partial TP 1:2,190.59,15181.84
1215,2024-09-25 17:30:00,2024-09-25 20:15:00,Short,2661.69,2658.95,0.17,2658.95,Stop Loss,46.53,15228.37
1216,2024-09-25 20:15:00,2024-09-25 23:30:00,Long,2660.43,2657.25,0.32,2654.36,Opposite Signal,-101.76,15126.61
1217,2024-09-25 23:30:00,2024-09-26 02:15:00,Short,2657.25,2659.29,0.61,2660.49,Opposite Signal,-124.44,15002.17
1218,2024-09-26 02:15:00,2024-09-26 02:45:00,Long,2659.29,2656.47,0.71,2656.47,Stop Loss,-199.92,14802.25
1219,2024-09-26 02:45:00,2024-09-26 03:15:00,Short,2656.36,2657.78,0.7,2659.21,Opposite Signal,-99.4,14702.85
1220,2024-09-26 03:15:00,2024-09-26 05:45:00,Long,2657.78,2658.1,0.69,2654.89,Opposite Signal,22.08,14724.93
1221,2024-09-26 05:45:00,2024-09-26 06:15:00,Short,2658.1,2661.53,0.58,2661.53,Stop Loss,-198.97,14525.95
1222,2024-09-26 06:15:00,2024-09-26 09:00:00,Long,2660.91,2658.65,0.58,2657.51,Opposite Signal,-131.08,14394.87
1223,2024-09-26 09:00:00,2024-09-26 09:15:00,Short,2658.65,2661.04,0.59,2662.0,Opposite Signal,-141.01,14253.86
1224,2024-09-26 09:15:00,2024-09-26 11:15:00,Long (Partial 50%),2661.04,2668.15,0.28,2661.04,Partial TP 1:2,199.14,14453.0
1224,2024-09-26 09:15:00,2024-09-26 15:00:00,Long,2661.04,2679.09,0.28,2679.09,Stop Loss,505.36,14958.36
1225,2024-09-26 15:00:00,2024-09-26 16:00:00,Short (Partial 50%),2677.07,2663.82,0.15,2677.07,Partial TP 1:2,198.69,15157.05
1225,2024-09-26 15:00:00,2024-09-26 17:15:00,Short,2677.07,2668.06,0.15,2668.06,Stop Loss,135.1,15292.14
1226,2024-09-26 18:15:00,2024-09-26 19:00:00,Long,2669.69,2664.28,0.21,2660.27,Opposite Signal,-113.61,15178.53
1227,2024-09-26 19:00:00,2024-09-26 20:00:00,Short,2664.28,2671.21,0.21,2673.43,Opposite Signal,-145.53,15033.0
1228,2024-09-26 20:00:00,2024-09-26 23:00:00,Long,2671.21,2671.18,0.25,2663.31,Opposite Signal,-0.75,15032.25
1229,2024-09-26 23:00:00,2024-09-27 04:15:00,Short,2671.18,2671.67,0.39,2676.27,Opposite Signal,-19.11,15013.14
1230,2024-09-27 04:15:00,2024-09-27 04:30:00,Long,2671.67,2668.77,0.68,2668.77,Stop Loss,-197.17,14815.97
1231,2024-09-27 04:30:00,2024-09-27 06:00:00,Short,2667.84,2670.3,0.57,2671.31,Opposite Signal,-140.22,14675.75
1232,2024-09-27 06:00:00,2024-09-27 07:00:00,Long,2670.3,2671.08,0.59,2666.96,Opposite Signal,46.02,14721.77
1233,2024-09-27 07:00:00,2024-09-27 08:30:00,Short (Partial 50%),2671.08,2664.02,0.28,2671.08,Partial TP 1:2,197.81,14919.59
1233,2024-09-27 07:00:00,2024-09-27 09:00:00,Short,2671.08,2666.86,0.28,2667.26,Opposite Signal,118.16,15037.75
1234,2024-09-27 09:00:00,2024-09-27 09:30:00,Long,2666.86,2664.59,0.55,2663.27,Opposite Signal,-124.85,14912.9
1235,2024-09-27 09:30:00,2024-09-27 12:30:00,Short,2664.59,2663.21,0.49,2668.61,Opposite Signal,67.62,14980.52
1236,2024-09-27 12:30:00,2024-09-27 15:00:00,Long,2663.21,2663.39,0.44,2658.71,Opposite Signal,7.92,14988.44
1237,2024-09-27 15:00:00,2024-09-27 15:30:00,Short,2663.39,2667.46,0.49,2667.46,Stop Loss,-199.25,14789.19
1238,2024-09-27 15:30:00,2024-09-27 16:00:00,Long,2671.77,2666.75,0.39,2666.75,Stop Loss,-195.75,14593.44
1239,2024-09-27 16:15:00,2024-09-27 17:45:00,Short (Partial 50%),2666.04,2654.55,0.17,2666.04,Partial TP 1:2,195.25,14788.69
1239,2024-09-27 16:15:00,2024-09-27 18:15:00,Short,2666.04,2653.34,0.17,2653.34,Stop Loss,215.91,15004.6
1240,2024-09-27 18:15:00,2024-09-27 18:30:00,Long,2653.93,2647.47,0.24,2645.85,Opposite Signal,-155.04,14849.56
1241,2024-09-27 18:30:00,2024-09-27 19:30:00,Short,2647.47,2655.98,0.23,2655.98,Stop Loss,-195.74,14653.82
1242,2024-09-27 22:15:00,2024-09-30 10:45:00,Long,2649.77,2650.95,0.35,2644.06,Opposite Signal,41.3,14695.12
1243,2024-09-30 10:45:00,2024-09-30 11:15:00,Short,2650.95,2655.37,0.39,2655.97,Opposite Signal,-172.38,14522.74
1244,2024-09-30 11:15:00,2024-09-30 12:00:00,Long,2655.37,2650.29,0.39,2650.29,Stop Loss,-198.15,14324.59
1245,2024-09-30 12:00:00,2024-09-30 13:30:00,Short (Partial 50%),2649.14,2639.12,0.19,2649.14,Partial TP 1:2,190.46,14515.05
1245,2024-09-30 12:00:00,2024-09-30 14:30:00,Short,2649.14,2640.65,0.2,2640.65,Stop Loss,169.85,14684.9
1246,2024-09-30 14:30:00,2024-09-30 15:15:00,Long,2641.46,2637.73,0.36,2635.92,Opposite Signal,-134.28,14550.62
1247,2024-09-30 15:15:00,2024-09-30 16:15:00,Short,2637.73,2640.81,0.34,2643.56,Opposite Signal,-104.72,14445.9
1248,2024-09-30 16:15:00,2024-09-30 16:30:00,Long,2640.81,2634.85,0.33,2634.85,Stop Loss,-196.59,14249.31
1249,2024-09-30 16:30:00,2024-09-30 19:00:00,Short,2631.9,2635.8,0.29,2638.66,Opposite Signal,-113.1,14136.21
1250,2024-09-30 19:00:00,2024-09-30 21:00:00,Long,2635.8,2629.89,0.33,2629.89,Stop Loss,-195.16,13941.05
1251,2024-09-30 21:00:00,2024-09-30 21:30:00,Short,2629.12,2631.05,0.34,2635.0,Opposite Signal,-65.62,13875.43
1252,2024-09-30 21:30:00,2024-10-01 05:15:00,Long,2631.05,2637.29,0.32,2624.82,Opposite Signal,199.68,14075.11
1253,2024-10-01 05:15:00,2024-10-01 06:45:00,Short,2637.29,2637.99,0.7,2640.14,Opposite Signal,-49.0,14026.11
1254,2024-10-01 06:45:00,2024-10-01 08:45:00,Long (Partial 50%),2637.99,2644.01,0.33,2637.99,Partial TP 1:2,198.63,14224.74
1254,2024-10-01 06:45:00,2024-10-01 10:00:00,Long,2637.99,2643.43,0.33,2643.43,Stop Loss,179.64,14404.38
1255,2024-10-01 10:00:00,2024-10-01 10:45:00,Short,2643.21,2646.22,0.66,2646.22,Stop Loss,-198.58,14205.8
1256,2024-10-01 10:45:00,2024-10-01 14:15:00,Long,2645.6,2648.07,0.59,2642.25,Opposite Signal,145.73,14351.53
1257,2024-10-01 14:15:00,2024-10-01 14:45:00,Short,2648.07,2651.47,0.58,2651.47,Stop Loss,-197.18,14154.35
1258,2024-10-01 15:00:00,2024-10-01 15:45:00,Long,2654.32,2651.52,0.49,2650.3,Opposite Signal,-137.2,14017.15
1259,2024-10-01 15:45:00,2024-10-01 16:15:00,Short,2651.52,2653.9,0.46,2655.86,Opposite Signal,-109.48,13907.67
1260,2024-10-01 16:15:00,2024-10-01 16:30:00,Long (Partial 50%),2653.9,2663.39,0.21,2653.9,Partial TP 1:2,199.25,14106.92
1260,2024-10-01 16:15:00,2024-10-01 17:00:00,Long,2653.9,2662.84,0.21,2662.84,Stop Loss,187.8,14294.72
1261,2024-10-01 17:45:00,2024-10-01 18:15:00,Short,2659.19,2664.99,0.23,2667.67,Opposite Signal,-133.4,14161.32
1262,2024-10-01 18:15:00,2024-10-01 20:30:00,Long,2664.99,2665.23,0.23,2656.36,Opposite Signal,5.52,14166.84
1263,2024-10-01 20:30:00,2024-10-01 23:45:00,Short,2665.23,2663.63,0.22,2674.26,Opposite Signal,35.2,14202.04
1264,2024-10-01 23:45:00,2024-10-02 03:00:00,Long,2663.63,2658.17,0.36,2658.17,Stop Loss,-196.56,14005.49
1265,2024-10-02 03:00:00,2024-10-02 04:30:00,Short,2658.1,2659.67,0.59,2661.48,Opposite Signal,-92.63,13912.86
1266,2024-10-02 04:30:00,2024-10-02 06:30:00,Long,2659.67,2656.48,0.62,2656.48,Stop Loss,-197.98,13714.88
1267,2024-10-02 06:30:00,2024-10-02 08:15:00,Short (Partial 50%),2656.4,2649.92,0.3,2656.4,Partial TP 1:2,194.49,13909.36
1267,2024-10-02 06:30:00,2024-10-02 09:30:00,Short,2656.4,2649.78,0.31,2649.78,Stop Loss,205.12,14114.49
1268,2024-10-02 10:00:00,2024-10-02 11:00:00,Long,2653.06,2648.82,0.45,2648.63,Opposite Signal,-190.8,13923.69
1269,2024-10-02 11:00:00,2024-10-02 11:30:00,Short,2648.82,2653.56,0.42,2653.56,Stop Loss,-199.12,13724.57
1270,2024-10-02 11:30:00,2024-10-02 13:30:00,Long,2652.61,2651.48,0.41,2647.83,Opposite Signal,-46.33,13678.24
1271,2024-10-02 13:30:00,2024-10-02 15:30:00,Short,2651.48,2649.5,0.46,2655.79,Opposite Signal,91.08,13769.32
1272,2024-10-02 15:30:00,2024-10-02 16:45:00,Long (Partial 50%),2649.5,2660.34,0.18,2649.5,Partial TP 1:2,195.04,13964.35
1272,2024-10-02 15:30:00,2024-10-02 17:15:00,Long,2649.5,2655.42,0.18,2655.42,Stop Loss,106.51,14070.87
1273,2024-10-02 17:15:00,2024-10-02 18:15:00,Short,2654.36,2647.1,0.27,2661.61,Opposite Signal,196.02,14266.89
1274,2024-10-02 18:15:00,2024-10-03 03:00:00,Long,2647.1,2659.34,0.24,2639.01,Opposite Signal,293.76,14560.65
1275,2024-10-03 03:00:00,2024-10-03 04:45:00,Short,2659.34,2658.19,0.74,2662.02,Opposite Signal,85.1,14645.75
1276,2024-10-03 04:45:00,2024-10-03 05:00:00,Long,2658.19,2655.91,0.71,2655.4,Opposite Signal,-161.88,14483.87
1277,2024-10-03 05:00:00,2024-10-03 05:15:00,Short,2655.91,2658.12,0.68,2658.84,Opposite Signal,-150.28,14333.59
1278,2024-10-03 05:15:00,2024-10-03 05:45:00,Long,2658.12,2655.79,0.66,2655.1,Opposite Signal,-153.78,14179.81
1279,2024-10-03 05:45:00,2024-10-03 06:30:00,Short,2655.79,2656.84,0.67,2658.74,Opposite Signal,-70.35,14109.46
1280,2024-10-03 06:30:00,2024-10-03 08:00:00,Long,2656.84,2654.64,0.65,2653.81,Opposite Signal,-143.0,13966.46
1281,2024-10-03 08:00:00,2024-10-03 09:15:00,Short,2654.64,2655.63,0.72,2657.39,Opposite Signal,-71.28,13895.18
1282,2024-10-03 09:15:00,2024-10-03 10:00:00,Long,2655.63,2654.02,0.63,2652.46,Opposite Signal,-101.43,13793.75
1283,2024-10-03 10:00:00,2024-10-03 10:30:00,Short (Partial 50%),2654.02,2647.1,0.28,2654.02,Partial TP 1:2,193.69,13987.44
1283,2024-10-03 10:00:00,2024-10-03 12:30:00,Short,2654.02,2646.21,0.28,2646.21,Stop Loss,218.57,14206.01
1284,2024-10-03 12:30:00,2024-10-03 14:15:00,Long,2646.94,2644.49,0.42,2642.27,Opposite Signal,-102.9,14103.11
1285,2024-10-03 14:15:00,2024-10-03 14:45:00,Short,2644.49,2648.81,0.46,2648.81,Stop Loss,-198.59,13904.52
1286,2024-10-03 14:45:00,2024-10-03 15:30:00,Long,2648.04,2645.99,0.46,2643.75,Opposite Signal,-94.3,13810.22
1287,2024-10-03 15:30:00,2024-10-03 16:15:00,Short,2645.99,2649.39,0.36,2651.46,Opposite Signal,-122.4,13687.82
1288,2024-10-03 16:15:00,2024-10-03 17:00:00,Long,2649.39,2643.58,0.34,2643.58,Stop Loss,-197.4,13490.42
1289,2024-10-04 01:00:00,2024-10-04 03:00:00,Short,2655.79,2656.73,0.62,2658.97,Opposite Signal,-58.28,13432.14
1290,2024-10-04 03:00:00,2024-10-04 05:15:00,Long (Partial 50%),2656.73,2661.51,0.41,2656.73,Partial TP 1:2,195.89,13628.02
1290,2024-10-04 03:00:00,2024-10-04 06:30:00,Long,2656.73,2661.73,0.42,2661.73,Stop Loss,209.96,13837.98
1291,2024-10-04 06:30:00,2024-10-04 07:15:00,Short,2661.39,2662.97,0.74,2664.09,Opposite Signal,-116.92,13721.06
1292,2024-10-04 07:15:00,2024-10-04 09:15:00,Long,2662.97,2664.36,0.76,2660.35,Opposite Signal,105.64,13826.7
1293,2024-10-04 09:15:00,2024-10-04 10:00:00,Short (Partial 50%),2664.36,2658.9,0.36,2664.36,Partial TP 1:2,196.43,14023.13
1293,2024-10-04 09:15:00,2024-10-04 13:15:00,Short,2664.36,2659.6,0.37,2659.6,Stop Loss,176.21,14199.34
1294,2024-10-04 13:30:00,2024-10-04 14:00:00,Long,2660.1,2657.97,0.65,2657.03,Opposite Signal,-138.45,14060.89
1295,2024-10-04 14:00:00,2024-10-04 14:30:00,Short,2657.97,2661.04,0.65,2661.04,Stop Loss,-199.69,13861.2
1296,2024-10-04 14:30:00,2024-10-04 15:00:00,Long,2661.25,2658.19,0.65,2658.19,Stop Loss,-199.17,13662.03
1297,2024-10-04 15:00:00,2024-10-04 15:30:00,Short (Partial 50%),2656.97,2650.06,0.28,2656.97,Partial TP 1:2,193.51,13855.53
1297,2024-10-04 15:00:00,2024-10-04 16:00:00,Short,2656.97,2643.95,0.28,2643.95,Stop Loss,364.45,14219.98
1298,2024-10-04 16:00:00,2024-10-04 18:00:00,Long (Partial 50%),2648.74,2665.89,0.11,2648.74,Partial TP 1:2,188.61,14408.6
1298,2024-10-04 16:00:00,2024-10-04 18:15:00,Long,2648.74,2658.08,0.12,2650.78,Opposite Signal,112.08,14520.68
1299,2024-10-04 18:15:00,2024-10-04 20:45:00,Short,2658.08,2650.06,0.18,2669.03,Opposite Signal,144.36,14665.04
1300,2024-10-04 20:45:00,2024-10-07 02:45:00,Long,2650.06,2650.11,0.25,2642.1,Opposite Signal,1.25,14666.29
1301,2024-10-07 02:45:00,2024-10-07 07:30:00,Short,2650.11,2648.19,0.57,2653.59,Opposite Signal,109.44,14775.73
1302,2024-10-07 07:30:00,2024-10-07 08:00:00,Long,2648.19,2645.62,0.64,2645.09,Opposite Signal,-164.48,14611.25
1303,2024-10-07 08:00:00,2024-10-07 09:00:00,Short (Partial 50%),2645.62,2639.72,0.33,2645.62,Partial TP 1:2,194.72,14805.96
1303,2024-10-07 08:00:00,2024-10-07 09:45:00,Short,2645.62,2643.5,0.34,2643.5,Stop Loss,72.08,14878.05
1304,2024-10-07 09:45:00,2024-10-07 10:45:00,Long (Partial 50%),2643.2,2650.0,0.28,2643.2,Partial TP 1:2,190.53,15068.58
1304,2024-10-07 09:45:00,2024-10-07 13:45:00,Long,2643.2,2655.67,0.29,2655.67,Stop Loss,361.69,15430.27
1305,2024-10-07 13:45:00,2024-10-07 14:00:00,Short,2655.33,2659.11,0.52,2659.11,Stop Loss,-196.61,15233.66
1306,2024-10-07 14:30:00,2024-10-07 15:15:00,Long,2658.73,2654.88,0.51,2654.88,Stop Loss,-196.23,15037.42
1307,2024-10-07 15:15:00,2024-10-07 15:45:00,Short (Partial 50%),2649.57,2640.06,0.21,2649.57,Partial TP 1:2,199.64,15237.07
1307,2024-10-07 15:15:00,2024-10-07 16:00:00,Short,2649.57,2649.57,0.21,2649.57,Stop Loss,0.0,15237.07
1308,2024-10-07 16:00:00,2024-10-07 16:45:00,Long,2649.36,2642.52,0.29,2642.52,Stop Loss,-198.26,15038.8
1309,2024-10-07 16:45:00,2024-10-07 18:30:00,Short,2642.77,2649.18,0.27,2650.08,Opposite Signal,-173.07,14865.73
1310,2024-10-07 18:30:00,2024-10-07 19:15:00,Long,2649.18,2643.47,0.25,2641.38,Opposite Signal,-142.75,14722.98
1311,2024-10-07 19:15:00,2024-10-07 20:30:00,Short,2643.47,2648.51,0.28,2650.48,Opposite Signal,-141.12,14581.86
1312,2024-10-07 20:30:00,2024-10-07 21:30:00,Long,2648.51,2642.82,0.35,2642.82,Stop Loss,-199.13,14382.73
1313,2024-10-07 21:30:00,2024-10-08 01:15:00,Short,2641.01,2644.51,0.37,2646.28,Opposite Signal,-129.5,14253.23
1314,2024-10-08 01:15:00,2024-10-08 04:00:00,Long,2644.51,2641.33,0.62,2641.33,Stop Loss,-197.38,14055.84
1315,2024-10-08 04:00:00,2024-10-08 04:45:00,Short,2641.12,2644.68,0.56,2644.68,Stop Loss,-199.3,13856.55
1316,2024-10-08 04:45:00,2024-10-08 05:00:00,Long,2647.26,2642.59,0.42,2642.59,Stop Loss,-196.03,13660.52
1317,2024-10-08 05:00:00,2024-10-08 06:00:00,Short,2641.05,2640.32,0.37,2646.33,Opposite Signal,27.01,13687.53
1318,2024-10-08 06:00:00,2024-10-08 09:15:00,Long,2640.32,2641.02,0.33,2634.35,Opposite Signal,23.1,13710.63
1319,2024-10-08 09:15:00,2024-10-08 10:00:00,Short (Partial 50%),2641.02,2631.73,0.21,2641.02,Partial TP 1:2,195.04,13905.67
1319,2024-10-08 09:15:00,2024-10-08 10:30:00,Short,2641.02,2638.43,0.22,2638.43,Stop Loss,56.98,13962.64
1320,2024-10-08 11:30:00,2024-10-08 14:30:00,Long (Partial 50%),2638.41,2650.71,0.16,2638.41,Partial TP 1:2,196.74,14159.38
1320,2024-10-08 11:30:00,2024-10-08 15:15:00,Long,2638.41,2648.79,0.16,2648.79,Stop Loss,166.03,14325.41
1321,2024-10-08 15:30:00,2024-10-08 17:00:00,Short (Partial 50%),2646.56,2634.17,0.16,2646.56,Partial TP 1:2,198.25,14523.66
1321,2024-10-08 15:30:00,2024-10-08 19:00:00,Short,2646.56,2615.64,0.16,2615.64,Stop Loss,494.68,15018.34
1322,2024-10-08 20:15:00,2024-10-09 04:00:00,Long,2616.45,2620.22,0.22,2607.62,Opposite Signal,82.94,15101.28
1323,2024-10-09 04:00:00,2024-10-09 04:15:00,Short,2620.22,2623.21,0.66,2623.21,Stop Loss,-197.58,14903.7
1324,2024-10-09 08:00:00,2024-10-09 09:00:00,Long,2620.63,2616.83,0.52,2616.83,Stop Loss,-197.35,14706.35
1325,2024-10-09 09:00:00,2024-10-09 10:15:00,Short,2616.68,2615.0,0.49,2620.75,Opposite Signal,82.32,14788.67
1326,2024-10-09 10:15:00,2024-10-09 10:45:00,Long,2615.0,2611.63,0.42,2610.31,Opposite Signal,-141.54,14647.13
1327,2024-10-09 10:45:00,2024-10-09 11:15:00,Short,2611.63,2615.16,0.42,2616.36,Opposite Signal,-148.26,14498.87
1328,2024-10-09 11:15:00,2024-10-09 14:30:00,Long,2615.16,2618.15,0.41,2610.28,Opposite Signal,122.59,14621.46
1329,2024-10-09 14:30:00,2024-10-09 15:00:00,Short,2618.15,2621.49,0.46,2622.41,Opposite Signal,-153.64,14467.82
1330,2024-10-09 15:00:00,2024-10-09 15:15:00,Long,2621.49,2617.94,0.46,2617.2,Opposite Signal,-163.3,14304.52
1331,2024-10-09 15:15:00,2024-10-09 16:30:00,Short (Partial 50%),2617.94,2608.82,0.21,2617.94,Partial TP 1:2,191.6,14496.12
1331,2024-10-09 15:15:00,2024-10-09 17:45:00,Short,2617.94,2611.22,0.22,2611.22,Stop Loss,147.95,14644.07
1332,2024-10-09 18:00:00,2024-10-09 19:15:00,Long,2615.85,2611.14,0.31,2609.46,Opposite Signal,-146.01,14498.06
1333,2024-10-09 19:15:00,2024-10-10 03:15:00,Short,2611.14,2608.97,0.33,2617.17,Opposite Signal,71.61,14569.67
1334,2024-10-10 03:15:00,2024-10-10 04:45:00,Long,2608.97,2609.08,0.75,2606.33,Opposite Signal,8.25,14577.92
1335,2024-10-10 04:45:00,2024-10-10 05:15:00,Short,2609.08,2610.92,0.61,2612.34,Opposite Signal,-112.24,14465.68
1336,2024-10-10 05:15:00,2024-10-10 06:30:00,Long,2610.92,2611.94,0.58,2607.52,Opposite Signal,59.16,14524.84
1337,2024-10-10 06:30:00,2024-10-10 07:30:00,Short,2611.94,2614.27,0.57,2615.44,Opposite Signal,-132.81,14392.03
1338,2024-10-10 07:30:00,2024-10-10 09:30:00,Long,2614.27,2611.75,0.63,2611.14,Opposite Signal,-158.76,14233.27
1339,2024-10-10 09:30:00,2024-10-10 10:15:00,Short,2611.75,2613.94,0.57,2615.24,Opposite Signal,-124.83,14108.44
1340,2024-10-10 10:15:00,2024-10-10 14:15:00,Long,2613.94,2614.19,0.52,2610.16,Opposite Signal,13.0,14121.44
1341,2024-10-10 14:15:00,2024-10-10 15:30:00,Short,2614.19,2617.74,0.56,2617.74,Stop Loss,-198.88,13922.55
1342,2024-10-10 15:30:00,2024-10-10 16:00:00,Long,2621.11,2620.04,0.3,2614.5,Opposite Signal,-32.1,13890.45
1343,2024-10-10 16:00:00,2024-10-10 16:45:00,Short,2620.04,2627.58,0.26,2627.58,Stop Loss,-195.94,13694.51
1344,2024-10-10 16:45:00,2024-10-10 18:30:00,Long,2626.72,2620.56,0.23,2618.2,Opposite Signal,-141.68,13552.83
1345,2024-10-10 18:30:00,2024-10-10 19:00:00,Short,2620.56,2628.36,0.25,2628.38,Opposite Signal,-195.0,13357.83
1346,2024-10-10 19:00:00,2024-10-10 19:45:00,Long,2628.36,2620.87,0.26,2620.87,Stop Loss,-194.72,13163.1
1347,2024-10-10 19:45:00,2024-10-10 20:30:00,Short,2619.24,2625.4,0.27,2626.53,Opposite Signal,-166.32,12996.78
1348,2024-10-10 20:30:00,2024-10-11 05:15:00,Long (Partial 50%),2625.4,2639.58,0.14,2625.4,Partial TP 1:2,198.57,13195.36
1348,2024-10-10 20:30:00,2024-10-11 08:30:00,Long,2625.4,2643.4,0.14,2643.4,Stop Loss,252.01,13447.37
1349,2024-10-11 09:15:00,2024-10-11 10:15:00,Short,2642.75,2642.7,0.56,2646.31,Opposite Signal,2.8,13450.17
1350,2024-10-11 10:15:00,2024-10-11 11:00:00,Long,2642.7,2642.53,0.5,2638.71,Opposite Signal,-8.5,13441.67
1351,2024-10-11 11:00:00,2024-10-11 13:30:00,Short,2642.53,2640.4,0.48,2646.66,Opposite Signal,102.24,13543.91
1352,2024-10-11 13:30:00,2024-10-11 15:15:00,Long (Partial 50%),2640.4,2647.58,0.27,2640.4,Partial TP 1:2,193.78,13737.69
1352,2024-10-11 13:30:00,2024-10-11 15:30:00,Long,2640.4,2642.51,0.28,2640.4,Opposite Signal,59.08,13796.77
1353,2024-10-11 15:30:00,2024-10-11 16:00:00,Short,2642.51,2647.2,0.42,2647.2,Stop Loss,-197.02,13599.75
1354,2024-10-11 16:00:00,2024-10-11 18:15:00,Long (Partial 50%),2647.61,2657.6,0.2,2647.61,Partial TP 1:2,199.85,13799.6
1354,2024-10-11 16:00:00,2024-10-11 20:15:00,Long,2647.61,2657.57,0.2,2657.57,Stop Loss,199.14,13998.74
1355,2024-10-11 21:00:00,2024-10-14 01:00:00,Short (Partial 50%),2657.47,2648.99,0.23,2657.47,Partial TP 1:2,194.93,14193.67
1355,2024-10-11 21:00:00,2024-10-14 04:30:00,Short,2657.47,2648.28,0.23,2648.28,Stop Loss,211.38,14405.05
1356,2024-10-14 05:30:00,2024-10-14 09:15:00,Long (Partial 50%),2652.47,2661.52,0.22,2652.47,Partial TP 1:2,199.03,14604.08
1356,2024-10-14 05:30:00,2024-10-14 10:00:00,Long,2652.47,2662.45,0.22,2661.22,Opposite Signal,219.56,14823.64
1357,2024-10-14 10:00:00,2024-10-14 14:15:00,Short (Partial 50%),2662.45,2653.76,0.23,2662.45,Partial TP 1:2,199.91,15023.54
1357,2024-10-14 10:00:00,2024-10-14 16:15:00,Short,2662.45,2652.56,0.23,2652.56,Stop Loss,227.41,15250.95
1358,2024-10-14 16:15:00,2024-10-14 17:00:00,Long,2653.43,2650.49,0.37,2648.14,Opposite Signal,-108.78,15142.17
1359,2024-10-14 17:00:00,2024-10-14 21:15:00,Short,2650.49,2650.31,0.3,2657.08,Opposite Signal,5.4,15147.57
1360,2024-10-14 21:15:00,2024-10-14 23:30:00,Long,2650.31,2648.28,0.54,2646.62,Opposite Signal,-109.62,15037.95
1361,2024-10-14 23:30:00,2024-10-15 01:00:00,Short (Partial 50%),2648.28,2641.62,0.3,2648.28,Partial TP 1:2,199.9,15237.86
1361,2024-10-14 23:30:00,2024-10-15 01:15:00,Short,2648.28,2648.28,0.3,2648.28,Stop Loss,0.0,15237.86
1362,2024-10-15 02:00:00,2024-10-15 03:00:00,Long,2650.83,2648.53,0.59,2647.46,Opposite Signal,-135.7,15102.16
1363,2024-10-15 03:00:00,2024-10-15 04:15:00,Short,2648.53,2650.1,0.7,2651.37,Opposite Signal,-109.9,14992.26
1364,2024-10-15 04:15:00,2024-10-15 06:00:00,Long,2650.1,2648.65,0.66,2647.1,Opposite Signal,-95.7,14896.56
1365,2024-10-15 06:00:00,2024-10-15 08:15:00,Short (Partial 50%),2648.65,2641.18,0.26,2648.65,Partial TP 1:2,194.33,15090.88
1365,2024-10-15 06:00:00,2024-10-15 08:45:00,Short,2648.65,2641.88,0.27,2643.52,Opposite Signal,182.79,15273.67
1366,2024-10-15 08:45:00,2024-10-15 10:00:00,Long (Partial 50%),2641.88,2649.81,0.25,2641.88,Partial TP 1:2,198.21,15471.88
1366,2024-10-15 08:45:00,2024-10-15 12:00:00,Long,2641.88,2651.93,0.25,2651.93,Stop Loss,251.27,15723.16
1367,2024-10-15 12:00:00,2024-10-15 13:00:00,Short,2651.35,2654.81,0.47,2655.58,Opposite Signal,-162.62,15560.54
1368,2024-10-15 13:00:00,2024-10-15 13:45:00,Long,2654.81,2653.01,0.48,2650.67,Opposite Signal,-86.4,15474.14
1369,2024-10-15 13:45:00,2024-10-15 15:15:00,Short,2653.01,2655.59,0.51,2656.86,Opposite Signal,-131.58,15342.56
1370,2024-10-15 15:15:00,2024-10-15 15:45:00,Long,2655.59,2650.58,0.39,2650.58,Stop Loss,-195.22,15147.34
1371,2024-10-15 15:45:00,2024-10-15 17:00:00,Short,2648.31,2653.93,0.35,2653.93,Stop Loss,-196.63,14950.71
1372,2024-10-15 17:00:00,2024-10-15 19:00:00,Long (Partial 50%),2654.66,2668.25,0.14,2654.66,Partial TP 1:2,190.28,15140.99
1372,2024-10-15 17:00:00,2024-10-15 19:30:00,Long,2654.66,2663.63,0.14,2661.52,Opposite Signal,125.58,15266.57
1373,2024-10-15 19:30:00,2024-10-15 20:30:00,Short,2663.63,2663.79,0.31,2669.92,Opposite Signal,-4.96,15261.61
1374,2024-10-15 20:30:00,2024-10-15 22:30:00,Long,2663.79,2662.31,0.35,2658.16,Opposite Signal,-51.8,15209.81
1375,2024-10-15 22:30:00,2024-10-16 04:00:00,Short,2662.31,2663.8,0.46,2666.62,Opposite Signal,-68.54,15141.27
1376,2024-10-16 04:00:00,2024-10-16 05:00:00,Long (Partial 50%),2663.8,2669.58,0.34,2663.8,Partial TP 1:2,196.41,15337.67
1376,2024-10-16 04:00:00,2024-10-16 06:15:00,Long,2663.8,2665.51,0.34,2665.51,Stop Loss,58.28,15395.95
1377,2024-10-16 06:15:00,2024-10-16 08:45:00,Short,2665.91,2669.78,0.51,2669.78,Stop Loss,-197.36,15198.6
1378,2024-10-16 08:45:00,2024-10-16 09:15:00,Long (Partial 50%),2669.43,2675.73,0.31,2669.43,Partial TP 1:2,195.15,15393.75
1378,2024-10-16 08:45:00,2024-10-16 10:15:00,Long,2669.43,2674.23,0.32,2674.23,Stop Loss,153.54,15547.29
1379,2024-10-16 13:00:00,2024-10-16 14:15:00,Short,2677.28,2678.07,0.49,2681.31,Opposite Signal,-38.71,15508.58
1380,2024-10-16 14:15:00,2024-10-16 16:45:00,Long,2678.07,2674.14,0.5,2674.14,Stop Loss,-196.69,15311.88
1381,2024-10-16 16:45:00,2024-10-16 17:15:00,Short,2675.07,2681.27,0.32,2681.27,Stop Loss,-198.3,15113.59
1382,2024-10-16 19:45:00,2024-10-17 06:00:00,Long,2674.14,2679.97,0.31,2667.87,Opposite Signal,180.73,15294.32
1383,2024-10-17 06:00:00,2024-10-17 07:30:00,Short,2679.97,2678.76,0.56,2683.49,Opposite Signal,67.76,15362.08
1384,2024-10-17 07:30:00,2024-10-17 09:45:00,Long,2678.76,2681.17,0.54,2675.06,Opposite Signal,130.14,15492.22
1385,2024-10-17 09:45:00,2024-10-17 12:30:00,Short,2681.17,2680.86,0.47,2685.38,Opposite Signal,14.57,15506.79
1386,2024-10-17 12:30:00,2024-10-17 14:45:00,Long,2680.86,2681.3,0.45,2676.43,Opposite Signal,19.8,15526.59
1387,2024-10-17 14:45:00,2024-10-17 15:45:00,Short,2681.3,2680.66,0.43,2685.94,Opposite Signal,27.52,15554.11
1388,2024-10-17 15:45:00,2024-10-17 17:15:00,Long (Partial 50%),2680.66,2691.77,0.18,2680.66,Partial TP 1:2,199.9,15754.0
1388,2024-10-17 15:45:00,2024-10-17 18:15:00,Long,2680.66,2691.1,0.18,2691.1,Stop Loss,187.92,15941.93
1389,2024-10-17 19:00:00,2024-10-17 19:45:00,Short,2690.16,2692.24,0.29,2697.01,Opposite Signal,-60.32,15881.61
1390,2024-10-17 19:45:00,2024-10-18 04:45:00,Long (Partial 50%),2692.24,2705.65,0.14,2692.24,Partial TP 1:2,187.69,16069.3
1390,2024-10-17 19:45:00,2024-10-18 09:00:00,Long,2692.24,2710.32,0.14,2710.32,Stop Loss,253.09,16322.39
1391,2024-10-18 09:00:00,2024-10-18 09:45:00,Short,2708.28,2707.45,0.5,2712.24,Opposite Signal,41.5,16363.89
1392,2024-10-18 09:45:00,2024-10-18 10:15:00,Long,2707.45,2705.52,0.41,2702.6,Opposite Signal,-79.13,16284.76
1393,2024-10-18 10:15:00,2024-10-18 11:45:00,Short,2705.52,2706.26,0.4,2710.47,Opposite Signal,-29.6,16255.16
1394,2024-10-18 11:45:00,2024-10-18 14:15:00,Long,2706.26,2708.76,0.45,2701.88,Opposite Signal,112.5,16367.66
1395,2024-10-18 14:15:00,2024-10-18 15:00:00,Short,2708.76,2712.01,0.44,2713.28,Opposite Signal,-143.0,16224.66
1396,2024-10-18 15:00:00,2024-10-18 15:45:00,Long,2712.01,2709.58,0.46,2707.68,Opposite Signal,-111.78,16112.88
1397,2024-10-18 15:45:00,2024-10-18 16:30:00,Short,2709.58,2712.53,0.41,2714.43,Opposite Signal,-120.95,15991.93
1398,2024-10-18 16:30:00,2024-10-18 18:30:00,Long,2712.53,2714.57,0.33,2706.47,Opposite Signal,67.32,16059.25
1399,2024-10-18 18:30:00,2024-10-18 21:30:00,Short,2714.57,2719.35,0.32,2720.7,Opposite Signal,-152.96,15906.29
1400,2024-10-18 21:30:00,2024-10-21 01:00:00,Long,2719.35,2715.0,0.46,2715.0,Stop Loss,-199.92,15706.37
1401,2024-10-21 03:45:00,2024-10-21 04:00:00,Short,2721.62,2725.25,0.55,2725.25,Stop Loss,-199.61,15506.76
1402,2024-10-21 04:00:00,2024-10-21 08:00:00,Long,2728.31,2728.78,0.45,2723.88,Opposite Signal,21.15,15527.91
1403,2024-10-21 08:00:00,2024-10-21 09:15:00,Short,2728.78,2727.36,0.55,2732.39,Opposite Signal,78.1,15606.01
1404,2024-10-21 09:15:00,2024-10-21 10:15:00,Long,2727.36,2727.42,0.51,2723.5,Opposite Signal,3.06,15609.07
1405,2024-10-21 10:15:00,2024-10-21 10:45:00,Short,2727.42,2730.4,0.47,2731.6,Opposite Signal,-140.06,15469.01
1406,2024-10-21 10:45:00,2024-10-21 13:00:00,Long,2730.4,2730.87,0.46,2726.12,Opposite Signal,21.62,15490.63
1407,2024-10-21 13:00:00,2024-10-21 13:45:00,Short,2730.87,2733.35,0.47,2735.07,Opposite Signal,-116.56,15374.07
1408,2024-10-21 13:45:00,2024-10-21 14:45:00,Long,2733.35,2734.5,0.44,2728.86,Opposite Signal,50.6,15424.67
1409,2024-10-21 14:45:00,2024-10-21 15:15:00,Short,2734.5,2738.54,0.45,2738.93,Opposite Signal,-181.8,15242.87
1410,2024-10-21 15:15:00,2024-10-21 16:30:00,Long,2738.54,2734.01,0.44,2734.01,Stop Loss,-199.19,15043.67
1411,2024-10-21 17:15:00,2024-10-21 18:00:00,Short (Partial 50%),2733.27,2721.54,0.17,2733.27,Partial TP 1:2,199.34,15243.02
1411,2024-10-21 17:15:00,2024-10-21 20:00:00,Short,2733.27,2724.52,0.17,2724.52,Stop Loss,148.82,15391.83
1412,2024-10-21 20:00:00,2024-10-21 21:00:00,Long,2724.69,2719.41,0.33,2718.76,Opposite Signal,-174.24,15217.59
1413,2024-10-21 21:00:00,2024-10-21 22:15:00,Short,2719.41,2720.25,0.38,2724.64,Opposite Signal,-31.92,15185.67
1414,2024-10-21 22:15:00,2024-10-22 05:00:00,Long (Partial 50%),2720.25,2730.33,0.19,2720.25,Partial TP 1:2,191.48,15377.15
1414,2024-10-21 22:15:00,2024-10-22 08:15:00,Long,2720.25,2733.42,0.2,2733.42,Stop Loss,263.49,15640.64
1415,2024-10-22 08:30:00,2024-10-22 09:15:00,Short,2732.97,2736.16,0.62,2736.16,Stop Loss,-197.85,15442.8
1416,2024-10-22 09:15:00,2024-10-22 11:00:00,Long,2735.53,2731.58,0.5,2731.58,Stop Loss,-197.72,15245.08
1417,2024-10-22 12:15:00,2024-10-22 13:00:00,Short,2732.79,2734.52,0.51,2736.65,Opposite Signal,-88.23,15156.85
1418,2024-10-22 13:00:00,2024-10-22 14:15:00,Long,2734.52,2733.03,0.49,2730.46,Opposite Signal,-73.01,15083.84
1419,2024-10-22 14:15:00,2024-10-22 15:00:00,Short,2733.03,2735.36,0.47,2737.21,Opposite Signal,-109.51,14974.33
1420,2024-10-22 15:00:00,2024-10-22 16:45:00,Long,2735.36,2736.11,0.44,2730.89,Opposite Signal,33.0,15007.33
1421,2024-10-22 16:45:00,2024-10-22 17:30:00,Short,2736.11,2739.96,0.37,2741.45,Opposite Signal,-142.45,14864.88
1422,2024-10-22 17:30:00,2024-10-22 18:30:00,Long,2739.96,2739.03,0.35,2734.28,Opposite Signal,-32.55,14832.33
1423,2024-10-22 18:30:00,2024-10-22 19:30:00,Short,2739.03,2742.01,0.36,2744.53,Opposite Signal,-107.28,14725.05
1424,2024-10-22 19:30:00,2024-10-22 21:45:00,Long,2742.01,2744.62,0.4,2737.1,Opposite Signal,104.4,14829.45
1425,2024-10-22 21:45:00,2024-10-22 22:45:00,Short,2744.62,2748.6,0.5,2748.6,Stop Loss,-198.82,14630.63
1426,2024-10-22 22:45:00,2024-10-23 01:00:00,Long,2748.45,2744.64,0.52,2744.64,Stop Loss,-198.13,14432.5
1427,2024-10-23 02:30:00,2024-10-23 04:30:00,Short (Partial 50%),2746.4,2741.11,0.37,2746.4,Partial TP 1:2,195.63,14628.13
1427,2024-10-23 02:30:00,2024-10-23 05:45:00,Short,2746.4,2740.61,0.38,2740.61,Stop Loss,219.98,14848.11
1428,2024-10-23 06:30:00,2024-10-23 07:45:00,Long (Partial 50%),2743.81,2750.51,0.29,2743.81,Partial TP 1:2,194.4,15042.51
1428,2024-10-23 06:30:00,2024-10-23 09:30:00,Long,2743.81,2750.13,0.3,2750.13,Stop Loss,189.67,15232.18
1429,2024-10-23 09:30:00,2024-10-23 10:15:00,Short,2749.85,2752.39,0.54,2753.5,Opposite Signal,-137.16,15095.02
1430,2024-10-23 10:15:00,2024-10-23 12:00:00,Long,2752.39,2754.04,0.55,2748.76,Opposite Signal,90.75,15185.77
1431,2024-10-23 12:00:00,2024-10-23 15:15:00,Short (Partial 50%),2754.04,2747.06,0.28,2754.04,Partial TP 1:2,195.38,15381.15
1431,2024-10-23 12:00:00,2024-10-23 16:45:00,Short,2754.04,2740.14,0.28,2740.14,Stop Loss,389.06,15770.21
1432,2024-10-23 18:30:00,2024-10-23 20:15:00,Long,2718.7,2715.77,0.21,2709.24,Opposite Signal,-61.53,15708.68
1433,2024-10-23 20:15:00,2024-10-23 22:30:00,Short,2715.77,2717.77,0.27,2722.94,Opposite Signal,-54.0,15654.68
1434,2024-10-23 22:30:00,2024-10-24 01:00:00,Long,2717.77,2712.31,0.36,2712.31,Stop Loss,-196.67,15458.01
1435,2024-10-24 03:00:00,2024-10-24 03:45:00,Short,2718.43,2721.23,0.55,2722.03,Opposite Signal,-154.0,15304.01
1436,2024-10-24 03:45:00,2024-10-24 04:45:00,Long,2721.23,2723.73,0.57,2717.75,Opposite Signal,142.5,15446.51
1437,2024-10-24 04:45:00,2024-10-24 05:45:00,Short,2723.73,2723.36,0.49,2727.81,Opposite Signal,18.13,15464.64
1438,2024-10-24 05:45:00,2024-10-24 09:15:00,Long (Partial 50%),2723.36,2731.48,0.24,2723.36,Partial TP 1:2,194.81,15659.45
1438,2024-10-24 05:45:00,2024-10-24 10:15:00,Long,2723.36,2734.11,0.25,2734.11,Stop Loss,268.67,15928.12
1439,2024-10-24 10:15:00,2024-10-24 11:30:00,Short,2733.84,2737.69,0.51,2737.69,Stop Loss,-196.37,15731.75
1440,2024-10-24 11:30:00,2024-10-24 14:15:00,Long,2736.91,2735.95,0.51,2733.05,Opposite Signal,-48.96,15682.79
1441,2024-10-24 14:15:00,2024-10-24 14:30:00,Short,2735.95,2739.21,0.61,2739.21,Stop Loss,-198.9,15483.89
1442,2024-10-24 14:30:00,2024-10-24 15:30:00,Long,2738.6,2735.13,0.57,2735.13,Stop Loss,-197.88,15286.02
1443,2024-10-24 16:30:00,2024-10-24 17:15:00,Short (Partial 50%),2738.53,2728.94,0.2,2738.53,Partial TP 1:2,191.73,15477.75
1443,2024-10-24 16:30:00,2024-10-24 17:45:00,Short,2738.53,2732.41,0.2,2733.42,Opposite Signal,122.4,15600.15
1444,2024-10-24 17:45:00,2024-10-24 19:00:00,Long,2732.41,2727.75,0.28,2725.34,Opposite Signal,-130.48,15469.67
1445,2024-10-24 19:00:00,2024-10-24 19:30:00,Short,2727.75,2733.01,0.28,2734.69,Opposite Signal,-147.28,15322.39
1446,2024-10-24 19:30:00,2024-10-25 02:45:00,Long,2733.01,2733.81,0.28,2726.11,Opposite Signal,22.4,15344.79
1447,2024-10-25 02:45:00,2024-10-25 04:00:00,Short,2733.81,2734.59,0.86,2736.13,Opposite Signal,-67.08,15277.71
1448,2024-10-25 04:00:00,2024-10-25 04:45:00,Long,2734.59,2731.89,0.73,2731.89,Stop Loss,-197.43,15080.28
1449,2024-10-25 04:45:00,2024-10-25 06:15:00,Short,2729.99,2727.01,0.67,2732.97,Opposite Signal,199.66,15279.94
1450,2024-10-25 06:15:00,2024-10-25 07:15:00,Long,2727.01,2724.52,0.57,2723.54,Opposite Signal,-141.93,15138.01
1451,2024-10-25 07:15:00,2024-10-25 08:00:00,Short,2724.52,2727.95,0.58,2727.95,Stop Loss,-198.75,14939.26
1452,2024-10-25 08:00:00,2024-10-25 10:00:00,Long,2727.71,2728.82,0.59,2724.38,Opposite Signal,65.49,15004.75
1453,2024-10-25 10:00:00,2024-10-25 11:15:00,Short (Partial 50%),2728.82,2721.1,0.25,2728.82,Partial TP 1:2,192.91,15197.66
1453,2024-10-25 10:00:00,2024-10-25 12:45:00,Short,2728.82,2721.21,0.26,2721.21,Stop Loss,197.89,15395.54
1454,2024-10-25 12:45:00,2024-10-25 13:15:00,Long,2721.26,2717.97,0.48,2717.12,Opposite Signal,-157.92,15237.62
1455,2024-10-25 13:15:00,2024-10-25 13:30:00,Short,2717.97,2721.15,0.47,2722.15,Opposite Signal,-149.46,15088.16
1456,2024-10-25 13:30:00,2024-10-25 14:45:00,Long,2721.15,2724.16,0.46,2716.82,Opposite Signal,138.46,15226.62
1457,2024-10-25 14:45:00,2024-10-25 15:30:00,Short,2724.16,2728.88,0.42,2728.88,Stop Loss,-198.26,15028.36
1458,2024-10-25 15:30:00,2024-10-25 16:00:00,Long,2728.58,2726.69,0.4,2723.67,Opposite Signal,-75.6,14952.76
1459,2024-10-25 16:00:00,2024-10-25 17:00:00,Short,2726.69,2732.06,0.37,2732.06,Stop Loss,-198.56,14754.2
1460,2024-10-25 17:00:00,2024-10-25 18:45:00,Long,2737.65,2737.1,0.29,2730.89,Opposite Signal,-15.95,14738.25
1461,2024-10-25 18:45:00,2024-10-25 20:15:00,Short,2737.1,2741.56,0.32,2743.27,Opposite Signal,-142.72,14595.53
1462,2024-10-25 20:15:00,2024-10-25 22:00:00,Long,2741.56,2741.4,0.38,2736.31,Opposite Signal,-6.08,14589.45
1463,2024-10-25 22:00:00,2024-10-25 23:15:00,Short,2741.4,2744.82,0.46,2745.68,Opposite Signal,-157.32,14432.13
1464,2024-10-25 23:15:00,2024-10-28 01:00:00,Long,2744.82,2740.92,0.51,2740.92,Stop Loss,-198.92,14233.21
1465,2024-10-28 01:00:00,2024-10-28 02:15:00,Short,2735.56,2738.11,0.33,2741.48,Opposite Signal,-84.15,14149.06
1466,2024-10-28 02:15:00,2024-10-28 03:00:00,Long,2738.11,2733.73,0.37,2732.71,Opposite Signal,-162.06,13987.0
1467,2024-10-28 03:00:00,2024-10-28 04:45:00,Short,2733.73,2732.3,0.39,2738.83,Opposite Signal,55.77,14042.77
1468,2024-10-28 04:45:00,2024-10-28 06:45:00,Long,2732.3,2729.66,0.35,2726.61,Opposite Signal,-92.4,13950.37
1469,2024-10-28 06:45:00,2024-10-28 07:45:00,Short,2729.66,2732.91,0.44,2734.18,Opposite Signal,-143.0,13807.37
1470,2024-10-28 07:45:00,2024-10-28 09:00:00,Long (Partial 50%),2732.91,2740.92,0.24,2732.91,Partial TP 1:2,192.21,13999.58
1470,2024-10-28 07:45:00,2024-10-28 09:45:00,Long,2732.91,2741.18,0.25,2741.18,Stop Loss,206.76,14206.34
1471,2024-10-28 09:45:00,2024-10-28 12:15:00,Short (Partial 50%),2740.61,2730.67,0.2,2740.61,Partial TP 1:2,198.82,14405.16
1471,2024-10-28 09:45:00,2024-10-28 13:30:00,Short,2740.61,2732.84,0.2,2733.05,Opposite Signal,155.4,14560.56
1472,2024-10-28 13:30:00,2024-10-28 17:00:00,Long (Partial 50%),2732.84,2743.44,0.18,2732.84,Partial TP 1:2,190.79,14751.35
1472,2024-10-28 13:30:00,2024-10-28 18:00:00,Long,2732.84,2740.84,0.19,2740.84,Stop Loss,151.98,14903.32
1473,2024-10-28 18:45:00,2024-10-28 19:30:00,Short,2740.74,2744.28,0.41,2745.58,Opposite Signal,-145.14,14758.18
1474,2024-10-28 19:30:00,2024-10-28 20:00:00,Long,2744.28,2740.8,0.45,2739.92,Opposite Signal,-156.6,14601.58
1475,2024-10-28 20:00:00,2024-10-28 20:30:00,Short,2740.8,2744.15,0.46,2745.07,Opposite Signal,-154.1,14447.48
1476,2024-10-28 20:30:00,2024-10-28 21:15:00,Long,2744.15,2740.36,0.48,2740.0,Opposite Signal,-181.92,14265.56
1477,2024-10-28 21:15:00,2024-10-29 01:15:00,Short,2740.36,2741.88,0.53,2744.09,Opposite Signal,-80.56,14185.0
1478,2024-10-29 01:15:00,2024-10-29 04:00:00,Long (Partial 50%),2741.88,2747.43,0.36,2741.88,Partial TP 1:2,199.79,14384.79
1478,2024-10-29 01:15:00,2024-10-29 05:15:00,Long,2741.88,2754.71,0.36,2754.71,Stop Loss,461.9,14846.69
1479,2024-10-29 05:30:00,2024-10-29 06:30:00,Short,2753.5,2752.72,0.49,2757.56,Opposite Signal,38.22,14884.91
1480,2024-10-29 06:30:00,2024-10-29 08:15:00,Long,2752.72,2752.73,0.45,2748.33,Opposite Signal,0.45,14885.36
1481,2024-10-29 08:15:00,2024-10-29 09:30:00,Short,2752.73,2753.9,0.49,2756.81,Opposite Signal,-57.33,14828.03
1482,2024-10-29 09:30:00,2024-10-29 10:45:00,Long,2753.9,2752.4,0.47,2749.73,Opposite Signal,-70.5,14757.53
1483,2024-10-29 10:45:00,2024-10-29 11:45:00,Short,2752.4,2754.63,0.5,2756.34,Opposite Signal,-111.5,14646.03
1484,2024-10-29 11:45:00,2024-10-29 12:45:00,Long,2754.63,2750.21,0.45,2750.21,Stop Loss,-199.02,14447.01
1485,2024-10-29 13:00:00,2024-10-29 14:45:00,Short,2749.97,2751.8,0.45,2754.4,Opposite Signal,-82.35,14364.66
1486,2024-10-29 14:45:00,2024-10-29 15:45:00,Long,2751.8,2749.08,0.43,2747.24,Opposite Signal,-116.96,14247.7
1487,2024-10-29 15:45:00,2024-10-29 16:00:00,Short,2749.08,2753.96,0.41,2753.96,Stop Loss,-199.88,14047.82
1488,2024-10-29 16:00:00,2024-10-29 17:00:00,Long (Partial 50%),2755.54,2766.66,0.17,2755.54,Partial TP 1:2,188.96,14236.78
1488,2024-10-29 16:00:00,2024-10-29 18:15:00,Long,2755.54,2765.05,0.17,2765.05,Stop Loss,161.74,14398.52
1489,2024-10-29 18:15:00,2024-10-29 19:00:00,Short,2760.96,2767.96,0.28,2767.96,Stop Loss,-195.89,14202.63
1490,2024-10-29 19:00:00,2024-10-30 04:30:00,Long (Partial 50%),2768.27,2781.59,0.15,2768.27,Partial TP 1:2,199.87,14402.5
1490,2024-10-29 19:00:00,2024-10-30 05:00:00,Long,2768.27,2779.49,0.15,2779.49,Stop Loss,168.33,14570.83
1491,2024-10-30 05:00:00,2024-10-30 05:45:00,Short,2779.34,2780.47,0.59,2782.68,Opposite Signal,-66.67,14504.16
1492,2024-10-30 05:45:00,2024-10-30 06:15:00,Long,2780.47,2777.58,0.56,2776.95,Opposite Signal,-161.84,14342.32
1493,2024-10-30 06:15:00,2024-10-30 07:45:00,Short,2777.58,2780.18,0.54,2781.28,Opposite Signal,-140.4,14201.92
1494,2024-10-30 07:45:00,2024-10-30 09:15:00,Long (Partial 50%),2780.18,2786.15,0.33,2780.18,Partial TP 1:2,196.94,14398.86
1494,2024-10-30 07:45:00,2024-10-30 10:00:00,Long,2780.18,2785.83,0.34,2785.83,Stop Loss,192.21,14591.07
1495,2024-10-30 10:15:00,2024-10-30 12:45:00,Short,2784.33,2784.59,0.52,2788.17,Opposite Signal,-13.52,14577.55
1496,2024-10-30 12:45:00,2024-10-30 13:30:00,Long,2784.59,2782.3,0.51,2780.7,Opposite Signal,-116.79,14460.76
1497,2024-10-30 13:30:00,2024-10-30 15:15:00,Short (Partial 50%),2782.3,2774.59,0.25,2782.3,Partial TP 1:2,192.66,14653.42
1497,2024-10-30 13:30:00,2024-10-30 15:30:00,Short,2782.3,2782.3,0.26,2782.3,Stop Loss,0.0,14653.42
1498,2024-10-30 15:30:00,2024-10-30 16:15:00,Long,2780.88,2779.61,0.41,2776.11,Opposite Signal,-52.07,14601.35
1499,2024-10-30 16:15:00,2024-10-30 17:45:00,Short,2779.61,2780.34,0.34,2785.35,Opposite Signal,-24.82,14576.53
1500,2024-10-30 17:45:00,2024-10-30 18:00:00,Long,2780.34,2773.49,0.29,2773.49,Stop Loss,-198.51,14378.02
1501,2024-10-30 18:00:00,2024-10-30 18:15:00,Short,2774.82,2780.27,0.26,2782.27,Opposite Signal,-141.7,14236.32
1502,2024-10-30 18:15:00,2024-10-30 22:30:00,Long,2780.27,2784.65,0.26,2772.68,Opposite Signal,113.88,14350.2
1503,2024-10-30 22:30:00,2024-10-30 22:45:00,Short,2784.65,2787.34,0.54,2788.35,Opposite Signal,-145.26,14204.94
1504,2024-10-30 22:45:00,2024-10-31 02:45:00,Long,2787.34,2785.41,0.52,2783.53,Opposite Signal,-100.36,14104.58
1505,2024-10-31 02:45:00,2024-10-31 03:15:00,Short,2785.41,2787.91,0.8,2787.91,Stop Loss,-199.62,13904.96
1506,2024-10-31 03:30:00,2024-10-31 04:30:00,Long,2787.65,2786.0,0.76,2785.03,Opposite Signal,-125.4,13779.56
1507,2024-10-31 04:30:00,2024-10-31 05:30:00,Short,2786.0,2788.25,0.65,2789.04,Opposite Signal,-146.25,13633.31
1508,2024-10-31 05:30:00,2024-10-31 06:15:00,Long,2788.25,2785.53,0.58,2784.83,Opposite Signal,-157.76,13475.55
1509,2024-10-31 06:15:00,2024-10-31 07:45:00,Short,2785.53,2784.47,0.58,2788.93,Opposite Signal,61.48,13537.03
1510,2024-10-31 07:45:00,2024-10-31 09:45:00,Long,2784.47,2781.26,0.62,2781.26,Stop Loss,-199.02,13338.01
1511,2024-10-31 09:45:00,2024-10-31 10:30:00,Short,2779.85,2783.68,0.52,2783.68,Stop Loss,-198.92,13139.1
1512,2024-10-31 10:30:00,2024-10-31 11:00:00,Long,2783.71,2779.97,0.53,2779.97,Stop Loss,-198.02,12941.08
1513,2024-10-31 11:00:00,2024-10-31 13:15:00,Short,2779.42,2777.63,0.49,2783.45,Opposite Signal,87.71,13028.79
1514,2024-10-31 13:15:00,2024-10-31 14:15:00,Long,2777.63,2777.82,0.49,2773.62,Opposite Signal,9.31,13038.1
1515,2024-10-31 14:15:00,2024-10-31 15:00:00,Short,2777.82,2781.4,0.49,2781.9,Opposite Signal,-175.42,12862.68
1516,2024-10-31 15:00:00,2024-10-31 15:15:00,Long,2781.4,2777.26,0.48,2777.26,Stop Loss,-198.88,12663.8
1517,2024-10-31 15:15:00,2024-10-31 16:00:00,Short (Partial 50%),2777.15,2767.9,0.21,2777.15,Partial TP 1:2,194.17,12857.97
1517,2024-10-31 15:15:00,2024-10-31 18:15:00,Short,2777.15,2740.34,0.22,2740.34,Stop Loss,809.74,13667.7
1518,2024-10-31 18:45:00,2024-10-31 23:45:00,Long,2740.63,2743.73,0.23,2732.19,Opposite Signal,71.3,13739.0
1519,2024-10-31 23:45:00,2024-11-01 01:00:00,Short,2743.73,2747.11,0.43,2748.32,Opposite Signal,-145.34,13593.66
1520,2024-11-01 01:00:00,2024-11-01 03:45:00,Long,2747.11,2744.98,0.41,2742.28,Opposite Signal,-87.33,13506.33
1521,2024-11-01 03:45:00,2024-11-01 04:00:00,Short,2744.98,2747.12,0.65,2748.02,Opposite Signal,-139.1,13367.23
1522,2024-11-01 04:00:00,2024-11-01 05:00:00,Long,2747.12,2746.97,0.62,2743.94,Opposite Signal,-9.3,13357.93
1523,2024-11-01 05:00:00,2024-11-01 06:15:00,Short,2746.97,2749.98,0.52,2750.75,Opposite Signal,-156.52,13201.41
1524,2024-11-01 06:15:00,2024-11-01 09:00:00,Long (Partial 50%),2749.98,2757.36,0.27,2749.98,Partial TP 1:2,199.35,13400.76
1524,2024-11-01 06:15:00,2024-11-01 09:15:00,Long,2749.98,2752.84,0.27,2750.58,Opposite Signal,77.22,13477.98
1525,2024-11-01 09:15:00,2024-11-01 11:00:00,Short,2752.84,2752.48,0.59,2756.23,Opposite Signal,21.24,13499.22
1526,2024-11-01 11:00:00,2024-11-01 12:30:00,Long,2752.48,2748.52,0.5,2748.52,Stop Loss,-198.01,13301.21
1527,2024-11-01 12:30:00,2024-11-01 14:00:00,Short,2751.13,2751.57,0.43,2755.73,Opposite Signal,-18.92,13282.29
1528,2024-11-01 14:00:00,2024-11-01 15:15:00,Long,2751.57,2749.69,0.43,2746.94,Opposite Signal,-80.84,13201.45
1529,2024-11-01 15:15:00,2024-11-01 15:30:00,Short,2749.69,2754.19,0.44,2754.19,Stop Loss,-198.16,13003.29
1530,2024-11-01 15:30:00,2024-11-01 16:15:00,Long,2755.95,2753.64,0.35,2750.24,Opposite Signal,-80.85,12922.44
1531,2024-11-01 16:15:00,2024-11-01 17:45:00,Short,2753.64,2747.18,0.27,2760.89,Opposite Signal,174.42,13096.86
1532,2024-11-01 17:45:00,2024-11-01 19:00:00,Long,2747.18,2743.34,0.21,2737.69,Opposite Signal,-80.64,13016.22
1533,2024-11-01 19:00:00,2024-11-04 01:15:00,Short,2743.34,2739.28,0.24,2751.43,Opposite Signal,97.44,13113.66
1534,2024-11-04 01:15:00,2024-11-04 03:00:00,Long,2739.28,2736.66,0.38,2734.05,Opposite Signal,-99.56,13014.1
1535,2024-11-04 03:00:00,2024-11-04 03:45:00,Short,2736.66,2739.93,0.41,2741.52,Opposite Signal,-134.07,12880.03
1536,2024-11-04 03:45:00,2024-11-04 07:30:00,Long,2739.93,2739.31,0.42,2735.18,Opposite Signal,-26.04,12853.99
1537,2024-11-04 07:30:00,2024-11-04 08:45:00,Short,2739.31,2741.38,0.55,2742.93,Opposite Signal,-113.85,12740.14
1538,2024-11-04 08:45:00,2024-11-04 09:30:00,Long,2741.38,2738.13,0.48,2737.25,Opposite Signal,-156.0,12584.14
1539,2024-11-04 09:30:00,2024-11-04 11:15:00,Short,2738.13,2741.14,0.45,2742.48,Opposite Signal,-135.45,12448.69
1540,2024-11-04 11:15:00,2024-11-04 12:45:00,Long,2741.14,2738.59,0.37,2735.75,Opposite Signal,-94.35,12354.34
1541,2024-11-04 12:45:00,2024-11-04 14:30:00,Short,2738.59,2742.02,0.38,2743.74,Opposite Signal,-130.34,12224.0
1542,2024-11-04 14:30:00,2024-11-04 15:15:00,Long,2742.02,2740.64,0.44,2737.55,Opposite Signal,-60.72,12163.28
1543,2024-11-04 15:15:00,2024-11-04 15:30:00,Short,2740.64,2744.58,0.43,2745.22,Opposite Signal,-169.42,11993.86
1544,2024-11-04 15:30:00,2024-11-04 16:15:00,Long,2744.58,2742.81,0.39,2739.52,Opposite Signal,-69.03,11924.83
1545,2024-11-04 16:15:00,2024-11-04 18:45:00,Short (Partial 50%),2742.81,2732.82,0.2,2742.81,Partial TP 1:2,199.85,12124.67
1545,2024-11-04 16:15:00,2024-11-04 19:45:00,Short,2742.81,2738.4,0.2,2738.4,Stop Loss,88.12,12212.79
1546,2024-11-04 19:45:00,2024-11-04 23:45:00,Long,2738.36,2735.57,0.36,2732.95,Opposite Signal,-100.44,12112.35
1547,2024-11-04 23:45:00,2024-11-05 02:15:00,Short,2735.57,2736.46,0.7,2738.42,Opposite Signal,-62.3,12050.05
1548,2024-11-05 02:15:00,2024-11-05 03:00:00,Long,2736.46,2734.25,0.73,2733.76,Opposite Signal,-161.33,11888.72
1549,2024-11-05 03:00:00,2024-11-05 04:30:00,Short (Partial 50%),2734.25,2729.04,0.38,2734.25,Partial TP 1:2,197.83,12086.55
1549,2024-11-05 03:00:00,2024-11-05 05:00:00,Short,2734.25,2729.3,0.38,2731.27,Opposite Signal,188.1,12274.65
1550,2024-11-05 05:00:00,2024-11-05 07:45:00,Long,2729.3,2732.55,0.47,2725.08,Opposite Signal,152.75,12427.4
1551,2024-11-05 07:45:00,2024-11-05 08:30:00,Short,2732.55,2736.12,0.56,2736.12,Stop Loss,-199.99,12227.41
1552,2024-11-05 08:30:00,2024-11-05 09:30:00,Long,2737.73,2736.43,0.51,2733.84,Opposite Signal,-66.3,12161.11
1553,2024-11-05 09:30:00,2024-11-05 10:15:00,Short,2736.43,2736.05,0.48,2740.57,Opposite Signal,18.24,12179.35
1554,2024-11-05 10:15:00,2024-11-05 11:15:00,Long (Partial 50%),2736.05,2744.98,0.22,2736.05,Partial TP 1:2,196.4,12375.75
1554,2024-11-05 10:15:00,2024-11-05 11:45:00,Long,2736.05,2739.07,0.22,2739.07,Stop Loss,66.44,12442.19
1555,2024-11-05 11:45:00,2024-11-05 13:15:00,Short,2739.95,2741.01,0.43,2744.51,Opposite Signal,-45.58,12396.61
1556,2024-11-05 13:15:00,2024-11-05 14:45:00,Long,2741.01,2737.94,0.47,2736.76,Opposite Signal,-144.29,12252.32
1557,2024-11-05 14:45:00,2024-11-05 15:15:00,Short,2737.94,2741.92,0.5,2741.92,Stop Loss,-198.99,12053.32
1558,2024-11-05 15:15:00,2024-11-05 17:00:00,Long,2741.88,2737.56,0.46,2737.56,Stop Loss,-198.91,11854.41
1559,2024-11-05 17:00:00,2024-11-05 17:45:00,Short,2737.87,2742.02,0.31,2744.25,Opposite Signal,-128.65,11725.76
1560,2024-11-05 17:45:00,2024-11-06 02:00:00,Long,2742.02,2742.71,0.29,2735.27,Opposite Signal,20.01,11745.77
1561,2024-11-06 02:00:00,2024-11-06 02:15:00,Short (Partial 50%),2742.71,2736.27,0.31,2742.71,Partial TP 1:2,199.57,11945.34
1561,2024-11-06 02:00:00,2024-11-06 03:15:00,Short,2742.71,2740.77,0.31,2740.77,Stop Loss,60.03,12005.37
1562,2024-11-06 03:15:00,2024-11-06 04:00:00,Long,2741.09,2743.86,0.4,2736.11,Opposite Signal,110.8,12116.17
1563,2024-11-06 04:00:00,2024-11-06 05:15:00,Short (Partial 50%),2743.86,2731.61,0.16,2743.86,Partial TP 1:2,195.92,12312.09
1563,2024-11-06 04:00:00,2024-11-06 06:00:00,Short,2743.86,2738.7,0.16,2739.76,Opposite Signal,82.56,12394.65
1564,2024-11-06 06:00:00,2024-11-06 08:00:00,Long,2738.7,2732.59,0.23,2730.35,Opposite Signal,-140.53,12254.12
1565,2024-11-06 08:00:00,2024-11-06 08:15:00,Short (Partial 50%),2732.59,2717.67,0.13,2732.59,Partial TP 1:2,194.01,12448.13
1565,2024-11-06 08:00:00,2024-11-06 08:45:00,Short,2732.59,2711.97,0.13,2711.97,Stop Loss,268.05,12716.19
1566,2024-11-06 09:00:00,2024-11-06 11:30:00,Long,2722.08,2717.88,0.14,2708.39,Opposite Signal,-58.8,12657.39
1567,2024-11-06 11:30:00,2024-11-06 14:00:00,Short,2717.88,2707.27,0.16,2729.65,Opposite Signal,169.76,12827.15
1568,2024-11-06 14:00:00,2024-11-06 14:30:00,Long,2707.27,2695.82,0.17,2695.82,Stop Loss,-194.65,12632.49
1569,2024-11-06 14:45:00,2024-11-06 15:30:00,Short (Partial 50%),2695.14,2671.73,0.08,2695.14,Partial TP 1:2,187.32,12819.81
1569,2024-11-06 14:45:00,2024-11-06 17:15:00,Short,2695.14,2668.5,0.09,2668.5,Stop Loss,239.77,13059.58
1570,2024-11-06 17:30:00,2024-11-06 18:30:00,Long,2671.11,2665.69,0.14,2657.75,Opposite Signal,-75.88,12983.7
1571,2024-11-06 18:30:00,2024-11-07 01:00:00,Short,2665.69,2663.62,0.16,2677.88,Opposite Signal,33.12,13016.82
1572,2024-11-07 01:00:00,2024-11-07 03:00:00,Long,2663.62,2657.99,0.35,2657.99,Stop Loss,-197.18,12819.64
1573,2024-11-07 03:00:00,2024-11-07 03:15:00,Short (Partial 50%),2658.2,2647.84,0.19,2658.2,Partial TP 1:2,196.78,13016.42
1573,2024-11-07 03:00:00,2024-11-07 04:00:00,Short,2658.2,2653.05,0.19,2653.05,Stop Loss,97.86,13114.28
1574,2024-11-07 04:00:00,2024-11-07 06:45:00,Long,2654.95,2654.56,0.28,2647.83,Opposite Signal,-10.92,13103.36
1575,2024-11-07 06:45:00,2024-11-07 07:00:00,Short,2654.56,2658.77,0.37,2659.84,Opposite Signal,-155.77,12947.59
1576,2024-11-07 07:00:00,2024-11-07 08:00:00,Long,2658.77,2653.33,0.36,2653.33,Stop Loss,-195.91,12751.68
1577,2024-11-07 08:00:00,2024-11-07 09:00:00,Short,2654.52,2660.08,0.35,2660.08,Stop Loss,-194.46,12557.22
1578,2024-11-07 09:00:00,2024-11-07 10:30:00,Long,2659.95,2661.2,0.36,2654.53,Opposite Signal,45.0,12602.22
1579,2024-11-07 10:30:00,2024-11-07 11:15:00,Short,2661.2,2664.65,0.35,2666.88,Opposite Signal,-120.75,12481.47
1580,2024-11-07 11:15:00,2024-11-07 15:00:00,Long (Partial 50%),2664.65,2677.51,0.15,2664.65,Partial TP 1:2,192.85,12674.32
1580,2024-11-07 11:15:00,2024-11-07 18:15:00,Long,2664.65,2693.76,0.16,2693.76,Stop Loss,465.74,13140.06
1581,2024-11-07 18:15:00,2024-11-07 19:00:00,Short,2691.88,2698.13,0.26,2699.56,Opposite Signal,-162.5,12977.56
1582,2024-11-07 19:00:00,2024-11-07 21:00:00,Long,2698.13,2690.72,0.27,2690.72,Stop Loss,-199.97,12777.59
1583,2024-11-07 21:00:00,2024-11-07 22:00:00,Short,2692.88,2699.29,0.31,2699.29,Stop Loss,-198.8,12578.79
1584,2024-11-07 22:00:00,2024-11-08 03:00:00,Long,2704.93,2699.73,0.23,2696.59,Opposite Signal,-119.6,12459.19
1585,2024-11-08 03:00:00,2024-11-08 08:15:00,Short (Partial 50%),2699.73,2688.74,0.18,2699.73,Partial TP 1:2,197.87,12657.06
1585,2024-11-08 03:00:00,2024-11-08 09:30:00,Short,2699.73,2686.28,0.18,2686.28,Stop Loss,242.17,12899.22
1586,2024-11-08 09:30:00,2024-11-08 12:00:00,Long,2686.42,2686.94,0.38,2681.27,Opposite Signal,19.76,12918.98
1587,2024-11-08 12:00:00,2024-11-08 13:30:00,Short,2686.94,2692.52,0.35,2692.52,Stop Loss,-195.33,12723.66
1588,2024-11-08 13:30:00,2024-11-08 14:15:00,Long,2693.25,2687.86,0.37,2687.86,Stop Loss,-199.46,12524.2
1589,2024-11-08 14:15:00,2024-11-08 15:15:00,Short,2688.47,2693.98,0.36,2693.98,Stop Loss,-198.49,12325.71
1590,2024-11-08 15:15:00,2024-11-08 16:30:00,Long,2695.2,2691.4,0.35,2689.58,Opposite Signal,-133.0,12192.71
1591,2024-11-08 16:30:00,2024-11-08 21:45:00,Short,2691.4,2687.08,0.26,2698.88,Opposite Signal,112.32,12305.03
1592,2024-11-08 21:45:00,2024-11-08 22:45:00,Long,2687.08,2685.13,0.43,2682.51,Opposite Signal,-83.85,12221.18
1593,2024-11-08 22:45:00,2024-11-11 03:00:00,Short (Partial 50%),2685.13,2676.84,0.24,2685.13,Partial TP 1:2,199.05,12420.23
1593,2024-11-08 22:45:00,2024-11-11 06:45:00,Short,2685.13,2672.13,0.24,2672.13,Stop Loss,311.93,12732.16
1594,2024-11-11 08:15:00,2024-11-11 09:45:00,Long,2672.61,2669.63,0.41,2667.83,Opposite Signal,-122.18,12609.98
1595,2024-11-11 09:45:00,2024-11-11 12:00:00,Short,2669.63,2671.79,0.45,2673.99,Opposite Signal,-97.2,12512.78
1596,2024-11-11 12:00:00,2024-11-11 12:45:00,Long,2671.79,2666.77,0.39,2666.77,Stop Loss,-195.69,12317.09
1597,2024-11-11 12:45:00,2024-11-11 13:15:00,Short,2661.94,2666.01,0.33,2667.83,Opposite Signal,-134.31,12182.78
1598,2024-11-11 13:15:00,2024-11-11 14:00:00,Long,2666.01,2660.12,0.33,2660.12,Stop Loss,-194.3,11988.48
1599,2024-11-11 14:00:00,2024-11-11 15:30:00,Short (Partial 50%),2660.12,2648.7,0.17,2660.12,Partial TP 1:2,194.14,12182.62
1599,2024-11-11 14:00:00,2024-11-11 20:30:00,Short,2660.12,2615.3,0.17,2615.3,Stop Loss,761.92,12944.54
1600,2024-11-11 20:30:00,2024-11-11 22:45:00,Long,2618.15,2622.01,0.3,2611.67,Opposite Signal,115.8,13060.34
1601,2024-11-11 22:45:00,2024-11-12 01:30:00,Short,2622.01,2622.89,0.4,2626.93,Opposite Signal,-35.2,13025.14
1602,2024-11-12 01:30:00,2024-11-12 03:15:00,Long,2622.89,2619.22,0.54,2619.22,Stop Loss,-198.36,12826.79
1603,2024-11-12 03:15:00,2024-11-12 03:30:00,Short,2619.31,2622.97,0.54,2622.97,Stop Loss,-197.85,12628.94
1604,2024-11-12 03:30:00,2024-11-12 05:30:00,Long,2622.18,2620.49,0.51,2618.32,Opposite Signal,-86.19,12542.75
1605,2024-11-12 05:30:00,2024-11-12 07:15:00,Short (Partial 50%),2620.49,2612.28,0.24,2620.49,Partial TP 1:2,197.1,12739.85
1605,2024-11-12 05:30:00,2024-11-12 09:00:00,Short,2620.49,2608.7,0.24,2608.7,Stop Loss,283.02,13022.86
1606,2024-11-12 10:00:00,2024-11-12 11:00:00,Long,2604.37,2596.13,0.24,2596.13,Stop Loss,-197.75,12825.12
1607,2024-11-12 11:00:00,2024-11-12 13:15:00,Short,2594.34,2597.98,0.24,2602.62,Opposite Signal,-87.36,12737.76
1608,2024-11-12 13:15:00,2024-11-12 15:15:00,Long (Partial 50%),2597.98,2612.96,0.13,2597.98,Partial TP 1:2,194.68,12932.44
1608,2024-11-12 13:15:00,2024-11-12 15:30:00,Long,2597.98,2606.28,0.13,2600.32,Opposite Signal,107.9,13040.34
1609,2024-11-12 15:30:00,2024-11-12 16:00:00,Short,2606.28,2613.45,0.22,2615.22,Opposite Signal,-157.74,12882.6
1610,2024-11-12 16:00:00,2024-11-12 17:15:00,Long,2613.45,2604.59,0.22,2604.59,Stop Loss,-194.9,12687.7
1611,2024-11-12 17:15:00,2024-11-12 20:00:00,Short,2603.35,2600.64,0.22,2612.3,Opposite Signal,59.62,12747.32
1612,2024-11-12 20:00:00,2024-11-13 04:00:00,Long,2600.64,2606.69,0.27,2593.24,Opposite Signal,163.35,12910.67
1613,2024-11-13 04:00:00,2024-11-13 04:45:00,Short,2606.69,2610.87,0.47,2610.87,Stop Loss,-196.4,12714.27
1614,2024-11-13 04:45:00,2024-11-13 05:15:00,Long,2612.1,2607.61,0.44,2607.61,Stop Loss,-197.58,12516.69
1615,2024-11-13 05:15:00,2024-11-13 06:15:00,Short,2608.45,2611.66,0.42,2613.15,Opposite Signal,-134.82,12381.87
1616,2024-11-13 06:15:00,2024-11-13 06:45:00,Long,2611.66,2607.03,0.43,2607.03,Stop Loss,-199.01,12182.86
1617,2024-11-13 06:45:00,2024-11-13 10:15:00,Short,2606.23,2604.71,0.4,2611.14,Opposite Signal,60.8,12243.66
1618,2024-11-13 10:15:00,2024-11-13 15:00:00,Long,2604.71,2608.06,0.43,2600.13,Opposite Signal,144.05,12387.71
1619,2024-11-13 15:00:00,2024-11-13 15:30:00,Short,2608.06,2612.31,0.47,2612.31,Stop Loss,-199.73,12187.98
1620,2024-11-13 15:45:00,2024-11-13 16:30:00,Long,2612.33,2606.63,0.35,2606.63,Stop Loss,-199.5,11988.48
1621,2024-11-13 16:30:00,2024-11-13 17:00:00,Short (Partial 50%),2609.94,2596.4,0.14,2609.94,Partial TP 1:2,189.5,12177.98
1621,2024-11-13 16:30:00,2024-11-13 17:45:00,Short,2609.94,2602.5,0.14,2602.5,Stop Loss,104.13,12282.11
1622,2024-11-13 17:45:00,2024-11-13 18:15:00,Long,2605.41,2597.27,0.24,2597.27,Stop Loss,-195.41,12086.7
1623,2024-11-13 18:15:00,2024-11-13 19:15:00,Short (Partial 50%),2595.68,2579.4,0.12,2595.68,Partial TP 1:2,195.33,12282.03
1623,2024-11-13 18:15:00,2024-11-14 01:15:00,Short,2595.68,2576.38,0.12,2576.38,Stop Loss,231.56,12513.6
1624,2024-11-14 01:15:00,2024-11-14 01:30:00,Long,2581.01,2575.32,0.35,2575.32,Stop Loss,-199.16,12314.44
1625,2024-11-14 01:30:00,2024-11-14 05:00:00,Short,2572.35,2563.68,0.28,2579.27,Opposite Signal,242.76,12557.2
1626,2024-11-14 05:00:00,2024-11-14 07:15:00,Long,2563.68,2559.9,0.33,2557.75,Opposite Signal,-124.74,12432.46
1627,2024-11-14 07:15:00,2024-11-14 09:15:00,Short,2559.9,2554.86,0.4,2564.89,Opposite Signal,201.6,12634.06
1628,2024-11-14 09:15:00,2024-11-14 11:15:00,Long,2554.86,2552.25,0.35,2549.22,Opposite Signal,-91.35,12542.71
1629,2024-11-14 11:15:00,2024-11-14 11:45:00,Short (Partial 50%),2552.25,2540.8,0.17,2552.25,Partial TP 1:2,194.64,12737.35
1629,2024-11-14 11:15:00,2024-11-14 13:30:00,Short,2552.25,2549.55,0.17,2549.55,Stop Loss,45.95,12783.3
1630,2024-11-14 13:30:00,2024-11-14 17:00:00,Long (Partial 50%),2552.17,2566.1,0.14,2552.17,Partial TP 1:2,194.99,12978.29
1630,2024-11-14 13:30:00,2024-11-14 19:15:00,Long,2552.17,2570.27,0.14,2570.27,Stop Loss,253.45,13231.74
1631,2024-11-14 19:15:00,2024-11-14 21:00:00,Short,2568.9,2573.8,0.27,2576.09,Opposite Signal,-132.3,13099.44
1632,2024-11-14 21:00:00,2024-11-14 22:00:00,Long,2573.8,2567.43,0.31,2567.43,Stop Loss,-197.34,12902.09
1633,2024-11-14 22:00:00,2024-11-14 22:15:00,Short,2566.33,2573.09,0.29,2573.09,Stop Loss,-196.17,12705.92
1634,2024-11-14 22:15:00,2024-11-14 22:45:00,Long,2572.61,2565.49,0.28,2565.49,Stop Loss,-199.49,12506.43
1635,2024-11-14 22:45:00,2024-11-15 03:00:00,Short,2567.33,2569.93,0.27,2574.57,Opposite Signal,-70.2,12436.23
1636,2024-11-15 03:00:00,2024-11-15 03:30:00,Long,2569.93,2565.79,0.48,2565.79,Stop Loss,-198.96,12237.27
1637,2024-11-15 03:30:00,2024-11-15 04:00:00,Short,2564.72,2568.24,0.44,2569.25,Opposite Signal,-154.88,12082.39
1638,2024-11-15 04:00:00,2024-11-15 06:45:00,Long,2568.24,2567.07,0.42,2563.58,Opposite Signal,-49.14,12033.25
1639,2024-11-15 06:45:00,2024-11-15 07:45:00,Short (Partial 50%),2567.07,2560.24,0.28,2567.07,Partial TP 1:2,191.23,12224.49
1639,2024-11-15 06:45:00,2024-11-15 08:30:00,Short,2567.07,2560.39,0.29,2560.39,Stop Loss,193.63,12418.12
1640,2024-11-15 08:30:00,2024-11-15 11:45:00,Long,2561.2,2564.07,0.44,2556.72,Opposite Signal,126.28,12544.4
1641,2024-11-15 11:45:00,2024-11-15 12:15:00,Short,2564.07,2569.01,0.4,2569.01,Stop Loss,-197.57,12346.83
1642,2024-11-15 12:15:00,2024-11-15 14:00:00,Long,2569.16,2566.88,0.39,2564.06,Opposite Signal,-88.92,12257.91
1643,2024-11-15 14:00:00,2024-11-15 15:00:00,Short,2566.88,2572.15,0.37,2572.15,Stop Loss,-194.99,12062.92
1644,2024-11-15 15:00:00,2024-11-15 15:30:00,Long,2573.81,2568.15,0.35,2568.15,Stop Loss,-198.12,11864.8
1645,2024-11-15 15:30:00,2024-11-15 16:00:00,Short,2568.49,2571.54,0.28,2575.41,Opposite Signal,-85.4,11779.4
1646,2024-11-15 16:00:00,2024-11-15 17:30:00,Long,2571.54,2565.33,0.25,2563.72,Opposite Signal,-155.25,11624.15
1647,2024-11-15 17:30:00,2024-11-15 18:00:00,Short,2565.33,2572.75,0.24,2573.54,Opposite Signal,-178.08,11446.07
1648,2024-11-15 18:00:00,2024-11-15 18:15:00,Long,2572.75,2566.54,0.24,2564.65,Opposite Signal,-149.04,11297.03
1649,2024-11-15 18:15:00,2024-11-15 20:45:00,Short,2566.54,2567.51,0.24,2574.79,Opposite Signal,-23.28,11273.75
1650,2024-11-15 20:45:00,2024-11-15 21:30:00,Long,2567.51,2563.38,0.33,2561.51,Opposite Signal,-136.29,11137.46
1651,2024-11-15 21:30:00,2024-11-18 01:00:00,Short,2563.38,2568.68,0.37,2568.68,Stop Loss,-195.98,10941.48
1652,2024-11-18 01:00:00,2024-11-18 03:15:00,Long (Partial 50%),2573.36,2583.18,0.2,2573.36,Partial TP 1:2,196.47,11137.95
1652,2024-11-18 01:00:00,2024-11-18 03:45:00,Long,2573.36,2586.39,0.2,2586.39,Stop Loss,260.63,11398.58
1653,2024-11-18 03:45:00,2024-11-18 04:00:00,Short,2587.1,2594.4,0.27,2594.4,Stop Loss,-197.18,11201.4
1654,2024-11-18 04:00:00,2024-11-18 07:15:00,Long,2592.06,2588.95,0.25,2584.25,Opposite Signal,-77.75,11123.65
1655,2024-11-18 07:15:00,2024-11-18 10:00:00,Short,2588.95,2586.02,0.43,2593.5,Opposite Signal,125.99,11249.64
1656,2024-11-18 10:00:00,2024-11-18 11:45:00,Long (Partial 50%),2586.02,2595.73,0.2,2586.02,Partial TP 1:2,194.11,11443.75
1656,2024-11-18 10:00:00,2024-11-18 12:00:00,Long,2586.02,2591.55,0.2,2587.82,Opposite Signal,110.6,11554.35
1657,2024-11-18 12:00:00,2024-11-18 14:30:00,Short,2591.55,2594.91,0.35,2597.14,Opposite Signal,-117.6,11436.75
1658,2024-11-18 14:30:00,2024-11-18 16:00:00,Long (Partial 50%),2594.91,2605.82,0.18,2594.91,Partial TP 1:2,196.37,11633.12
1658,2024-11-18 14:30:00,2024-11-18 19:00:00,Long,2594.91,2609.27,0.18,2609.27,Stop Loss,258.53,11891.65
1659,2024-11-18 19:15:00,2024-11-18 21:00:00,Short,2608.39,2612.07,0.39,2613.42,Opposite Signal,-143.52,11748.13
1660,2024-11-18 21:00:00,2024-11-18 21:30:00,Long,2612.07,2608.84,0.44,2607.56,Opposite Signal,-142.12,11606.01
1661,2024-11-18 21:30:00,2024-11-18 23:30:00,Short,2608.84,2611.71,0.45,2613.19,Opposite Signal,-129.15,11476.86
1662,2024-11-18 23:30:00,2024-11-19 03:15:00,Long,2611.71,2613.19,0.6,2608.41,Opposite Signal,88.8,11565.66
1663,2024-11-19 03:15:00,2024-11-19 03:45:00,Short,2613.19,2615.7,0.59,2616.54,Opposite Signal,-148.09,11417.57
1664,2024-11-19 03:45:00,2024-11-19 04:30:00,Long (Partial 50%),2615.7,2623.07,0.27,2615.7,Partial TP 1:2,199.12,11616.69
1664,2024-11-19 03:45:00,2024-11-19 05:30:00,Long,2615.7,2622.21,0.27,2622.21,Stop Loss,175.8,11792.49
1665,2024-11-19 06:15:00,2024-11-19 08:45:00,Short,2622.07,2625.98,0.51,2625.98,Stop Loss,-199.18,11593.3
1666,2024-11-19 08:45:00,2024-11-19 09:00:00,Long,2625.11,2621.42,0.54,2621.42,Stop Loss,-199.2,11394.1
1667,2024-11-19 09:00:00,2024-11-19 10:30:00,Short,2618.99,2623.35,0.45,2623.35,Stop Loss,-196.38,11197.72
1668,2024-11-19 10:30:00,2024-11-19 12:45:00,Long (Partial 50%),2626.63,2636.43,0.2,2626.63,Partial TP 1:2,196.02,11393.74
1668,2024-11-19 10:30:00,2024-11-19 13:45:00,Long,2626.63,2631.42,0.2,2631.42,Stop Loss,95.77,11489.51
1669,2024-11-19 13:45:00,2024-11-19 14:15:00,Short,2629.56,2634.64,0.39,2634.64,Stop Loss,-198.16,11291.35
1670,2024-11-19 14:15:00,2024-11-19 15:15:00,Long,2635.86,2630.59,0.37,2630.59,Stop Loss,-194.86,11096.48
1671,2024-11-19 15:15:00,2024-11-19 15:30:00,Short,2630.24,2634.78,0.32,2636.33,Opposite Signal,-145.28,10951.2
1672,2024-11-19 15:30:00,2024-11-19 16:00:00,Long,2634.78,2630.18,0.3,2628.24,Opposite Signal,-138.0,10813.2
1673,2024-11-19 16:00:00,2024-11-19 19:00:00,Short,2630.18,2629.61,0.28,2637.15,Opposite Signal,15.96,10829.16
1674,2024-11-19 19:00:00,2024-11-19 20:15:00,Long,2629.61,2627.28,0.28,2622.68,Opposite Signal,-65.24,10763.92
1675,2024-11-19 20:15:00,2024-11-19 22:00:00,Short,2627.28,2631.64,0.32,2633.35,Opposite Signal,-139.52,10624.4
1676,2024-11-19 22:00:00,2024-11-20 03:00:00,Long (Partial 50%),2631.64,2640.44,0.22,2631.64,Partial TP 1:2,193.5,10817.9
1676,2024-11-19 22:00:00,2024-11-20 05:45:00,Long,2631.64,2638.86,0.23,2638.86,Stop Loss,166.0,10983.9
1677,2024-11-20 05:45:00,2024-11-20 07:30:00,Short,2637.97,2637.85,0.63,2641.1,Opposite Signal,7.56,10991.46
1678,2024-11-20 07:30:00,2024-11-20 08:00:00,Long,2637.85,2634.79,0.65,2634.79,Stop Loss,-198.67,10792.79
1679,2024-11-20 08:00:00,2024-11-20 09:45:00,Short (Partial 50%),2630.87,2623.31,0.26,2630.87,Partial TP 1:2,196.57,10989.37
1679,2024-11-20 08:00:00,2024-11-20 11:00:00,Short,2630.87,2624.89,0.26,2624.89,Stop Loss,155.36,11144.73
1680,2024-11-20 11:00:00,2024-11-20 11:15:00,Long,2625.45,2621.78,0.45,2621.01,Opposite Signal,-165.15,10979.58
1681,2024-11-20 11:15:00,2024-11-20 12:45:00,Short,2621.78,2625.1,0.43,2626.35,Opposite Signal,-142.76,10836.82
1682,2024-11-20 12:45:00,2024-11-20 15:00:00,Long (Partial 50%),2625.1,2633.64,0.23,2625.1,Partial TP 1:2,196.34,11033.16
1682,2024-11-20 12:45:00,2024-11-20 15:45:00,Long,2625.1,2634.01,0.23,2634.01,Stop Loss,204.93,11238.1
1683,2024-11-20 19:15:00,2024-11-20 21:30:00,Short,2650.05,2652.98,0.31,2656.49,Opposite Signal,-90.83,11147.27
1684,2024-11-20 21:30:00,2024-11-20 22:15:00,Long,2652.98,2648.59,0.39,2647.93,Opposite Signal,-171.21,10976.06
1685,2024-11-20 22:15:00,2024-11-21 01:30:00,Short,2648.59,2651.86,0.44,2653.12,Opposite Signal,-143.88,10832.18
1686,2024-11-21 01:30:00,2024-11-21 03:00:00,Long (Partial 50%),2651.86,2658.92,0.28,2651.86,Partial TP 1:2,197.56,11029.74
1686,2024-11-21 01:30:00,2024-11-21 03:45:00,Long,2651.86,2652.61,0.28,2652.61,Stop Loss,21.13,11050.87
1687,2024-11-21 04:00:00,2024-11-21 05:00:00,Long,2656.42,2651.68,0.42,2651.68,Stop Loss,-198.97,10851.9
1688,2024-11-21 05:00:00,2024-11-21 05:45:00,Short,2652.37,2656.88,0.44,2656.88,Stop Loss,-198.42,10653.48
1689,2024-11-21 05:45:00,2024-11-21 07:00:00,Long,2656.91,2655.85,0.46,2652.64,Opposite Signal,-48.76,10604.72
1690,2024-11-21 07:00:00,2024-11-21 08:00:00,Short,2655.85,2659.37,0.56,2659.37,Stop Loss,-196.88,10407.83
1691,2024-11-21 08:00:00,2024-11-21 10:15:00,Long (Partial 50%),2659.48,2666.48,0.28,2659.48,Partial TP 1:2,195.94,10603.78
1691,2024-11-21 08:00:00,2024-11-21 10:45:00,Long,2659.48,2666.15,0.28,2666.15,Stop Loss,186.63,10790.4
1692,2024-11-21 11:15:00,2024-11-21 11:45:00,Short,2665.67,2668.85,0.44,2670.12,Opposite Signal,-139.92,10650.48
1693,2024-11-21 11:45:00,2024-11-21 14:00:00,Long,2668.85,2664.18,0.41,2664.03,Opposite Signal,-191.47,10459.01
1694,2024-11-21 14:00:00,2024-11-21 15:00:00,Short,2664.18,2667.11,0.38,2669.39,Opposite Signal,-111.34,10347.67
1695,2024-11-21 15:00:00,2024-11-21 16:45:00,Long,2667.11,2661.46,0.35,2661.46,Stop Loss,-197.77,10149.9
1696,2024-11-21 16:45:00,2024-11-21 19:30:00,Short,2664.96,2669.17,0.3,2671.61,Opposite Signal,-126.3,10023.6
1697,2024-11-21 19:30:00,2024-11-21 21:30:00,Long,2669.17,2669.4,0.3,2662.54,Opposite Signal,6.9,10030.5
1698,2024-11-21 21:30:00,2024-11-22 02:00:00,Short,2669.4,2671.36,0.39,2674.52,Opposite Signal,-76.44,9954.06
1699,2024-11-22 02:00:00,2024-11-22 03:00:00,Long (Partial 50%),2671.36,2677.76,0.31,2671.36,Partial TP 1:2,198.42,10152.49
1699,2024-11-22 02:00:00,2024-11-22 05:15:00,Long,2671.36,2686.25,0.31,2686.25,Stop Loss,461.59,10614.08
1700,2024-11-22 05:30:00,2024-11-22 05:45:00,Short,2681.7,2686.59,0.4,2686.59,Stop Loss,-195.54,10418.54
1701,2024-11-22 05:45:00,2024-11-22 09:45:00,Long (Partial 50%),2686.19,2696.53,0.19,2686.19,Partial TP 1:2,196.54,10615.08
1701,2024-11-22 05:45:00,2024-11-22 11:00:00,Long,2686.19,2695.29,0.19,2695.29,Stop Loss,172.89,10787.96
1702,2024-11-22 11:00:00,2024-11-22 11:30:00,Short,2695.1,2700.66,0.35,2700.66,Stop Loss,-194.47,10593.49
1703,2024-11-22 11:30:00,2024-11-22 13:15:00,Long,2704.92,2700.67,0.29,2698.16,Opposite Signal,-123.25,10470.24
1704,2024-11-22 13:15:00,2024-11-22 14:30:00,Short,2700.67,2703.32,0.31,2707.09,Opposite Signal,-82.15,10388.09
1705,2024-11-22 14:30:00,2024-11-22 15:00:00,Long,2703.32,2698.37,0.29,2696.56,Opposite Signal,-143.55,10244.54
1706,2024-11-22 15:00:00,2024-11-22 16:45:00,Short,2698.37,2694.58,0.28,2705.33,Opposite Signal,106.12,10350.66
1707,2024-11-22 16:45:00,2024-11-22 22:00:00,Long,2694.58,2706.15,0.22,2685.73,Opposite Signal,254.54,10605.2
1708,2024-11-22 22:00:00,2024-11-22 23:00:00,Short,2706.15,2708.77,0.42,2710.86,Opposite Signal,-110.04,10495.16
1709,2024-11-22 23:00:00,2024-11-25 01:00:00,Long,2708.77,2704.3,0.44,2704.3,Stop Loss,-196.53,10298.63
1710,2024-11-25 02:30:00,2024-11-25 03:30:00,Short (Partial 50%),2712.79,2697.1,0.12,2712.79,Partial TP 1:2,188.29,10486.93
1710,2024-11-25 02:30:00,2024-11-25 09:15:00,Short,2712.79,2671.83,0.13,2671.83,Stop Loss,532.45,11019.37
1711,2024-11-25 10:45:00,2024-11-25 13:30:00,Long (Partial 50%),2672.01,2687.18,0.13,2672.01,Partial TP 1:2,197.22,11216.59
1711,2024-11-25 10:45:00,2024-11-25 14:00:00,Long,2672.01,2682.53,0.13,2682.53,Stop Loss,136.74,11353.33
1712,2024-11-25 14:15:00,2024-11-25 15:15:00,Short,2682.14,2685.54,0.31,2688.5,Opposite Signal,-105.4,11247.93
1713,2024-11-25 15:15:00,2024-11-25 15:30:00,Long,2685.54,2678.76,0.29,2678.76,Stop Loss,-196.68,11051.25
1714,2024-11-25 15:45:00,2024-11-25 16:00:00,Short (Partial 50%),2678.27,2663.19,0.13,2678.27,Partial TP 1:2,196.03,11247.28
1714,2024-11-25 15:45:00,2024-11-25 16:45:00,Short,2678.27,2642.76,0.13,2642.76,Stop Loss,461.61,11708.89
1715,2024-11-25 21:30:00,2024-11-26 01:30:00,Long,2625.24,2617.34,0.25,2617.34,Stop Loss,-197.42,11511.47
1716,2024-11-26 01:30:00,2024-11-26 02:15:00,Short,2609.4,2617.0,0.26,2617.0,Stop Loss,-197.53,11313.94
1717,2024-11-26 02:15:00,2024-11-26 07:00:00,Long,2622.26,2621.93,0.21,2612.74,Opposite Signal,-6.93,11307.01
1718,2024-11-26 07:00:00,2024-11-26 10:00:00,Short,2621.93,2617.52,0.35,2627.6,Opposite Signal,154.35,11461.36
1719,2024-11-26 10:00:00,2024-11-26 10:45:00,Long,2617.52,2613.36,0.34,2611.74,Opposite Signal,-141.44,11319.92
1720,2024-11-26 10:45:00,2024-11-26 11:00:00,Short,2613.36,2619.25,0.33,2619.25,Stop Loss,-194.39,11125.53
1721,2024-11-26 11:00:00,2024-11-26 14:15:00,Long (Partial 50%),2620.76,2633.83,0.15,2620.76,Partial TP 1:2,196.08,11321.61
1721,2024-11-26 11:00:00,2024-11-26 15:15:00,Long,2620.76,2637.24,0.15,2637.24,Stop Loss,247.21,11568.82
1722,2024-11-26 15:15:00,2024-11-26 16:30:00,Short (Partial 50%),2632.93,2618.27,0.13,2632.93,Partial TP 1:2,190.54,11759.36
1722,2024-11-26 15:15:00,2024-11-26 17:30:00,Short,2632.93,2628.29,0.14,2628.29,Stop Loss,64.96,11824.32
1723,2024-11-26 17:30:00,2024-11-26 19:45:00,Long,2631.18,2624.94,0.22,2622.41,Opposite Signal,-137.28,11687.04
1724,2024-11-26 19:45:00,2024-11-26 21:00:00,Short,2624.94,2626.83,0.32,2631.16,Opposite Signal,-60.48,11626.56
1725,2024-11-26 21:00:00,2024-11-27 02:15:00,Long,2626.83,2629.38,0.32,2620.75,Opposite Signal,81.6,11708.16
1726,2024-11-27 02:15:00,2024-11-27 03:15:00,Short,2629.38,2630.61,0.55,2632.95,Opposite Signal,-67.65,11640.51
1727,2024-11-27 03:15:00,2024-11-27 04:15:00,Long (Partial 50%),2630.61,2638.24,0.26,2630.61,Partial TP 1:2,198.51,11839.02
1727,2024-11-27 03:15:00,2024-11-27 04:45:00,Long,2630.61,2636.7,0.26,2636.7,Stop Loss,158.34,11997.36
1728,2024-11-27 05:00:00,2024-11-27 06:15:00,Short,2636.28,2640.23,0.42,2640.98,Opposite Signal,-165.9,11831.46
1729,2024-11-27 06:15:00,2024-11-27 07:45:00,Long,2640.23,2642.03,0.47,2636.05,Opposite Signal,84.6,11916.06
1730,2024-11-27 07:45:00,2024-11-27 08:45:00,Short,2642.03,2646.29,0.46,2646.29,Stop Loss,-196.15,11719.91
1731,2024-11-27 08:45:00,2024-11-27 11:00:00,Long,2647.78,2649.61,0.4,2642.85,Opposite Signal,73.2,11793.11
1732,2024-11-27 11:00:00,2024-11-27 13:30:00,Short,2649.61,2650.32,0.39,2654.69,Opposite Signal,-27.69,11765.42
1733,2024-11-27 13:30:00,2024-11-27 15:00:00,Long,2650.32,2648.87,0.43,2645.69,Opposite Signal,-62.35,11703.07
1734,2024-11-27 15:00:00,2024-11-27 15:30:00,Short,2648.87,2652.35,0.37,2654.2,Opposite Signal,-128.76,11574.31
1735,2024-11-27 15:30:00,2024-11-27 16:00:00,Long,2652.35,2650.97,0.35,2646.69,Opposite Signal,-48.3,11526.01
1736,2024-11-27 16:00:00,2024-11-27 17:15:00,Short (Partial 50%),2650.97,2637.91,0.15,2650.97,Partial TP 1:2,195.87,11721.88
1736,2024-11-27 16:00:00,2024-11-27 17:45:00,Short,2650.97,2644.98,0.15,2644.98,Stop Loss,89.85,11811.73
1737,2024-11-27 22:15:00,2024-11-27 23:15:00,Long,2638.42,2634.91,0.42,2633.66,Opposite Signal,-147.42,11664.31
1738,2024-11-27 23:15:00,2024-11-28 03:00:00,Short (Partial 50%),2634.91,2626.66,0.24,2634.91,Partial TP 1:2,198.05,11862.35
1738,2024-11-27 23:15:00,2024-11-28 04:00:00,Short,2634.91,2628.98,0.24,2628.98,Stop Loss,142.29,12004.64
1739,2024-11-28 05:15:00,2024-11-28 10:45:00,Long (Partial 50%),2631.29,2641.99,0.18,2631.29,Partial TP 1:2,192.56,12197.2
1739,2024-11-28 05:15:00,2024-11-28 13:15:00,Long,2631.29,2645.87,0.19,2645.87,Stop Loss,276.93,12474.13
1740,2024-11-28 14:00:00,2024-11-28 17:30:00,Short (Partial 50%),2645.49,2637.95,0.26,2645.49,Partial TP 1:2,195.91,12670.04
1740,2024-11-28 14:00:00,2024-11-28 18:15:00,Short,2645.49,2640.98,0.27,2640.98,Stop Loss,121.75,12791.78
1741,2024-11-28 18:15:00,2024-11-28 21:00:00,Long,2641.65,2638.05,0.46,2637.33,Opposite Signal,-165.6,12626.18
1742,2024-11-28 21:00:00,2024-11-29 03:00:00,Short,2638.05,2640.99,0.68,2640.99,Stop Loss,-199.94,12426.24
1743,2024-11-29 03:00:00,2024-11-29 04:00:00,Long (Partial 50%),2641.38,2648.67,0.27,2641.38,Partial TP 1:2,196.93,12623.18
1743,2024-11-29 03:00:00,2024-11-29 04:45:00,Long,2641.38,2656.69,0.27,2656.69,Stop Loss,413.46,13036.64
1744,2024-11-29 05:00:00,2024-11-29 06:30:00,Short,2656.14,2662.0,0.34,2662.0,Stop Loss,-199.32,12837.31
1745,2024-11-29 06:30:00,2024-11-29 09:00:00,Long,2660.13,2661.94,0.37,2654.81,Opposite Signal,66.97,12904.28
1746,2024-11-29 09:00:00,2024-11-29 11:00:00,Short,2661.94,2661.32,0.41,2666.74,Opposite Signal,25.42,12929.7
1747,2024-11-29 11:00:00,2024-11-29 13:45:00,Long,2661.32,2659.58,0.34,2655.55,Opposite Signal,-59.16,12870.54
1748,2024-11-29 13:45:00,2024-11-29 14:15:00,Short,2659.58,2664.5,0.4,2664.5,Stop Loss,-196.87,12673.68
1749,2024-11-29 17:45:00,2024-11-29 20:15:00,Long,2658.92,2655.01,0.3,2652.38,Opposite Signal,-117.3,12556.38
1750,2024-11-29 20:15:00,2024-12-02 01:15:00,Short (Partial 50%),2655.01,2644.26,0.18,2655.01,Partial TP 1:2,193.49,12749.87
1750,2024-11-29 20:15:00,2024-12-02 02:45:00,Short,2655.01,2637.22,0.19,2637.22,Stop Loss,338.07,13087.94
1751,2024-12-02 02:45:00,2024-12-02 03:00:00,Long,2637.42,2632.32,0.28,2630.35,Opposite Signal,-142.8,12945.14
1752,2024-12-02 03:00:00,2024-12-02 03:30:00,Short,2632.32,2636.47,0.27,2639.66,Opposite Signal,-112.05,12833.09
1753,2024-12-02 03:30:00,2024-12-02 04:15:00,Long,2636.47,2630.1,0.22,2627.51,Opposite Signal,-140.14,12692.95
1754,2024-12-02 04:15:00,2024-12-02 09:00:00,Short,2630.1,2629.57,0.22,2638.86,Opposite Signal,11.66,12704.61
1755,2024-12-02 09:00:00,2024-12-02 13:15:00,Long (Partial 50%),2629.57,2641.22,0.17,2629.57,Partial TP 1:2,197.99,12902.6
1755,2024-12-02 09:00:00,2024-12-02 13:45:00,Long,2629.57,2641.53,0.17,2641.53,Stop Loss,203.24,13105.84
1756,2024-12-02 14:30:00,2024-12-02 15:15:00,Short,2641.34,2644.78,0.33,2647.33,Opposite Signal,-113.52,12992.32
1757,2024-12-02 15:15:00,2024-12-02 16:45:00,Long,2644.78,2645.65,0.3,2638.21,Opposite Signal,26.1,13018.42
1758,2024-12-02 16:45:00,2024-12-02 22:15:00,Short,2645.65,2642.36,0.29,2652.51,Opposite Signal,95.41,13113.83
1759,2024-12-02 22:15:00,2024-12-02 22:45:00,Long,2642.36,2637.39,0.4,2637.39,Stop Loss,-198.8,12915.03
1760,2024-12-02 22:45:00,2024-12-03 01:15:00,Short,2637.19,2642.44,0.38,2642.44,Stop Loss,-199.4,12715.63
1761,2024-12-03 01:15:00,2024-12-03 03:15:00,Long,2642.03,2637.99,0.49,2637.99,Stop Loss,-197.99,12517.65
1762,2024-12-03 03:15:00,2024-12-03 05:15:00,Short,2638.0,2639.47,0.44,2642.47,Opposite Signal,-64.68,12452.97
1763,2024-12-03 05:15:00,2024-12-03 07:00:00,Long,2639.47,2637.75,0.43,2634.91,Opposite Signal,-73.96,12379.01
1764,2024-12-03 07:00:00,2024-12-03 07:45:00,Short,2637.75,2641.66,0.51,2641.66,Stop Loss,-199.52,12179.49
1765,2024-12-03 07:45:00,2024-12-03 08:15:00,Long (Partial 50%),2641.15,2648.83,0.26,2641.15,Partial TP 1:2,199.64,12379.13
1765,2024-12-03 07:45:00,2024-12-03 09:15:00,Long,2641.15,2646.02,0.26,2644.69,Opposite Signal,126.62,12505.75
1766,2024-12-03 09:15:00,2024-12-03 10:45:00,Short,2646.02,2645.12,0.47,2650.22,Opposite Signal,42.3,12548.05
1767,2024-12-03 10:45:00,2024-12-03 12:45:00,Long,2645.12,2642.78,0.42,2640.44,Opposite Signal,-98.28,12449.77
1768,2024-12-03 12:45:00,2024-12-03 15:00:00,Short,2642.78,2643.28,0.47,2647.01,Opposite Signal,-23.5,12426.27
1769,2024-12-03 15:00:00,2024-12-03 15:45:00,Long (Partial 50%),2643.28,2652.24,0.22,2643.28,Partial TP 1:2,197.16,12623.43
1769,2024-12-03 15:00:00,2024-12-03 16:30:00,Long,2643.28,2649.37,0.22,2649.37,Stop Loss,133.9,12757.33
1770,2024-12-03 16:45:00,2024-12-03 18:15:00,Short,2646.68,2644.11,0.31,2652.94,Opposite Signal,79.67,12837.0
1771,2024-12-03 18:15:00,2024-12-03 20:30:00,Long,2644.11,2643.48,0.27,2636.91,Opposite Signal,-17.01,12819.99
1772,2024-12-03 20:30:00,2024-12-04 03:45:00,Short,2643.48,2642.21,0.35,2649.14,Opposite Signal,44.45,12864.44
1773,2024-12-04 03:45:00,2024-12-04 07:00:00,Long (Partial 50%),2642.21,2649.03,0.28,2642.21,Partial TP 1:2,190.83,13055.28
1773,2024-12-04 03:45:00,2024-12-04 09:00:00,Long,2642.21,2647.39,0.29,2647.39,Stop Loss,150.34,13205.62
1774,2024-12-04 09:00:00,2024-12-04 10:00:00,Short (Partial 50%),2646.77,2639.75,0.28,2646.77,Partial TP 1:2,196.54,13402.15
1774,2024-12-04 09:00:00,2024-12-04 10:45:00,Short,2646.77,2641.47,0.28,2641.47,Stop Loss,148.5,13550.65
1775,2024-12-04 11:00:00,2024-12-04 14:15:00,Long,2642.11,2643.26,0.46,2637.84,Opposite Signal,52.9,13603.55
1776,2024-12-04 14:15:00,2024-12-04 15:00:00,Short (Partial 50%),2643.26,2635.31,0.25,2643.26,Partial TP 1:2,198.64,13802.19
1776,2024-12-04 14:15:00,2024-12-04 15:15:00,Short,2643.26,2643.26,0.25,2643.26,Stop Loss,0.0,13802.19
1777,2024-12-04 15:15:00,2024-12-04 18:30:00,Long,2645.22,2650.5,0.31,2638.85,Opposite Signal,163.68,13965.87
1778,2024-12-04 18:30:00,2024-12-04 21:00:00,Short,2650.5,2653.43,0.3,2657.09,Opposite Signal,-87.9,13877.97
1779,2024-12-04 21:00:00,2024-12-04 22:00:00,Long,2653.43,2649.73,0.36,2647.97,Opposite Signal,-133.2,13744.77
1780,2024-12-04 22:00:00,2024-12-05 04:30:00,Short,2649.73,2648.79,0.39,2654.75,Opposite Signal,36.66,13781.43
1781,2024-12-05 04:30:00,2024-12-05 05:00:00,Long,2648.79,2645.31,0.57,2645.31,Stop Loss,-198.15,13583.27
1782,2024-12-05 06:30:00,2024-12-05 07:15:00,Short,2646.65,2648.64,0.61,2649.92,Opposite Signal,-121.39,13461.88
1783,2024-12-05 07:15:00,2024-12-05 07:45:00,Long (Partial 50%),2648.64,2655.13,0.3,2648.64,Partial TP 1:2,194.84,13656.73
1783,2024-12-05 07:15:00,2024-12-05 08:30:00,Long,2648.64,2648.64,0.31,2648.64,Stop Loss,0.0,13656.73
1784,2024-12-05 08:30:00,2024-12-05 11:30:00,Short,2648.02,2645.74,0.49,2652.08,Opposite Signal,111.72,13768.45
1785,2024-12-05 11:30:00,2024-12-05 15:15:00,Long,2645.74,2647.17,0.43,2641.16,Opposite Signal,61.49,13829.94
1786,2024-12-05 15:15:00,2024-12-05 15:45:00,Short,2647.17,2648.93,0.42,2651.88,Opposite Signal,-73.92,13756.02
1787,2024-12-05 15:45:00,2024-12-05 16:45:00,Long,2648.93,2643.41,0.36,2643.41,Stop Loss,-198.73,13557.29
1788,2024-12-05 16:45:00,2024-12-05 17:45:00,Short,2640.38,2640.27,0.32,2646.56,Opposite Signal,3.52,13560.81
1789,2024-12-05 17:45:00,2024-12-05 18:45:00,Long,2640.27,2632.92,0.27,2632.92,Stop Loss,-198.35,13362.46
1790,2024-12-05 18:45:00,2024-12-05 21:00:00,Short,2635.15,2630.61,0.27,2642.34,Opposite Signal,122.58,13485.04
1791,2024-12-05 21:00:00,2024-12-06 02:15:00,Long,2630.61,2631.68,0.31,2624.32,Opposite Signal,33.17,13518.21
1792,2024-12-06 02:15:00,2024-12-06 03:00:00,Short (Partial 50%),2631.68,2626.2,0.36,2631.68,Partial TP 1:2,197.23,13715.43
1792,2024-12-06 02:15:00,2024-12-06 03:30:00,Short,2631.68,2622.34,0.37,2622.34,Stop Loss,345.71,14061.15
1793,2024-12-06 03:30:00,2024-12-06 05:15:00,Long (Partial 50%),2620.92,2632.87,0.16,2620.92,Partial TP 1:2,191.22,14252.37
1793,2024-12-06 03:30:00,2024-12-06 07:30:00,Long,2620.92,2638.62,0.17,2638.62,Stop Loss,300.83,14553.2
1794,2024-12-06 07:30:00,2024-12-06 08:30:00,Short,2636.8,2642.2,0.37,2642.2,Stop Loss,-199.64,14353.56
1795,2024-12-06 09:45:00,2024-12-06 11:45:00,Long,2639.77,2640.77,0.41,2634.95,Opposite Signal,41.0,14394.56
1796,2024-12-06 11:45:00,2024-12-06 13:15:00,Short,2640.77,2637.83,0.41,2645.56,Opposite Signal,120.54,14515.1
1797,2024-12-06 13:15:00,2024-12-06 15:00:00,Long,2637.83,2636.34,0.43,2633.18,Opposite Signal,-64.07,14451.03
1798,2024-12-06 15:00:00,2024-12-06 15:30:00,Short,2636.34,2641.08,0.42,2641.08,Stop Loss,-199.23,14251.81
1799,2024-12-06 16:45:00,2024-12-06 19:30:00,Long,2635.38,2635.09,0.23,2626.93,Opposite Signal,-6.67,14245.14
1800,2024-12-06 19:30:00,2024-12-09 01:00:00,Short,2635.09,2641.9,0.29,2641.9,Stop Loss,-197.39,14047.75
1801,2024-12-09 01:00:00,2024-12-09 01:15:00,Long,2642.53,2636.97,0.35,2636.97,Stop Loss,-194.64,13853.11
1802,2024-12-09 01:15:00,2024-12-09 03:00:00,Short,2637.88,2642.91,0.32,2644.09,Opposite Signal,-160.96,13692.15
1803,2024-12-09 03:00:00,2024-12-09 04:30:00,Long,2642.91,2642.56,0.26,2635.4,Opposite Signal,-9.1,13683.05
1804,2024-12-09 04:30:00,2024-12-09 08:00:00,Short,2642.56,2641.51,0.26,2649.99,Opposite Signal,27.3,13710.35
1805,2024-12-09 08:00:00,2024-12-09 11:15:00,Long (Partial 50%),2641.51,2652.74,0.17,2641.51,Partial TP 1:2,190.86,13901.2
1805,2024-12-09 08:00:00,2024-12-09 12:30:00,Long,2641.51,2654.89,0.17,2654.89,Stop Loss,227.42,14128.63
1806,2024-12-09 13:30:00,2024-12-09 14:00:00,Short,2653.76,2657.44,0.42,2658.48,Opposite Signal,-154.56,13974.07
1807,2024-12-09 14:00:00,2024-12-09 16:15:00,Long (Partial 50%),2657.44,2667.02,0.2,2657.44,Partial TP 1:2,191.64,14165.7
1807,2024-12-09 14:00:00,2024-12-09 17:15:00,Long,2657.44,2671.81,0.2,2671.81,Stop Loss,287.49,14453.19
1808,2024-12-09 17:45:00,2024-12-10 01:00:00,Short,2668.24,2660.53,0.3,2674.83,Opposite Signal,231.3,14684.49
1809,2024-12-10 01:00:00,2024-12-10 03:45:00,Long (Partial 50%),2660.53,2666.99,0.3,2660.53,Partial TP 1:2,193.89,14878.38
1809,2024-12-10 01:00:00,2024-12-10 05:00:00,Long,2660.53,2667.35,0.31,2667.35,Stop Loss,211.29,15089.67
1810,2024-12-10 05:15:00,2024-12-10 06:00:00,Short,2667.18,2671.83,0.43,2671.83,Stop Loss,-199.76,14889.91
1811,2024-12-10 06:00:00,2024-12-10 07:15:00,Long,2672.1,2668.38,0.39,2667.04,Opposite Signal,-145.08,14744.83
1812,2024-12-10 07:15:00,2024-12-10 11:30:00,Short,2668.38,2665.29,0.48,2672.47,Opposite Signal,148.32,14893.15
1813,2024-12-10 11:30:00,2024-12-10 12:30:00,Long (Partial 50%),2665.29,2673.99,0.22,2665.29,Partial TP 1:2,191.37,15084.52
1813,2024-12-10 11:30:00,2024-12-10 13:00:00,Long,2665.29,2672.08,0.23,2672.08,Stop Loss,156.22,15240.75
1814,2024-12-10 13:15:00,2024-12-10 14:00:00,Short,2671.4,2676.53,0.39,2676.53,Stop Loss,-199.88,15040.87
1815,2024-12-10 14:00:00,2024-12-10 15:00:00,Long,2677.93,2673.65,0.37,2672.57,Opposite Signal,-158.36,14882.51
1816,2024-12-10 15:00:00,2024-12-10 15:30:00,Short,2673.65,2677.45,0.36,2679.13,Opposite Signal,-136.8,14745.71
1817,2024-12-10 15:30:00,2024-12-10 16:30:00,Long (Partial 50%),2677.45,2688.83,0.17,2677.45,Partial TP 1:2,193.44,14939.16
1817,2024-12-10 15:30:00,2024-12-10 17:30:00,Long,2677.45,2684.71,0.17,2684.71,Stop Loss,123.49,15062.65
1818,2024-12-11 04:45:00,2024-12-11 06:30:00,Short (Partial 50%),2699.03,2690.14,0.22,2699.03,Partial TP 1:2,195.52,15258.16
1818,2024-12-11 04:45:00,2024-12-11 07:30:00,Short,2699.03,2683.73,0.23,2683.73,Stop Loss,351.85,15610.01
1819,2024-12-11 07:30:00,2024-12-11 09:15:00,Long,2684.53,2689.12,0.26,2676.84,Opposite Signal,119.34,15729.35
1820,2024-12-11 09:15:00,2024-12-11 10:15:00,Short,2689.12,2694.76,0.24,2697.35,Opposite Signal,-135.36,15593.99
1821,2024-12-11 10:15:00,2024-12-11 11:00:00,Long,2694.76,2687.38,0.27,2687.38,Stop Loss,-199.29,15394.7
1822,2024-12-11 11:00:00,2024-12-11 11:30:00,Short,2688.5,2693.45,0.29,2695.4,Opposite Signal,-143.55,15251.15
1823,2024-12-11 11:30:00,2024-12-11 12:30:00,Long,2693.45,2692.51,0.29,2686.7,Opposite Signal,-27.26,15223.89
1824,2024-12-11 12:30:00,2024-12-11 15:00:00,Short,2692.51,2697.14,0.29,2699.3,Opposite Signal,-134.27,15089.62
1825,2024-12-11 15:00:00,2024-12-11 15:15:00,Long,2697.14,2692.19,0.4,2692.19,Stop Loss,-197.88,14891.74
1826,2024-12-11 15:15:00,2024-12-11 15:30:00,Short,2693.52,2699.07,0.36,2699.07,Stop Loss,-199.97,14691.77
1827,2024-12-11 15:30:00,2024-12-11 17:00:00,Long (Partial 50%),2700.29,2712.83,0.15,2700.29,Partial TP 1:2,188.14,14879.91
1827,2024-12-11 15:30:00,2024-12-11 19:30:00,Long,2700.29,2714.41,0.16,2714.41,Stop Loss,225.87,15105.77
1828,2024-12-11 20:45:00,2024-12-11 21:30:00,Short,2714.15,2719.28,0.34,2719.96,Opposite Signal,-174.42,14931.35
1829,2024-12-11 21:30:00,2024-12-12 03:00:00,Long,2719.28,2718.1,0.37,2713.96,Opposite Signal,-43.66,14887.69
1830,2024-12-12 03:00:00,2024-12-12 03:30:00,Short (Partial 50%),2718.1,2709.43,0.23,2718.1,Partial TP 1:2,199.51,15087.2
1830,2024-12-12 03:00:00,2024-12-12 05:45:00,Short,2718.1,2709.23,0.23,2709.23,Stop Loss,203.95,15291.15
1831,2024-12-12 05:45:00,2024-12-12 08:00:00,Long,2710.53,2709.99,0.38,2705.36,Opposite Signal,-20.52,15270.63
1832,2024-12-12 08:00:00,2024-12-12 08:15:00,Short,2709.99,2713.69,0.44,2714.48,Opposite Signal,-162.8,15107.83
1833,2024-12-12 08:15:00,2024-12-12 09:45:00,Long,2713.69,2716.13,0.43,2709.04,Opposite Signal,104.92,15212.75
1834,2024-12-12 09:45:00,2024-12-12 13:00:00,Short (Partial 50%),2716.13,2707.68,0.23,2716.13,Partial TP 1:2,194.4,15407.15
1834,2024-12-12 09:45:00,2024-12-12 13:30:00,Short,2716.13,2712.87,0.23,2712.97,Opposite Signal,74.98,15482.13
1835,2024-12-12 13:30:00,2024-12-12 14:30:00,Long,2712.87,2708.82,0.37,2707.5,Opposite Signal,-149.85,15332.28
1836,2024-12-12 14:30:00,2024-12-12 15:45:00,Short (Partial 50%),2708.82,2698.92,0.2,2708.82,Partial TP 1:2,198.07,15530.35
1836,2024-12-12 14:30:00,2024-12-12 16:45:00,Short,2708.82,2687.3,0.2,2687.3,Stop Loss,430.35,15960.7
1837,2024-12-12 18:45:00,2024-12-12 22:15:00,Long,2683.48,2681.73,0.23,2675.05,Opposite Signal,-40.25,15920.45
1838,2024-12-12 22:15:00,2024-12-13 02:45:00,Short,2681.73,2685.47,0.44,2686.24,Opposite Signal,-164.56,15755.89
1839,2024-12-13 02:45:00,2024-12-13 03:15:00,Long (Partial 50%),2685.47,2691.75,0.31,2685.47,Partial TP 1:2,194.67,15950.56
1839,2024-12-13 02:45:00,2024-12-13 03:45:00,Long,2685.47,2687.24,0.32,2687.24,Stop Loss,56.67,16007.23
1840,2024-12-13 04:00:00,2024-12-13 04:30:00,Short,2686.14,2690.8,0.42,2690.8,Stop Loss,-195.64,15811.59
1841,2024-12-13 05:30:00,2024-12-13 06:15:00,Long,2690.22,2687.21,0.44,2685.72,Opposite Signal,-132.44,15679.15
1842,2024-12-13 06:15:00,2024-12-13 08:30:00,Short,2687.21,2688.33,0.47,2691.42,Opposite Signal,-52.64,15626.51
1843,2024-12-13 08:30:00,2024-12-13 09:15:00,Long,2688.33,2683.92,0.45,2683.92,Stop Loss,-198.46,15428.05
1844,2024-12-13 09:15:00,2024-12-13 11:00:00,Short (Partial 50%),2682.75,2673.32,0.21,2682.75,Partial TP 1:2,198.06,15626.12
1844,2024-12-13 09:15:00,2024-12-13 14:00:00,Short,2682.75,2668.1,0.21,2668.1,Stop Loss,307.69,15933.81
1845,2024-12-13 14:00:00,2024-12-13 15:00:00,Long,2668.41,2666.0,0.37,2663.13,Opposite Signal,-89.17,15844.64
1846,2024-12-13 15:00:00,2024-12-13 17:30:00,Short,2666.0,2660.64,0.34,2671.73,Opposite Signal,182.24,16026.88
1847,2024-12-13 17:30:00,2024-12-13 19:15:00,Long,2660.64,2658.64,0.29,2653.97,Opposite Signal,-58.0,15968.88
1848,2024-12-13 19:15:00,2024-12-13 22:45:00,Short (Partial 50%),2658.64,2646.8,0.16,2658.64,Partial TP 1:2,189.49,16158.37
1848,2024-12-13 19:15:00,2024-12-16 01:30:00,Short,2658.64,2650.89,0.17,2650.89,Stop Loss,131.8,16290.17
1849,2024-12-16 01:30:00,2024-12-16 02:30:00,Long,2651.01,2648.98,0.53,2647.25,Opposite Signal,-107.59,16182.58
1850,2024-12-16 02:30:00,2024-12-16 03:00:00,Short,2648.98,2650.23,0.53,2652.7,Opposite Signal,-66.25,16116.33
1851,2024-12-16 03:00:00,2024-12-16 07:00:00,Long,2650.23,2650.61,0.44,2645.73,Opposite Signal,16.72,16133.05
1852,2024-12-16 07:00:00,2024-12-16 08:15:00,Short,2650.61,2654.07,0.57,2654.07,Stop Loss,-197.43,15935.61
1853,2024-12-16 08:15:00,2024-12-16 10:30:00,Long (Partial 50%),2654.56,2661.47,0.28,2654.56,Partial TP 1:2,193.61,16129.22
1853,2024-12-16 08:15:00,2024-12-16 11:45:00,Long,2654.56,2655.77,0.28,2655.77,Stop Loss,33.81,16163.03
1854,2024-12-16 14:30:00,2024-12-16 15:00:00,Short,2660.05,2662.95,0.47,2664.23,Opposite Signal,-136.3,16026.73
1855,2024-12-16 15:00:00,2024-12-16 15:30:00,Long,2662.95,2659.89,0.45,2658.55,Opposite Signal,-137.7,15889.03
1856,2024-12-16 15:30:00,2024-12-16 18:15:00,Short (Partial 50%),2659.89,2650.61,0.21,2659.89,Partial TP 1:2,194.92,16083.96
1856,2024-12-16 15:30:00,2024-12-16 19:15:00,Short,2659.89,2655.24,0.22,2655.24,Stop Loss,102.41,16186.36
1857,2024-12-16 19:15:00,2024-12-16 22:00:00,Long,2654.25,2652.42,0.41,2649.45,Opposite Signal,-75.03,16111.33
1858,2024-12-16 22:00:00,2024-12-17 02:45:00,Short,2652.42,2655.24,0.57,2655.9,Opposite Signal,-160.74,15950.59
1859,2024-12-17 02:45:00,2024-12-17 04:30:00,Long,2655.24,2655.87,0.74,2652.56,Opposite Signal,46.62,15997.21
1860,2024-12-17 04:30:00,2024-12-17 05:15:00,Short,2655.87,2654.95,0.68,2658.8,Opposite Signal,62.56,16059.77
1861,2024-12-17 05:15:00,2024-12-17 06:30:00,Long,2654.95,2652.41,0.59,2651.59,Opposite Signal,-149.86,15909.91
1862,2024-12-17 06:30:00,2024-12-17 07:30:00,Short,2652.41,2654.19,0.65,2655.49,Opposite Signal,-115.7,15794.21
1863,2024-12-17 07:30:00,2024-12-17 08:00:00,Long,2654.19,2651.15,0.59,2650.84,Opposite Signal,-179.36,15614.85
1864,2024-12-17 08:00:00,2024-12-17 09:00:00,Short,2651.15,2652.21,0.57,2654.64,Opposite Signal,-60.42,15554.43
1865,2024-12-17 09:00:00,2024-12-17 10:00:00,Long,2652.21,2650.48,0.46,2647.92,Opposite Signal,-79.58,15474.85
1866,2024-12-17 10:00:00,2024-12-17 10:45:00,Short (Partial 50%),2650.48,2641.66,0.22,2650.48,Partial TP 1:2,194.04,15668.9
1866,2024-12-17 10:00:00,2024-12-17 12:30:00,Short,2650.48,2643.1,0.23,2643.1,Stop Loss,169.71,15838.61
1867,2024-12-17 13:45:00,2024-12-17 15:45:00,Long,2642.19,2637.44,0.42,2637.44,Stop Loss,-199.41,15639.19
1868,2024-12-17 15:45:00,2024-12-17 16:15:00,Short,2637.01,2640.98,0.34,2642.81,Opposite Signal,-134.98,15504.21
1869,2024-12-17 16:15:00,2024-12-17 16:45:00,Long,2640.98,2636.56,0.3,2634.37,Opposite Signal,-132.6,15371.61
1870,2024-12-17 16:45:00,2024-12-17 19:15:00,Short,2636.56,2641.93,0.3,2643.11,Opposite Signal,-161.1,15210.51
1871,2024-12-17 19:15:00,2024-12-17 22:30:00,Long,2641.93,2644.98,0.36,2636.47,Opposite Signal,109.8,15320.31
1872,2024-12-17 22:30:00,2024-12-17 23:30:00,Short,2644.98,2645.94,0.56,2648.55,Opposite Signal,-53.76,15266.55
1873,2024-12-17 23:30:00,2024-12-18 01:00:00,Long,2645.94,2642.81,0.63,2642.81,Stop Loss,-197.11,15069.44
1874,2024-12-18 04:15:00,2024-12-18 06:30:00,Short,2648.08,2645.66,0.55,2651.69,Opposite Signal,133.1,15202.54
1875,2024-12-18 06:30:00,2024-12-18 08:00:00,Long,2645.66,2645.83,0.58,2642.22,Opposite Signal,9.86,15212.4
1876,2024-12-18 08:00:00,2024-12-18 10:30:00,Short,2645.83,2647.7,0.62,2649.05,Opposite Signal,-115.94,15096.46
1877,2024-12-18 10:30:00,2024-12-18 13:30:00,Long,2647.7,2646.67,0.51,2643.85,Opposite Signal,-52.53,15043.93
1878,2024-12-18 13:30:00,2024-12-18 15:15:00,Short,2646.67,2645.91,0.61,2649.92,Opposite Signal,46.36,15090.29
1879,2024-12-18 15:15:00,2024-12-18 15:45:00,Long,2645.91,2642.35,0.56,2642.35,Stop Loss,-199.57,14890.72
1880,2024-12-18 16:00:00,2024-12-18 19:15:00,Short,2641.37,2639.86,0.48,2645.53,Opposite Signal,72.48,14963.2
1881,2024-12-18 19:15:00,2024-12-18 19:45:00,Long,2639.86,2636.02,0.44,2635.4,Opposite Signal,-168.96,14794.24
1882,2024-12-18 19:45:00,2024-12-18 21:00:00,Short (Partial 50%),2636.02,2627.5,0.23,2636.02,Partial TP 1:2,195.85,14990.09
1882,2024-12-18 19:45:00,2024-12-19 01:15:00,Short,2636.02,2592.1,0.23,2592.1,Stop Loss,1010.25,16000.34
1883,2024-12-19 02:15:00,2024-12-19 03:30:00,Long (Partial 50%),2593.34,2608.97,0.12,2593.34,Partial TP 1:2,187.51,16187.85
1883,2024-12-19 02:15:00,2024-12-19 04:30:00,Long,2593.34,2606.44,0.13,2605.82,Opposite Signal,170.3,16358.15
1884,2024-12-19 04:30:00,2024-12-19 04:45:00,Short,2606.44,2612.07,0.24,2614.62,Opposite Signal,-135.12,16223.03
1885,2024-12-19 04:45:00,2024-12-19 08:00:00,Long,2612.07,2603.6,0.23,2603.6,Stop Loss,-194.9,16028.13
1886,2024-12-19 08:00:00,2024-12-19 08:15:00,Short,2605.2,2609.09,0.36,2610.73,Opposite Signal,-140.04,15888.09
1887,2024-12-19 08:15:00,2024-12-19 09:15:00,Long (Partial 50%),2609.09,2620.37,0.17,2609.09,Partial TP 1:2,191.68,16079.77
1887,2024-12-19 08:15:00,2024-12-19 10:30:00,Long,2609.09,2614.11,0.17,2612.49,Opposite Signal,85.34,16165.11
1888,2024-12-19 10:30:00,2024-12-19 10:45:00,Short,2614.11,2618.35,0.32,2620.26,Opposite Signal,-135.68,16029.43
1889,2024-12-19 10:45:00,2024-12-19 13:30:00,Long,2618.35,2616.85,0.31,2612.03,Opposite Signal,-46.5,15982.93
1890,2024-12-19 13:30:00,2024-12-19 14:45:00,Short (Partial 50%),2616.85,2605.22,0.17,2616.85,Partial TP 1:2,197.69,16180.61
1890,2024-12-19 13:30:00,2024-12-19 18:15:00,Short,2616.85,2592.84,0.17,2592.84,Stop Loss,408.21,16588.82
1891,2024-12-19 18:30:00,2024-12-19 23:00:00,Long,2593.84,2595.15,0.28,2586.87,Opposite Signal,36.68,16625.5
1892,2024-12-19 23:00:00,2024-12-20 03:00:00,Short,2595.15,2598.7,0.44,2599.67,Opposite Signal,-156.2,16469.3
1893,2024-12-20 03:00:00,2024-12-20 04:00:00,Long,2598.7,2598.74,0.42,2593.94,Opposite Signal,1.68,16470.98
1894,2024-12-20 04:00:00,2024-12-20 07:30:00,Short,2598.74,2600.44,0.34,2604.56,Opposite Signal,-57.8,16413.18
1895,2024-12-20 07:30:00,2024-12-20 13:00:00,Long,2600.44,2602.08,0.48,2596.34,Opposite Signal,78.72,16491.9
1896,2024-12-20 13:00:00,2024-12-20 14:15:00,Short,2602.08,2605.89,0.52,2605.89,Stop Loss,-197.97,16293.93
1897,2024-12-20 14:15:00,2024-12-20 15:15:00,Long,2605.72,2601.97,0.53,2601.97,Stop Loss,-198.67,16095.26
1898,2024-12-20 15:15:00,2024-12-20 15:30:00,Short,2600.71,2604.52,0.52,2604.52,Stop Loss,-197.99,15897.27
1899,2024-12-20 15:30:00,2024-12-20 17:00:00,Long (Partial 50%),2608.85,2618.63,0.2,2608.85,Partial TP 1:2,195.57,16092.84
1899,2024-12-20 15:30:00,2024-12-20 18:15:00,Long,2608.85,2625.87,0.2,2625.87,Stop Loss,340.49,16433.33
1900,2024-12-20 18:15:00,2024-12-20 21:30:00,Short,2623.31,2629.0,0.29,2630.02,Opposite Signal,-165.01,16268.32
1901,2024-12-20 21:30:00,2024-12-20 22:30:00,Long,2629.0,2624.43,0.43,2624.43,Stop Loss,-196.56,16071.76
1902,2024-12-20 22:30:00,2024-12-23 01:00:00,Short (Partial 50%),2624.4,2616.28,0.24,2624.4,Partial TP 1:2,194.84,16266.6
1902,2024-12-20 22:30:00,2024-12-23 01:30:00,Short,2624.4,2623.52,0.25,2624.4,Opposite Signal,22.0,16288.6
1903,2024-12-23 01:30:00,2024-12-23 02:30:00,Long,2623.52,2617.89,0.35,2617.89,Stop Loss,-197.01,16091.58
1904,2024-12-23 02:30:00,2024-12-23 04:00:00,Short,2620.37,2625.61,0.38,2625.61,Stop Loss,-199.31,15892.27
1905,2024-12-23 04:00:00,2024-12-23 10:00:00,Long,2625.46,2628.89,0.36,2620.03,Opposite Signal,123.48,16015.75
1906,2024-12-23 10:00:00,2024-12-23 12:30:00,Short (Partial 50%),2628.89,2620.81,0.24,2628.89,Partial TP 1:2,193.91,16209.67
1906,2024-12-23 10:00:00,2024-12-23 14:00:00,Short,2628.89,2617.48,0.25,2617.48,Stop Loss,285.26,16494.93
1907,2024-12-23 14:00:00,2024-12-23 14:30:00,Long,2618.38,2615.44,0.47,2614.15,Opposite Signal,-138.18,16356.75
1908,2024-12-23 14:30:00,2024-12-23 15:30:00,Short,2615.44,2619.52,0.48,2619.52,Stop Loss,-196.02,16160.72
1909,2024-12-23 15:30:00,2024-12-23 16:45:00,Long,2618.95,2614.36,0.43,2614.36,Stop Loss,-197.18,15963.55
1910,2024-12-23 16:45:00,2024-12-23 18:30:00,Short,2615.43,2615.76,0.45,2619.82,Opposite Signal,-14.85,15948.7
1911,2024-12-23 18:30:00,2024-12-23 19:45:00,Long,2615.76,2611.16,0.36,2610.31,Opposite Signal,-165.6,15783.1
1912,2024-12-23 19:45:00,2024-12-23 23:30:00,Short,2611.16,2613.11,0.44,2615.65,Opposite Signal,-85.8,15697.3
1913,2024-12-23 23:30:00,2024-12-24 04:00:00,Long (Partial 50%),2613.11,2618.83,0.34,2613.11,Partial TP 1:2,194.48,15891.78
1913,2024-12-23 23:30:00,2024-12-24 05:00:00,Long,2613.11,2616.21,0.34,2616.21,Stop Loss,105.43,15997.21
1914,2024-12-24 07:15:00,2024-12-24 09:00:00,Short,2618.82,2619.63,0.75,2621.48,Opposite Signal,-60.75,15936.46
1915,2024-12-24 09:00:00,2024-12-24 09:45:00,Long,2619.63,2618.34,0.66,2616.62,Opposite Signal,-85.14,15851.32
1916,2024-12-24 09:45:00,2024-12-24 12:00:00,Short,2618.34,2616.13,0.64,2621.45,Opposite Signal,141.44,15992.76
1917,2024-12-24 12:00:00,2024-12-24 13:15:00,Long,2616.13,2612.95,0.62,2612.95,Stop Loss,-197.17,15795.59
1918,2024-12-24 13:15:00,2024-12-24 16:15:00,Short,2613.08,2616.37,0.6,2616.37,Stop Loss,-197.1,15598.49
1919,2024-12-24 16:15:00,2024-12-24 16:30:00,Long,2616.49,2612.98,0.56,2612.98,Stop Loss,-196.82,15401.67
1920,2024-12-24 16:30:00,2024-12-24 18:00:00,Short,2614.14,2613.6,0.51,2618.02,Opposite Signal,27.54,15429.21
1921,2024-12-24 18:00:00,2024-12-27 01:00:00,Long (Partial 50%),2613.6,2621.29,0.25,2613.6,Partial TP 1:2,192.37,15621.58
1921,2024-12-24 18:00:00,2024-12-27 04:00:00,Long,2613.6,2630.13,0.26,2630.13,Stop Loss,429.78,16051.36
1922,2024-12-27 04:00:00,2024-12-27 04:45:00,Short,2629.84,2632.73,0.5,2633.76,Opposite Signal,-144.5,15906.86
1923,2024-12-27 04:45:00,2024-12-27 07:45:00,Long,2632.73,2631.37,0.51,2628.83,Opposite Signal,-69.36,15837.5
1924,2024-12-27 07:45:00,2024-12-27 08:00:00,Short,2631.37,2633.79,0.74,2634.06,Opposite Signal,-179.08,15658.42
1925,2024-12-27 08:00:00,2024-12-27 09:45:00,Long,2633.79,2633.51,0.7,2630.96,Opposite Signal,-19.6,15638.82
1926,2024-12-27 09:45:00,2024-12-27 10:45:00,Short (Partial 50%),2633.51,2626.56,0.28,2633.51,Partial TP 1:2,194.64,15833.47
1926,2024-12-27 09:45:00,2024-12-27 12:15:00,Short,2633.51,2626.39,0.28,2626.39,Stop Loss,199.37,16032.84
1927,2024-12-27 12:15:00,2024-12-27 12:30:00,Long,2627.19,2623.66,0.56,2623.66,Stop Loss,-197.8,15835.03
1928,2024-12-27 14:30:00,2024-12-27 15:15:00,Short (Partial 50%),2627.63,2620.52,0.28,2627.63,Partial TP 1:2,198.94,16033.97
1928,2024-12-27 14:30:00,2024-12-27 17:00:00,Short,2627.63,2618.48,0.28,2618.48,Stop Loss,256.11,16290.08
1929,2024-12-27 18:15:00,2024-12-27 22:00:00,Long,2619.05,2614.99,0.36,2613.56,Opposite Signal,-146.16,16143.92
1930,2024-12-27 22:00:00,2024-12-27 23:00:00,Short,2614.99,2616.39,0.48,2619.13,Opposite Signal,-67.2,16076.72
1931,2024-12-27 23:00:00,2024-12-30 01:15:00,Long (Partial 50%),2616.39,2624.16,0.25,2616.39,Partial TP 1:2,194.24,16270.96
1931,2024-12-27 23:00:00,2024-12-30 02:45:00,Long,2616.39,2621.6,0.26,2621.6,Stop Loss,135.34,16406.31
1932,2024-12-30 06:00:00,2024-12-30 09:45:00,Short (Partial 50%),2623.41,2616.31,0.28,2623.41,Partial TP 1:2,198.93,16605.23
1932,2024-12-30 06:00:00,2024-12-30 11:15:00,Short,2623.41,2614.3,0.28,2614.3,Stop Loss,255.16,16860.4
1933,2024-12-30 11:15:00,2024-12-30 11:30:00,Long,2616.33,2612.97,0.53,2612.58,Opposite Signal,-178.08,16682.32
1934,2024-12-30 11:30:00,2024-12-30 13:15:00,Short,2612.97,2615.9,0.49,2617.03,Opposite Signal,-143.57,16538.75
1935,2024-12-30 13:15:00,2024-12-30 15:30:00,Long,2615.9,2613.16,0.46,2611.56,Opposite Signal,-126.04,16412.71
1936,2024-12-30 15:30:00,2024-12-30 16:00:00,Short,2613.16,2611.83,0.34,2618.98,Opposite Signal,45.22,16457.93
1937,2024-12-30 16:00:00,2024-12-30 16:30:00,Long,2611.83,2606.35,0.29,2604.98,Opposite Signal,-158.92,16299.01
1938,2024-12-30 16:30:00,2024-12-30 16:45:00,Short,2606.35,2611.4,0.28,2613.27,Opposite Signal,-141.4,16157.61
1939,2024-12-30 16:45:00,2024-12-30 17:00:00,Long,2611.4,2604.31,0.28,2604.31,Stop Loss,-198.48,15959.13
1940,2024-12-30 17:00:00,2024-12-30 19:00:00,Short,2603.9,2603.23,0.25,2611.88,Opposite Signal,16.75,15975.88
1941,2024-12-30 19:00:00,2024-12-31 01:00:00,Long,2603.23,2604.3,0.3,2596.68,Opposite Signal,32.1,16007.98
1942,2024-12-31 01:00:00,2024-12-31 01:45:00,Short,2604.3,2606.79,0.6,2607.63,Opposite Signal,-149.4,15858.58
1943,2024-12-31 01:45:00,2024-12-31 04:00:00,Long,2606.79,2608.04,0.67,2603.81,Opposite Signal,83.75,15942.33
1944,2024-12-31 04:00:00,2024-12-31 06:30:00,Short,2608.04,2606.6,0.68,2610.95,Opposite Signal,97.92,16040.25
1945,2024-12-31 06:30:00,2024-12-31 07:45:00,Long,2606.6,2604.08,0.79,2604.08,Stop Loss,-198.84,15841.41
1946,2024-12-31 07:45:00,2024-12-31 08:15:00,Short,2604.34,2607.08,0.72,2607.08,Stop Loss,-197.53,15643.89
1947,2024-12-31 08:15:00,2024-12-31 09:45:00,Long (Partial 50%),2607.82,2613.93,0.32,2607.82,Partial TP 1:2,195.65,15839.54
1947,2024-12-31 08:15:00,2024-12-31 11:00:00,Long,2607.82,2613.98,0.33,2613.98,Stop Loss,203.4,16042.94
1948,2024-12-31 11:00:00,2024-12-31 15:15:00,Short (Partial 50%),2613.81,2606.43,0.27,2613.81,Partial TP 1:2,199.16,16242.1
1948,2024-12-31 11:00:00,2024-12-31 15:30:00,Short,2613.81,2613.81,0.27,2613.81,Stop Loss,0.0,16242.1
1949,2025-01-02 01:30:00,2025-01-02 02:00:00,Short,2621.82,2625.65,0.4,2626.8,Opposite Signal,-153.2,16088.9
1950,2025-01-02 02:00:00,2025-01-02 04:15:00,Long (Partial 50%),2625.65,2635.52,0.2,2625.65,Partial TP 1:2,197.33,16286.23
1950,2025-01-02 02:00:00,2025-01-02 06:00:00,Long,2625.65,2632.35,0.2,2631.65,Opposite Signal,134.0,16420.23
1951,2025-01-02 06:00:00,2025-01-02 07:15:00,Short,2632.35,2634.88,0.54,2636.05,Opposite Signal,-136.62,16283.61
1952,2025-01-02 07:15:00,2025-01-02 08:00:00,Long,2634.88,2631.64,0.61,2631.64,Stop Loss,-197.51,16086.1
1953,2025-01-02 08:00:00,2025-01-02 08:15:00,Short,2631.74,2634.22,0.63,2634.89,Opposite Signal,-156.24,15929.86
1954,2025-01-02 08:15:00,2025-01-02 10:15:00,Long,2634.22,2633.26,0.6,2630.9,Opposite Signal,-57.6,15872.26
1955,2025-01-02 10:15:00,2025-01-02 10:30:00,Short,2633.26,2636.82,0.56,2636.82,Stop Loss,-199.41,15672.84
1956,2025-01-02 10:30:00,2025-01-02 12:15:00,Long (Partial 50%),2636.16,2644.28,0.24,2636.16,Partial TP 1:2,194.94,15867.79
1956,2025-01-02 10:30:00,2025-01-02 12:45:00,Long,2636.16,2640.56,0.25,2640.56,Stop Loss,110.12,15977.9
1957,2025-01-02 14:00:00,2025-01-02 14:30:00,Short,2641.04,2644.26,0.44,2645.58,Opposite Signal,-141.68,15836.22
1958,2025-01-02 14:30:00,2025-01-02 15:00:00,Long,2644.26,2639.76,0.44,2639.76,Stop Loss,-197.95,15638.27
1959,2025-01-02 15:00:00,2025-01-02 15:45:00,Short,2638.54,2643.42,0.4,2643.42,Stop Loss,-195.3,15442.98
1960,2025-01-02 15:45:00,2025-01-02 17:45:00,Long (Partial 50%),2642.8,2654.89,0.16,2642.8,Partial TP 1:2,193.47,15636.44
1960,2025-01-02 15:45:00,2025-01-02 19:30:00,Long,2642.8,2655.22,0.17,2655.22,Stop Loss,211.11,15847.56
1961,2025-01-02 19:30:00,2025-01-02 22:15:00,Short,2653.64,2659.37,0.34,2659.37,Stop Loss,-194.69,15652.86
1962,2025-01-02 22:15:00,2025-01-03 03:15:00,Long,2659.81,2658.69,0.44,2655.28,Opposite Signal,-49.28,15603.58
1963,2025-01-03 03:15:00,2025-01-03 03:45:00,Short,2658.69,2659.33,0.58,2662.09,Opposite Signal,-37.12,15566.46
1964,2025-01-03 03:45:00,2025-01-03 07:00:00,Long,2659.33,2661.39,0.55,2655.75,Opposite Signal,113.3,15679.76
1965,2025-01-03 07:00:00,2025-01-03 09:15:00,Short (Partial 50%),2661.39,2654.67,0.29,2661.39,Partial TP 1:2,195.01,15874.78
1965,2025-01-03 07:00:00,2025-01-03 11:00:00,Short,2661.39,2655.34,0.3,2655.34,Stop Loss,181.52,16056.3
1966,2025-01-03 12:00:00,2025-01-03 14:45:00,Long,2656.73,2655.34,0.49,2652.68,Opposite Signal,-68.11,15988.19
1967,2025-01-03 14:45:00,2025-01-03 15:15:00,Short (Partial 50%),2655.34,2648.15,0.27,2655.34,Partial TP 1:2,194.26,16182.45
1967,2025-01-03 14:45:00,2025-01-03 15:45:00,Short,2655.34,2649.13,0.28,2649.13,Stop Loss,173.75,16356.2
1968,2025-01-03 15:45:00,2025-01-03 17:00:00,Long,2649.92,2644.29,0.35,2644.29,Stop Loss,-197.04,16159.16
1969,2025-01-03 17:00:00,2025-01-03 23:30:00,Short,2645.88,2639.75,0.33,2651.9,Opposite Signal,202.29,16361.45
1970,2025-01-03 23:30:00,2025-01-06 02:00:00,Long,2639.75,2639.11,0.65,2636.71,Opposite Signal,-41.6,16319.85
1971,2025-01-06 02:00:00,2025-01-06 02:45:00,Short,2639.11,2642.25,0.63,2642.25,Stop Loss,-197.51,16122.34
1972,2025-01-06 02:45:00,2025-01-06 03:45:00,Long,2643.11,2641.37,0.61,2639.83,Opposite Signal,-106.14,16016.2
1973,2025-01-06 03:45:00,2025-01-06 04:30:00,Short,2641.37,2645.13,0.53,2645.13,Stop Loss,-199.22,15816.98
1974,2025-01-06 04:30:00,2025-01-06 05:30:00,Long,2643.98,2640.02,0.5,2640.02,Stop Loss,-197.79,15619.19
1975,2025-01-06 05:30:00,2025-01-06 07:30:00,Short (Partial 50%),2640.65,2633.13,0.26,2640.65,Partial TP 1:2,195.44,15814.63
1975,2025-01-06 05:30:00,2025-01-06 10:15:00,Short,2640.65,2628.56,0.27,2628.56,Stop Loss,326.42,16141.04
1976,2025-01-06 10:15:00,2025-01-06 12:00:00,Long,2629.74,2631.35,0.48,2625.61,Opposite Signal,77.28,16218.32
1977,2025-01-06 12:00:00,2025-01-06 13:00:00,Short,2631.35,2635.56,0.47,2635.56,Stop Loss,-198.09,16020.24
1978,2025-01-06 13:00:00,2025-01-06 13:15:00,Long (Partial 50%),2636.29,2644.93,0.23,2636.29,Partial TP 1:2,198.82,16219.05
1978,2025-01-06 13:00:00,2025-01-06 13:45:00,Long,2636.29,2645.12,0.23,2645.12,Stop Loss,202.98,16422.03
1979,2025-01-06 14:00:00,2025-01-06 15:30:00,Short (Partial 50%),2643.95,2632.32,0.17,2643.95,Partial TP 1:2,197.77,16619.8
1979,2025-01-06 14:00:00,2025-01-06 16:00:00,Short,2643.95,2629.79,0.17,2629.79,Stop Loss,240.74,16860.54
1980,2025-01-06 16:45:00,2025-01-06 20:45:00,Long,2631.49,2634.59,0.19,2621.04,Opposite Signal,58.9,16919.44
1981,2025-01-06 20:45:00,2025-01-07 02:45:00,Short,2634.59,2635.02,0.33,2640.52,Opposite Signal,-14.19,16905.25
1982,2025-01-07 02:45:00,2025-01-07 03:45:00,Long (Partial 50%),2635.02,2640.27,0.38,2635.02,Partial TP 1:2,199.51,17104.76
1982,2025-01-07 02:45:00,2025-01-07 06:15:00,Long,2635.02,2637.69,0.38,2637.69,Stop Loss,101.35,17206.12
1983,2025-01-07 08:45:00,2025-01-07 10:00:00,Short,2640.15,2642.82,0.53,2643.89,Opposite Signal,-141.51,17064.61
1984,2025-01-07 10:00:00,2025-01-07 11:00:00,Long,2642.82,2640.34,0.52,2638.98,Opposite Signal,-128.96,16935.65
1985,2025-01-07 11:00:00,2025-01-07 11:15:00,Short,2640.34,2644.04,0.51,2644.21,Opposite Signal,-188.7,16746.95
1986,2025-01-07 11:15:00,2025-01-07 11:45:00,Long,2644.04,2641.32,0.49,2639.97,Opposite Signal,-133.28,16613.67
1987,2025-01-07 11:45:00,2025-01-07 13:00:00,Short,2641.32,2645.32,0.49,2645.32,Stop Loss,-196.01,16417.66
1988,2025-01-07 13:00:00,2025-01-07 14:45:00,Long (Partial 50%),2644.81,2652.21,0.27,2644.81,Partial TP 1:2,199.84,16617.5
1988,2025-01-07 13:00:00,2025-01-07 15:30:00,Long,2644.81,2657.13,0.27,2657.13,Stop Loss,332.65,16950.15
1989,2025-01-07 16:00:00,2025-01-07 17:00:00,Short (Partial 50%),2658.53,2647.36,0.17,2658.53,Partial TP 1:2,189.81,17139.95
1989,2025-01-07 16:00:00,2025-01-07 18:15:00,Short,2658.53,2652.71,0.17,2652.71,Stop Loss,99.01,17238.96
1990,2025-01-07 18:30:00,2025-01-07 20:30:00,Long,2654.22,2648.07,0.25,2646.35,Opposite Signal,-153.75,17085.21
1991,2025-01-07 20:30:00,2025-01-08 02:15:00,Short,2648.07,2650.85,0.32,2654.24,Opposite Signal,-88.96,16996.25
1992,2025-01-08 02:15:00,2025-01-08 03:00:00,Long,2650.85,2648.81,0.7,2648.01,Opposite Signal,-142.8,16853.45
1993,2025-01-08 03:00:00,2025-01-08 07:15:00,Short,2648.81,2649.04,0.7,2651.63,Opposite Signal,-16.1,16837.35
1994,2025-01-08 07:15:00,2025-01-08 09:30:00,Long,2649.04,2651.8,0.74,2646.34,Opposite Signal,204.24,17041.59
1995,2025-01-08 09:30:00,2025-01-08 10:30:00,Short,2651.8,2652.79,0.7,2654.66,Opposite Signal,-69.3,16972.29
1996,2025-01-08 10:30:00,2025-01-08 13:00:00,Long,2652.79,2651.43,0.6,2649.49,Opposite Signal,-81.6,16890.69
1997,2025-01-08 13:00:00,2025-01-08 14:30:00,Short,2651.43,2650.31,0.64,2654.51,Opposite Signal,71.68,16962.37
1998,2025-01-08 14:30:00,2025-01-08 15:00:00,Long (Partial 50%),2650.31,2657.69,0.27,2650.31,Partial TP 1:2,199.16,17161.53
1998,2025-01-08 14:30:00,2025-01-08 16:45:00,Long,2650.31,2661.53,0.27,2661.53,Stop Loss,302.97,17464.51
1999,2025-01-08 16:45:00,2025-01-08 17:30:00,Short,2661.34,2667.33,0.33,2667.33,Stop Loss,-197.8,17266.71
2000,2025-01-08 17:30:00,2025-01-08 19:15:00,Long,2666.41,2662.61,0.32,2660.26,Opposite Signal,-121.6,17145.11
2001,2025-01-08 19:15:00,2025-01-08 19:30:00,Short (Partial 50%),2662.61,2650.64,0.16,2662.61,Partial TP 1:2,191.52,17336.63
2001,2025-01-08 19:15:00,2025-01-08 21:00:00,Short,2662.61,2658.02,0.17,2658.02,Stop Loss,78.09,17414.72
2002,2025-01-08 21:15:00,2025-01-09 02:15:00,Long,2659.99,2660.02,0.28,2652.93,Opposite Signal,0.84,17415.56
2003,2025-01-09 02:15:00,2025-01-09 05:00:00,Short,2660.02,2660.48,0.54,2663.69,Opposite Signal,-24.84,17390.72
2004,2025-01-09 05:00:00,2025-01-09 06:00:00,Long,2660.48,2658.86,0.58,2657.04,Opposite Signal,-93.96,17296.76
2005,2025-01-09 06:00:00,2025-01-09 06:45:00,Short,2658.86,2658.95,0.6,2662.16,Opposite Signal,-5.4,17291.36
2006,2025-01-09 06:45:00,2025-01-09 08:45:00,Long (Partial 50%),2658.95,2665.68,0.29,2658.95,Partial TP 1:2,195.26,17486.62
2006,2025-01-09 06:45:00,2025-01-09 09:45:00,Long,2658.95,2663.32,0.3,2663.32,Stop Loss,131.22,17617.84
2007,2025-01-09 09:45:00,2025-01-09 10:15:00,Short,2662.44,2664.86,0.58,2665.88,Opposite Signal,-140.36,17477.48
2008,2025-01-09 10:15:00,2025-01-09 10:30:00,Long,2664.86,2662.38,0.53,2661.15,Opposite Signal,-131.44,17346.04
2009,2025-01-09 10:30:00,2025-01-09 11:30:00,Short,2662.38,2666.48,0.48,2666.48,Stop Loss,-196.83,17149.21
2010,2025-01-09 11:30:00,2025-01-09 14:45:00,Long (Partial 50%),2665.83,2674.8,0.22,2665.83,Partial TP 1:2,197.24,17346.45
2010,2025-01-09 11:30:00,2025-01-09 15:45:00,Long,2665.83,2673.92,0.22,2673.92,Stop Loss,177.96,17524.42
2011,2025-01-09 15:45:00,2025-01-09 16:30:00,Short,2672.55,2673.72,0.37,2677.91,Opposite Signal,-43.29,17481.13
2012,2025-01-09 16:30:00,2025-01-09 17:45:00,Long,2673.72,2668.26,0.33,2667.76,Opposite Signal,-180.18,17300.95
2013,2025-01-09 17:45:00,2025-01-09 20:00:00,Short,2668.26,2668.32,0.33,2674.23,Opposite Signal,-1.98,17298.97
2014,2025-01-09 20:00:00,2025-01-10 06:30:00,Long,2668.32,2672.4,0.35,2662.75,Opposite Signal,142.8,17441.77
2015,2025-01-10 06:30:00,2025-01-10 07:15:00,Short,2672.4,2674.12,0.83,2674.8,Opposite Signal,-142.76,17299.01
2016,2025-01-10 07:15:00,2025-01-10 09:00:00,Long,2674.12,2676.07,0.86,2671.8,Opposite Signal,167.7,17466.71
2017,2025-01-10 09:00:00,2025-01-10 09:15:00,Short,2676.07,2678.64,0.73,2678.8,Opposite Signal,-187.61,17279.1
2018,2025-01-10 09:15:00,2025-01-10 09:30:00,Long,2678.64,2675.55,0.64,2675.55,Stop Loss,-197.79,17081.3
2019,2025-01-10 09:30:00,2025-01-10 10:00:00,Short,2674.73,2678.15,0.58,2678.15,Stop Loss,-198.3,16883.01
2020,2025-01-10 10:15:00,2025-01-10 14:00:00,Long,2678.47,2678.24,0.51,2674.59,Opposite Signal,-11.73,16871.28
2021,2025-01-10 14:00:00,2025-01-10 15:00:00,Short,2678.24,2679.76,0.51,2682.11,Opposite Signal,-77.52,16793.76
2022,2025-01-10 15:00:00,2025-01-10 15:15:00,Long,2679.76,2676.69,0.45,2675.4,Opposite Signal,-138.15,16655.61
2023,2025-01-10 15:15:00,2025-01-10 15:30:00,Short (Partial 50%),2676.69,2667.61,0.22,2676.69,Partial TP 1:2,199.75,16855.36
2023,2025-01-10 15:15:00,2025-01-10 15:45:00,Short,2676.69,2676.69,0.22,2676.69,Stop Loss,0.0,16855.36
2024,2025-01-10 15:45:00,2025-01-10 17:30:00,Long (Partial 50%),2682.7,2696.48,0.14,2682.7,Partial TP 1:2,192.96,17048.32
2024,2025-01-10 15:45:00,2025-01-10 20:15:00,Long,2682.7,2691.44,0.14,2691.44,Stop Loss,122.32,17170.64
2025,2025-01-10 20:15:00,2025-01-10 22:45:00,Short,2688.1,2690.53,0.25,2695.89,Opposite Signal,-60.75,17109.89
2026,2025-01-10 22:45:00,2025-01-13 01:00:00,Long,2690.53,2685.32,0.38,2685.32,Stop Loss,-197.83,16912.05
2027,2025-01-13 01:15:00,2025-01-13 02:00:00,Short,2688.44,2692.05,0.38,2693.63,Opposite Signal,-137.18,16774.87
2028,2025-01-13 02:00:00,2025-01-13 03:00:00,Long,2692.05,2687.35,0.42,2687.35,Stop Loss,-197.5,16577.37
2029,2025-01-13 03:00:00,2025-01-13 03:45:00,Short,2681.46,2685.63,0.37,2686.86,Opposite Signal,-154.29,16423.08
2030,2025-01-13 03:45:00,2025-01-13 06:30:00,Long,2685.63,2685.44,0.34,2679.9,Opposite Signal,-6.46,16416.62
2031,2025-01-13 06:30:00,2025-01-13 07:45:00,Short,2685.44,2686.99,0.42,2690.16,Opposite Signal,-65.1,16351.52
2032,2025-01-13 07:45:00,2025-01-13 09:30:00,Long,2686.99,2685.82,0.48,2682.89,Opposite Signal,-56.16,16295.36
2033,2025-01-13 09:30:00,2025-01-13 10:00:00,Short,2685.82,2688.23,0.51,2689.73,Opposite Signal,-122.91,16172.45
2034,2025-01-13 10:00:00,2025-01-13 11:00:00,Long,2688.23,2686.19,0.46,2683.97,Opposite Signal,-93.84,16078.61
2035,2025-01-13 11:00:00,2025-01-13 13:30:00,Short (Partial 50%),2686.19,2677.01,0.21,2686.19,Partial TP 1:2,192.75,16271.36
2035,2025-01-13 11:00:00,2025-01-13 14:45:00,Short,2686.19,2672.63,0.22,2672.63,Stop Loss,298.25,16569.61
2036,2025-01-13 16:45:00,2025-01-13 17:15:00,Long,2671.84,2664.8,0.28,2664.8,Stop Loss,-197.18,16372.43
2037,2025-01-13 17:15:00,2025-01-13 18:15:00,Short,2664.95,2667.0,0.26,2672.36,Opposite Signal,-53.3,16319.13
2038,2025-01-13 18:15:00,2025-01-13 18:45:00,Long,2667.0,2661.36,0.26,2659.49,Opposite Signal,-146.64,16172.49
2039,2025-01-13 18:45:00,2025-01-13 22:45:00,Short,2661.36,2662.23,0.28,2668.47,Opposite Signal,-24.36,16148.13
2040,2025-01-13 22:45:00,2025-01-14 02:30:00,Long (Partial 50%),2662.23,2670.21,0.25,2662.23,Partial TP 1:2,199.59,16347.73
2040,2025-01-13 22:45:00,2025-01-14 03:30:00,Long,2662.23,2668.49,0.25,2668.49,Stop Loss,156.53,16504.26
2041,2025-01-14 07:15:00,2025-01-14 10:15:00,Short,2671.01,2673.11,0.55,2674.59,Opposite Signal,-115.5,16388.76
2042,2025-01-14 10:15:00,2025-01-14 11:00:00,Long,2673.11,2669.95,0.53,2669.37,Opposite Signal,-167.48,16221.28
2043,2025-01-14 11:00:00,2025-01-14 13:45:00,Short,2669.95,2669.26,0.52,2673.77,Opposite Signal,35.88,16257.16
2044,2025-01-14 13:45:00,2025-01-14 15:15:00,Long,2669.26,2665.27,0.5,2665.27,Stop Loss,-199.34,16057.82
2045,2025-01-14 15:15:00,2025-01-14 15:30:00,Short,2666.84,2671.26,0.45,2671.26,Stop Loss,-198.74,15859.08
2046,2025-01-14 17:00:00,2025-01-14 19:00:00,Long,2670.58,2668.77,0.29,2663.87,Opposite Signal,-52.49,15806.59
2047,2025-01-14 19:00:00,2025-01-14 20:30:00,Short,2668.77,2671.23,0.36,2674.28,Opposite Signal,-88.56,15718.03
2048,2025-01-14 20:30:00,2025-01-15 01:30:00,Long,2671.23,2674.53,0.44,2666.7,Opposite Signal,145.2,15863.23
2049,2025-01-15 01:30:00,2025-01-15 04:00:00,Short,2674.53,2673.05,0.6,2677.86,Opposite Signal,88.8,15952.03
2050,2025-01-15 04:00:00,2025-01-15 08:00:00,Long (Partial 50%),2673.05,2679.87,0.28,2673.05,Partial TP 1:2,190.9,16142.93
2050,2025-01-15 04:00:00,2025-01-15 08:45:00,Long,2673.05,2680.83,0.29,2680.83,Stop Loss,225.65,16368.58
2051,2025-01-15 08:45:00,2025-01-15 09:30:00,Short,2680.81,2683.83,0.66,2683.83,Stop Loss,-199.59,16168.99
2052,2025-01-15 09:30:00,2025-01-15 09:45:00,Long,2683.06,2680.07,0.66,2680.07,Stop Loss,-197.25,15971.74
2053,2025-01-15 12:00:00,2025-01-15 12:45:00,Short,2685.71,2688.44,0.56,2689.23,Opposite Signal,-152.88,15818.86
2054,2025-01-15 12:45:00,2025-01-15 14:15:00,Long,2688.44,2684.81,0.55,2684.81,Stop Loss,-199.86,15619.01
2055,2025-01-15 14:30:00,2025-01-15 15:30:00,Short,2685.28,2688.85,0.55,2688.85,Stop Loss,-196.5,15422.51
2056,2025-01-15 15:30:00,2025-01-15 16:00:00,Long,2686.81,2688.66,0.38,2681.64,Opposite Signal,70.3,15492.81
2057,2025-01-15 16:00:00,2025-01-15 18:30:00,Short,2688.66,2686.35,0.3,2695.22,Opposite Signal,69.3,15562.11
2058,2025-01-15 18:30:00,2025-01-16 02:00:00,Long,2686.35,2693.87,0.28,2679.26,Opposite Signal,210.56,15772.67
2059,2025-01-16 02:00:00,2025-01-16 02:15:00,Short,2693.87,2696.93,0.65,2696.93,Stop Loss,-198.79,15573.88
2060,2025-01-16 02:15:00,2025-01-16 03:45:00,Long,2696.48,2696.11,0.56,2692.97,Opposite Signal,-20.72,15553.16
2061,2025-01-16 03:45:00,2025-01-16 08:45:00,Short,2696.11,2693.93,0.44,2700.55,Opposite Signal,95.92,15649.08
2062,2025-01-16 08:45:00,2025-01-16 10:15:00,Long (Partial 50%),2693.93,2700.66,0.29,2693.93,Partial TP 1:2,195.16,15844.23
2062,2025-01-16 08:45:00,2025-01-16 13:45:00,Long,2693.93,2706.36,0.3,2706.36,Stop Loss,372.83,16217.07
2063,2025-01-16 13:45:00,2025-01-16 15:00:00,Short,2706.26,2706.43,0.46,2710.59,Opposite Signal,-7.82,16209.25
2064,2025-01-16 15:00:00,2025-01-16 15:45:00,Long (Partial 50%),2706.43,2716.85,0.19,2706.43,Partial TP 1:2,198.05,16407.3
2064,2025-01-16 15:00:00,2025-01-16 17:00:00,Long,2706.43,2714.61,0.19,2714.61,Stop Loss,155.34,16562.64
2065,2025-01-16 17:00:00,2025-01-16 17:15:00,Short,2713.13,2717.65,0.31,2719.44,Opposite Signal,-140.12,16422.52
2066,2025-01-16 17:15:00,2025-01-16 20:15:00,Long,2717.65,2717.78,0.3,2711.02,Opposite Signal,3.9,16426.42
2067,2025-01-16 20:15:00,2025-01-17 02:30:00,Short,2717.78,2715.5,0.38,2722.94,Opposite Signal,86.64,16513.06
2068,2025-01-17 02:30:00,2025-01-17 03:00:00,Long,2715.5,2712.76,0.73,2712.76,Stop Loss,-199.71,16313.35
2069,2025-01-17 03:00:00,2025-01-17 03:30:00,Short,2710.95,2712.6,0.65,2714.02,Opposite Signal,-107.25,16206.1
2070,2025-01-17 03:30:00,2025-01-17 07:15:00,Long,2712.6,2713.7,0.58,2709.19,Opposite Signal,63.8,16269.9
2071,2025-01-17 07:15:00,2025-01-17 11:15:00,Short (Partial 50%),2713.7,2708.58,0.39,2713.7,Partial TP 1:2,199.83,16469.73
2071,2025-01-17 07:15:00,2025-01-17 13:15:00,Short,2713.7,2706.28,0.39,2706.28,Stop Loss,289.57,16759.3
2072,2025-01-17 13:45:00,2025-01-17 15:00:00,Long,2708.0,2708.35,0.54,2704.32,Opposite Signal,18.9,16778.2
2073,2025-01-17 15:00:00,2025-01-17 16:30:00,Short,2708.35,2709.58,0.49,2712.4,Opposite Signal,-60.27,16717.93
2074,2025-01-17 16:30:00,2025-01-17 19:00:00,Long,2709.58,2712.35,0.35,2703.94,Opposite Signal,96.95,16814.88
2075,2025-01-17 19:00:00,2025-01-17 22:00:00,Short (Partial 50%),2712.35,2702.06,0.19,2712.35,Partial TP 1:2,195.43,17010.31
2075,2025-01-17 19:00:00,2025-01-17 23:45:00,Short,2712.35,2702.67,0.19,2702.67,Stop Loss,183.96,17194.27
2076,2025-01-20 01:00:00,2025-01-20 01:15:00,Long,2702.67,2698.6,0.49,2698.6,Stop Loss,-199.59,16994.68
2077,2025-01-20 01:15:00,2025-01-20 01:30:00,Short,2692.3,2697.73,0.36,2697.73,Stop Loss,-195.48,16799.2
2078,2025-01-20 01:30:00,2025-01-20 03:00:00,Long,2696.23,2690.43,0.34,2690.43,Stop Loss,-197.06,16602.14
2079,2025-01-20 03:00:00,2025-01-20 03:30:00,Short,2690.04,2695.12,0.39,2695.12,Stop Loss,-198.25,16403.89
2080,2025-01-20 03:45:00,2025-01-20 06:30:00,Long (Partial 50%),2693.8,2704.47,0.18,2693.8,Partial TP 1:2,192.09,16595.98
2080,2025-01-20 03:45:00,2025-01-20 07:45:00,Long,2693.8,2704.76,0.19,2704.76,Stop Loss,208.32,16804.3
2081,2025-01-20 09:00:00,2025-01-20 10:45:00,Short,2707.03,2706.74,0.49,2711.07,Opposite Signal,14.21,16818.51
2082,2025-01-20 10:45:00,2025-01-20 13:15:00,Long,2706.74,2708.2,0.5,2702.75,Opposite Signal,73.0,16891.51
2083,2025-01-20 13:15:00,2025-01-20 16:00:00,Short,2708.2,2710.25,0.44,2712.74,Opposite Signal,-90.2,16801.31
2084,2025-01-20 16:00:00,2025-01-20 18:00:00,Long,2710.25,2706.49,0.34,2704.52,Opposite Signal,-127.84,16673.47
2085,2025-01-20 18:00:00,2025-01-20 20:45:00,Short,2706.49,2710.59,0.37,2711.81,Opposite Signal,-151.7,16521.77
2086,2025-01-20 20:45:00,2025-01-21 01:00:00,Long,2710.59,2705.66,0.4,2705.66,Stop Loss,-197.13,16324.64
2087,2025-01-21 01:00:00,2025-01-21 01:45:00,Short,2706.74,2710.3,0.42,2711.44,Opposite Signal,-149.52,16175.12
2088,2025-01-21 01:45:00,2025-01-21 02:45:00,Long,2710.3,2705.87,0.45,2705.87,Stop Loss,-199.2,15975.92
2089,2025-01-21 02:45:00,2025-01-21 03:00:00,Short,2705.28,2710.08,0.41,2710.08,Stop Loss,-196.95,15778.96
2090,2025-01-21 03:00:00,2025-01-21 04:00:00,Long (Partial 50%),2710.48,2721.45,0.18,2710.48,Partial TP 1:2,197.49,15976.45
2090,2025-01-21 03:00:00,2025-01-21 05:00:00,Long,2710.48,2721.27,0.18,2721.27,Stop Loss,194.19,16170.65
2091,2025-01-21 08:45:00,2025-01-21 09:15:00,Short,2724.3,2727.96,0.46,2728.64,Opposite Signal,-168.36,16002.29
2092,2025-01-21 09:15:00,2025-01-21 10:00:00,Long,2727.96,2726.68,0.43,2723.36,Opposite Signal,-55.04,15947.25
2093,2025-01-21 10:00:00,2025-01-21 11:30:00,Short,2726.68,2722.65,0.4,2731.64,Opposite Signal,161.2,16108.45
2094,2025-01-21 11:30:00,2025-01-21 12:30:00,Long,2722.65,2719.52,0.37,2717.35,Opposite Signal,-115.81,15992.64
2095,2025-01-21 12:30:00,2025-01-21 13:45:00,Short,2719.52,2723.88,0.38,2724.68,Opposite Signal,-165.68,15826.96
2096,2025-01-21 13:45:00,2025-01-21 16:30:00,Long (Partial 50%),2723.88,2733.54,0.2,2723.88,Partial TP 1:2,193.28,16020.23
2096,2025-01-21 13:45:00,2025-01-21 19:45:00,Long,2723.88,2741.03,0.2,2741.03,Stop Loss,342.99,16363.22
2097,2025-01-21 19:45:00,2025-01-21 20:15:00,Short,2740.08,2743.72,0.38,2745.31,Opposite Signal,-138.32,16224.9
2098,2025-01-21 20:15:00,2025-01-21 22:00:00,Long,2743.72,2741.46,0.39,2738.63,Opposite Signal,-88.14,16136.76
2099,2025-01-21 22:00:00,2025-01-21 23:30:00,Short,2741.46,2743.99,0.53,2745.19,Opposite Signal,-134.09,16002.67
2100,2025-01-21 23:30:00,2025-01-22 01:15:00,Long,2743.99,2742.4,0.66,2740.98,Opposite Signal,-104.94,15897.73
2101,2025-01-22 01:15:00,2025-01-22 02:00:00,Short,2742.4,2744.48,0.65,2745.47,Opposite Signal,-135.2,15762.53
2102,2025-01-22 02:00:00,2025-01-22 05:30:00,Long (Partial 50%),2744.48,2750.36,0.33,2744.48,Partial TP 1:2,194.18,15956.71
2102,2025-01-22 02:00:00,2025-01-22 08:00:00,Long,2744.48,2755.69,0.34,2755.69,Stop Loss,381.25,16337.96
2103,2025-01-22 08:00:00,2025-01-22 09:00:00,Short,2752.13,2749.87,0.5,2756.11,Opposite Signal,113.0,16450.96
2104,2025-01-22 09:00:00,2025-01-22 09:45:00,Long,2749.87,2748.83,0.44,2745.34,Opposite Signal,-45.76,16405.2
2105,2025-01-22 09:45:00,2025-01-22 10:45:00,Short,2748.83,2753.59,0.41,2753.59,Stop Loss,-195.33,16209.87
2106,2025-01-22 10:45:00,2025-01-22 12:30:00,Long (Partial 50%),2753.21,2762.46,0.21,2753.21,Partial TP 1:2,194.16,16404.03
2106,2025-01-22 10:45:00,2025-01-22 13:15:00,Long,2753.21,2756.59,0.22,2756.59,Stop Loss,74.31,16478.34
2107,2025-01-22 13:15:00,2025-01-22 14:30:00,Short,2757.77,2757.03,0.42,2762.51,Opposite Signal,31.08,16509.42
2108,2025-01-22 14:30:00,2025-01-22 15:15:00,Long,2757.03,2753.6,0.43,2752.41,Opposite Signal,-147.49,16361.93
2109,2025-01-22 15:15:00,2025-01-22 15:45:00,Short,2753.6,2757.62,0.38,2758.78,Opposite Signal,-152.76,16209.17
2110,2025-01-22 15:45:00,2025-01-22 16:00:00,Long,2757.62,2753.93,0.36,2752.1,Opposite Signal,-132.84,16076.33
2111,2025-01-22 16:00:00,2025-01-22 17:30:00,Short,2753.93,2756.07,0.35,2759.6,Opposite Signal,-74.9,16001.43
2112,2025-01-22 17:30:00,2025-01-22 21:30:00,Long,2756.07,2755.53,0.32,2749.95,Opposite Signal,-17.28,15984.15
2113,2025-01-22 21:30:00,2025-01-23 06:00:00,Short,2755.53,2752.47,0.56,2759.08,Opposite Signal,171.36,16155.51
2114,2025-01-23 06:00:00,2025-01-23 09:30:00,Long,2752.47,2751.98,0.72,2749.72,Opposite Signal,-35.28,16120.23
2115,2025-01-23 09:30:00,2025-01-23 10:15:00,Short,2751.98,2754.72,0.73,2754.72,Stop Loss,-199.78,15920.44
2116,2025-01-23 10:15:00,2025-01-23 11:00:00,Long,2754.17,2752.29,0.75,2751.52,Opposite Signal,-141.0,15779.44
2117,2025-01-23 11:00:00,2025-01-23 11:15:00,Short (Partial 50%),2752.29,2747.14,0.38,2752.29,Partial TP 1:2,195.58,15975.02
2117,2025-01-23 11:00:00,2025-01-23 11:45:00,Short,2752.29,2745.84,0.39,2745.84,Stop Loss,251.56,16226.58
2118,2025-01-23 12:00:00,2025-01-23 14:00:00,Long,2746.48,2749.42,0.47,2742.28,Opposite Signal,138.18,16364.76
2119,2025-01-23 14:00:00,2025-01-23 15:15:00,Short (Partial 50%),2749.42,2740.06,0.21,2749.42,Partial TP 1:2,196.46,16561.22
2119,2025-01-23 14:00:00,2025-01-23 15:45:00,Short,2749.42,2742.01,0.21,2742.01,Stop Loss,155.64,16716.86
2120,2025-01-23 16:15:00,2025-01-23 19:30:00,Long (Partial 50%),2744.8,2757.64,0.15,2744.8,Partial TP 1:2,192.54,16909.4
2120,2025-01-23 16:15:00,2025-01-23 21:45:00,Long,2744.8,2753.8,0.16,2753.8,Stop Loss,144.07,17053.47
2121,2025-01-23 21:45:00,2025-01-24 01:30:00,Short,2754.05,2755.16,0.44,2758.53,Opposite Signal,-48.84,17004.63
2122,2025-01-24 01:30:00,2025-01-24 03:00:00,Long (Partial 50%),2755.16,2761.38,0.32,2755.16,Partial TP 1:2,199.11,17203.73
2122,2025-01-24 01:30:00,2025-01-24 03:30:00,Long,2755.16,2758.69,0.32,2757.5,Opposite Signal,112.96,17316.69
2123,2025-01-24 03:30:00,2025-01-24 03:45:00,Short,2758.69,2762.02,0.6,2762.02,Stop Loss,-199.7,17116.99
2124,2025-01-24 03:45:00,2025-01-24 04:15:00,Long (Partial 50%),2762.25,2769.44,0.27,2762.25,Partial TP 1:2,194.0,17310.99
2124,2025-01-24 03:45:00,2025-01-24 05:15:00,Long,2762.25,2771.76,0.28,2771.76,Stop Loss,266.31,17577.3
2125,2025-01-24 08:45:00,2025-01-24 11:00:00,Short,2773.71,2774.55,0.5,2777.66,Opposite Signal,-42.0,17535.3
2126,2025-01-24 11:00:00,2025-01-24 11:30:00,Long,2774.55,2771.5,0.49,2770.47,Opposite Signal,-149.45,17385.85
2127,2025-01-24 11:30:00,2025-01-24 12:45:00,Short,2771.5,2775.62,0.43,2776.13,Opposite Signal,-177.16,17208.69
2128,2025-01-24 12:45:00,2025-01-24 15:45:00,Long (Partial 50%),2775.62,2784.39,0.22,2775.62,Partial TP 1:2,192.89,17401.58
2128,2025-01-24 12:45:00,2025-01-24 16:00:00,Long,2775.62,2778.87,0.23,2775.72,Opposite Signal,74.75,17476.33
2129,2025-01-24 16:00:00,2025-01-24 17:00:00,Short,2778.87,2783.25,0.42,2783.6,Opposite Signal,-183.96,17292.37
2130,2025-01-24 17:00:00,2025-01-24 17:45:00,Long,2783.25,2776.91,0.31,2776.91,Stop Loss,-196.63,17095.74
2131,2025-01-24 17:45:00,2025-01-24 21:45:00,Short,2775.71,2774.57,0.29,2782.42,Opposite Signal,33.06,17128.8
2132,2025-01-24 21:45:00,2025-01-24 22:45:00,Long,2774.57,2770.94,0.49,2770.57,Opposite Signal,-177.87,16950.93
2133,2025-01-24 22:45:00,2025-01-27 01:00:00,Short (Partial 50%),2770.94,2763.83,0.28,2770.94,Partial TP 1:2,199.13,17150.06
2133,2025-01-24 22:45:00,2025-01-27 02:45:00,Short,2770.94,2769.51,0.28,2769.51,Stop Loss,39.91,17189.97
2134,2025-01-27 02:45:00,2025-01-27 03:30:00,Long,2769.54,2765.9,0.54,2765.9,Stop Loss,-196.57,16993.4
2135,2025-01-27 03:30:00,2025-01-27 04:15:00,Short (Partial 50%),2763.2,2754.42,0.22,2763.2,Partial TP 1:2,193.16,17186.55
2135,2025-01-27 03:30:00,2025-01-27 05:15:00,Short,2763.2,2759.55,0.23,2759.55,Stop Loss,83.9,17270.45
2136,2025-01-27 05:15:00,2025-01-27 06:30:00,Long,2761.05,2755.97,0.39,2755.97,Stop Loss,-198.3,17072.15
2137,2025-01-27 06:30:00,2025-01-27 09:30:00,Short (Partial 50%),2756.03,2747.35,0.23,2756.03,Partial TP 1:2,199.68,17271.83
2137,2025-01-27 06:30:00,2025-01-27 10:00:00,Short,2756.03,2752.5,0.23,2752.5,Stop Loss,81.11,17352.94
2138,2025-01-27 14:00:00,2025-01-27 15:30:00,Short (Partial 50%),2765.35,2754.03,0.17,2765.35,Partial TP 1:2,192.47,17545.41
2138,2025-01-27 14:00:00,2025-01-27 15:45:00,Short,2765.35,2757.2,0.17,2761.6,Opposite Signal,138.55,17683.96
2139,2025-01-27 15:45:00,2025-01-27 16:15:00,Long,2757.2,2750.6,0.3,2750.6,Stop Loss,-198.0,17485.96
2140,2025-01-27 16:15:00,2025-01-27 18:45:00,Short (Partial 50%),2750.68,2737.07,0.14,2750.68,Partial TP 1:2,190.51,17676.47
2140,2025-01-27 16:15:00,2025-01-27 19:30:00,Short,2750.68,2735.99,0.14,2735.99,Stop Loss,205.7,17882.17
2141,2025-01-27 20:15:00,2025-01-27 23:45:00,Long,2736.63,2740.41,0.3,2730.13,Opposite Signal,113.4,17995.57
2142,2025-01-27 23:45:00,2025-01-28 01:15:00,Short,2740.41,2744.19,0.52,2744.19,Stop Loss,-196.64,17798.93
2143,2025-01-28 01:15:00,2025-01-28 02:45:00,Long,2743.77,2740.48,0.43,2739.16,Opposite Signal,-141.47,17657.46
2144,2025-01-28 02:45:00,2025-01-28 03:00:00,Short,2740.48,2744.96,0.44,2744.96,Stop Loss,-197.18,17460.28
2145,2025-01-28 03:00:00,2025-01-28 03:45:00,Long,2744.61,2739.9,0.42,2739.9,Stop Loss,-197.74,17262.54
2146,2025-01-28 03:45:00,2025-01-28 06:45:00,Short,2741.36,2742.23,0.43,2745.93,Opposite Signal,-37.41,17225.13
2147,2025-01-28 06:45:00,2025-01-28 08:15:00,Long,2742.23,2740.87,0.55,2738.61,Opposite Signal,-74.8,17150.33
2148,2025-01-28 08:15:00,2025-01-28 09:15:00,Short,2740.87,2742.15,0.63,2744.03,Opposite Signal,-80.64,17069.69
2149,2025-01-28 09:15:00,2025-01-28 09:45:00,Long,2742.15,2739.19,0.67,2739.19,Stop Loss,-198.0,16871.69
2150,2025-01-28 09:45:00,2025-01-28 10:45:00,Short,2738.49,2741.75,0.61,2741.75,Stop Loss,-198.83,16672.86
2151,2025-01-28 10:45:00,2025-01-28 15:30:00,Long (Partial 50%),2741.09,2748.9,0.25,2741.09,Partial TP 1:2,195.31,16868.16
2151,2025-01-28 10:45:00,2025-01-28 17:00:00,Long,2741.09,2751.23,0.26,2751.23,Stop Loss,263.7,17131.86
2152,2025-01-29 01:45:00,2025-01-29 02:30:00,Short,2762.62,2764.33,0.84,2764.98,Opposite Signal,-143.64,16988.22
2153,2025-01-29 02:30:00,2025-01-29 03:45:00,Long,2764.33,2763.64,0.91,2762.15,Opposite Signal,-62.79,16925.43
2154,2025-01-29 03:45:00,2025-01-29 06:15:00,Short,2763.64,2763.48,0.89,2765.87,Opposite Signal,14.24,16939.67
2155,2025-01-29 06:15:00,2025-01-29 07:15:00,Long,2763.48,2762.02,0.92,2761.31,Opposite Signal,-134.32,16805.35
2156,2025-01-29 07:15:00,2025-01-29 09:15:00,Short (Partial 50%),2762.02,2757.86,0.48,2762.02,Partial TP 1:2,199.44,17004.8
2156,2025-01-29 07:15:00,2025-01-29 09:45:00,Short,2762.02,2759.42,0.48,2759.42,Stop Loss,124.86,17129.65
2157,2025-01-29 10:00:00,2025-01-29 11:00:00,Long,2761.33,2762.02,0.7,2758.49,Opposite Signal,48.3,17177.95
2158,2025-01-29 11:00:00,2025-01-29 15:15:00,Short (Partial 50%),2762.02,2755.16,0.28,2762.02,Partial TP 1:2,192.2,17370.15
2158,2025-01-29 11:00:00,2025-01-29 15:30:00,Short,2762.02,2757.5,0.29,2760.09,Opposite Signal,131.08,17501.23
2159,2025-01-29 15:30:00,2025-01-29 17:15:00,Long,2757.5,2753.61,0.51,2753.61,Stop Loss,-198.33,17302.9
2160,2025-01-29 17:15:00,2025-01-29 17:45:00,Short,2750.18,2754.08,0.36,2755.66,Opposite Signal,-140.4,17162.5
2161,2025-01-29 17:45:00,2025-01-29 18:45:00,Long,2754.08,2748.67,0.36,2748.67,Stop Loss,-194.85,16967.64
2162,2025-01-29 21:00:00,2025-01-29 21:30:00,Short,2747.85,2752.83,0.4,2752.83,Stop Loss,-199.18,16768.47
2163,2025-01-29 21:30:00,2025-01-30 05:00:00,Long,2754.41,2759.57,0.3,2747.94,Opposite Signal,154.8,16923.27
2164,2025-01-30 05:00:00,2025-01-30 05:45:00,Short,2759.57,2762.39,0.7,2762.39,Stop Loss,-197.5,16725.76
2165,2025-01-30 05:45:00,2025-01-30 06:30:00,Long,2761.71,2760.85,0.73,2759.0,Opposite Signal,-62.78,16662.98
2166,2025-01-30 06:30:00,2025-01-30 08:00:00,Short,2760.85,2761.27,0.75,2763.49,Opposite Signal,-31.5,16631.48
2167,2025-01-30 08:00:00,2025-01-30 08:45:00,Long (Partial 50%),2761.27,2766.3,0.39,2761.27,Partial TP 1:2,196.2,16827.68
2167,2025-01-30 08:00:00,2025-01-30 11:00:00,Long,2761.27,2773.42,0.4,2773.42,Stop Loss,485.85,17313.53
2168,2025-01-30 18:15:00,2025-01-30 19:30:00,Short,2791.37,2794.51,0.32,2797.46,Opposite Signal,-100.48,17213.05
2169,2025-01-30 19:30:00,2025-01-30 21:15:00,Long,2794.51,2791.36,0.34,2788.73,Opposite Signal,-107.1,17105.95
2170,2025-01-30 21:15:00,2025-01-30 22:30:00,Short,2791.36,2796.4,0.39,2796.4,Stop Loss,-196.43,16909.52
2171,2025-01-30 22:30:00,2025-01-30 23:15:00,Long,2794.88,2790.37,0.44,2790.37,Stop Loss,-198.4,16711.11
2172,2025-01-30 23:15:00,2025-01-31 01:15:00,Short,2790.98,2794.79,0.37,2796.33,Opposite Signal,-140.97,16570.14
2173,2025-01-31 01:15:00,2025-01-31 06:15:00,Long,2794.79,2794.83,0.38,2789.58,Opposite Signal,1.52,16571.66
2174,2025-01-31 06:15:00,2025-01-31 09:00:00,Short,2794.83,2795.94,0.69,2797.71,Opposite Signal,-76.59,16495.07
2175,2025-01-31 09:00:00,2025-01-31 10:15:00,Long,2795.94,2793.67,0.62,2792.72,Opposite Signal,-140.74,16354.33
2176,2025-01-31 10:15:00,2025-01-31 13:00:00,Short,2793.67,2795.18,0.48,2797.84,Opposite Signal,-72.48,16281.85
2177,2025-01-31 13:00:00,2025-01-31 14:15:00,Long (Partial 50%),2795.18,2803.36,0.24,2795.18,Partial TP 1:2,196.37,16478.23
2177,2025-01-31 13:00:00,2025-01-31 15:00:00,Long,2795.18,2804.23,0.24,2804.23,Stop Loss,217.3,16695.53
2178,2025-01-31 17:15:00,2025-01-31 19:30:00,Short,2809.92,2815.68,0.34,2815.68,Stop Loss,-195.71,16499.82
2179,2025-01-31 19:30:00,2025-01-31 19:45:00,Long,2813.7,2808.62,0.27,2806.41,Opposite Signal,-137.16,16362.66
2180,2025-01-31 19:45:00,2025-01-31 23:00:00,Short,2808.62,2801.78,0.25,2816.42,Opposite Signal,171.0,16533.66
2181,2025-01-31 23:00:00,2025-02-03 01:00:00,Long,2801.78,2795.58,0.32,2795.58,Stop Loss,-198.27,16335.39
2182,2025-02-03 01:15:00,2025-02-03 06:00:00,Short,2791.28,2782.53,0.19,2801.43,Opposite Signal,166.25,16501.64
2183,2025-02-03 06:00:00,2025-02-03 10:15:00,Long (Partial 50%),2782.53,2798.26,0.12,2782.53,Partial TP 1:2,188.82,16690.46
2183,2025-02-03 06:00:00,2025-02-03 12:00:00,Long,2782.53,2794.99,0.13,2794.99,Stop Loss,161.98,16852.44
2184,2025-02-03 17:15:00,2025-02-03 20:45:00,Short,2821.39,2820.97,0.23,2830.06,Opposite Signal,9.66,16862.1
2185,2025-02-03 20:45:00,2025-02-03 22:15:00,Long,2820.97,2816.41,0.27,2813.58,Opposite Signal,-123.12,16738.98
2186,2025-02-03 22:15:00,2025-02-04 02:30:00,Short,2816.41,2815.76,0.36,2821.93,Opposite Signal,23.4,16762.38
2187,2025-02-04 02:30:00,2025-02-04 03:45:00,Long (Partial 50%),2815.76,2823.45,0.26,2815.76,Partial TP 1:2,199.92,16962.3
2187,2025-02-04 02:30:00,2025-02-04 04:15:00,Long,2815.76,2819.08,0.26,2819.08,Stop Loss,86.41,17048.71
2188,2025-02-04 04:15:00,2025-02-04 04:45:00,Short,2817.57,2821.02,0.47,2821.82,Opposite Signal,-162.15,16886.56
2189,2025-02-04 04:45:00,2025-02-04 05:30:00,Long,2821.02,2818.09,0.43,2816.47,Opposite Signal,-125.99,16760.57
2190,2025-02-04 05:30:00,2025-02-04 05:45:00,Short,2818.09,2821.27,0.42,2822.83,Opposite Signal,-133.56,16627.01
2191,2025-02-04 05:45:00,2025-02-04 07:00:00,Long,2821.27,2816.36,0.4,2816.36,Stop Loss,-196.37,16430.64
2192,2025-02-04 07:00:00,2025-02-04 09:30:00,Short,2816.53,2811.04,0.41,2821.34,Opposite Signal,225.09,16655.73
2193,2025-02-04 09:30:00,2025-02-04 10:30:00,Long,2811.04,2812.6,0.39,2805.95,Opposite Signal,60.84,16716.57
2194,2025-02-04 10:30:00,2025-02-04 11:15:00,Short,2812.6,2816.84,0.34,2818.46,Opposite Signal,-144.16,16572.41
2195,2025-02-04 11:15:00,2025-02-04 12:00:00,Long,2816.84,2816.42,0.35,2811.2,Opposite Signal,-14.7,16557.71
2196,2025-02-04 12:00:00,2025-02-04 14:15:00,Short,2816.42,2819.2,0.35,2822.01,Opposite Signal,-97.3,16460.41
2197,2025-02-04 14:15:00,2025-02-04 15:15:00,Long (Partial 50%),2819.2,2828.67,0.21,2819.2,Partial TP 1:2,198.87,16659.28
2197,2025-02-04 14:15:00,2025-02-04 15:45:00,Long,2819.2,2831.05,0.21,2831.05,Stop Loss,248.91,16908.2
2198,2025-02-04 17:30:00,2025-02-04 18:15:00,Short,2835.68,2841.4,0.25,2843.51,Opposite Signal,-143.0,16765.2
2199,2025-02-04 18:15:00,2025-02-05 01:00:00,Long,2841.4,2841.32,0.24,2833.39,Opposite Signal,-1.92,16763.28
2200,2025-02-05 01:00:00,2025-02-05 02:15:00,Short,2841.32,2842.91,0.61,2844.59,Opposite Signal,-96.99,16666.29
2201,2025-02-05 02:15:00,2025-02-05 03:00:00,Long (Partial 50%),2842.91,2848.65,0.34,2842.91,Partial TP 1:2,195.2,16861.49
2201,2025-02-05 02:15:00,2025-02-05 03:15:00,Long,2842.91,2842.91,0.34,2842.91,Stop Loss,0.0,16861.49
2202,2025-02-05 03:15:00,2025-02-05 03:45:00,Short,2843.42,2844.37,0.45,2847.81,Opposite Signal,-42.75,16818.74
2203,2025-02-05 03:45:00,2025-02-05 05:30:00,Long (Partial 50%),2844.37,2854.13,0.2,2844.37,Partial TP 1:2,195.23,17013.97
2203,2025-02-05 03:45:00,2025-02-05 07:00:00,Long,2844.37,2854.08,0.2,2854.08,Stop Loss,194.24,17208.21
2204,2025-02-05 07:00:00,2025-02-05 07:30:00,Short,2853.86,2858.49,0.43,2858.49,Stop Loss,-199.07,17009.14
2205,2025-02-05 07:30:00,2025-02-05 09:00:00,Long,2858.14,2856.75,0.42,2853.45,Opposite Signal,-58.38,16950.76
2206,2025-02-05 09:00:00,2025-02-05 09:45:00,Short,2856.75,2861.35,0.43,2861.35,Stop Loss,-197.82,16752.94
2207,2025-02-05 09:45:00,2025-02-05 11:00:00,Long,2864.05,2865.4,0.41,2859.27,Opposite Signal,55.35,16808.29
2208,2025-02-05 11:00:00,2025-02-05 11:15:00,Short,2865.4,2870.17,0.41,2870.17,Stop Loss,-195.49,16612.8
2209,2025-02-05 11:15:00,2025-02-05 12:45:00,Long,2869.37,2867.79,0.39,2864.3,Opposite Signal,-61.62,16551.18
2210,2025-02-05 12:45:00,2025-02-05 16:30:00,Short,2867.79,2866.52,0.36,2873.28,Opposite Signal,45.72,16596.9
2211,2025-02-05 16:30:00,2025-02-05 17:45:00,Long (Partial 50%),2866.52,2878.26,0.17,2866.52,Partial TP 1:2,199.53,16796.44
2211,2025-02-05 16:30:00,2025-02-05 18:00:00,Long,2866.52,2868.72,0.17,2866.52,Opposite Signal,37.4,16833.84
2212,2025-02-05 18:00:00,2025-02-05 18:45:00,Short,2868.72,2874.96,0.24,2876.81,Opposite Signal,-149.76,16684.08
2213,2025-02-05 18:45:00,2025-02-05 20:15:00,Long,2874.96,2866.8,0.24,2866.8,Stop Loss,-195.75,16488.33
2214,2025-02-05 20:30:00,2025-02-05 23:45:00,Short,2866.67,2867.23,0.29,2873.43,Opposite Signal,-16.24,16472.09
2215,2025-02-05 23:45:00,2025-02-06 03:00:00,Long,2867.23,2865.44,0.4,2862.25,Opposite Signal,-71.6,16400.49
2216,2025-02-06 03:00:00,2025-02-06 03:30:00,Short,2865.44,2869.1,0.41,2870.24,Opposite Signal,-150.06,16250.43
2217,2025-02-06 03:30:00,2025-02-06 05:15:00,Long,2869.1,2865.04,0.41,2864.23,Opposite Signal,-166.46,16083.97
2218,2025-02-06 05:15:00,2025-02-06 05:45:00,Short,2865.04,2869.29,0.4,2869.92,Opposite Signal,-170.0,15913.97
2219,2025-02-06 05:45:00,2025-02-06 08:45:00,Long,2869.29,2864.5,0.41,2864.5,Stop Loss,-196.38,15717.59
2220,2025-02-06 08:45:00,2025-02-06 10:15:00,Short (Partial 50%),2859.08,2849.2,0.2,2859.08,Partial TP 1:2,197.55,15915.14
2220,2025-02-06 08:45:00,2025-02-06 10:30:00,Short,2859.08,2856.06,0.2,2859.08,Opposite Signal,60.4,15975.54
2221,2025-02-06 10:30:00,2025-02-06 14:00:00,Long (Partial 50%),2856.06,2868.27,0.16,2856.06,Partial TP 1:2,195.42,16170.96
2221,2025-02-06 10:30:00,2025-02-06 15:00:00,Long,2856.06,2863.31,0.16,2863.31,Stop Loss,115.99,16286.95
2222,2025-02-06 15:00:00,2025-02-06 16:45:00,Short (Partial 50%),2861.64,2850.23,0.17,2861.64,Partial TP 1:2,193.94,16480.88
2222,2025-02-06 15:00:00,2025-02-06 17:30:00,Short,2861.64,2849.27,0.17,2849.27,Stop Loss,210.29,16691.18
2223,2025-02-06 17:30:00,2025-02-07 03:30:00,Long (Partial 50%),2848.77,2865.77,0.11,2848.77,Partial TP 1:2,187.01,16878.19
2223,2025-02-06 17:30:00,2025-02-07 05:45:00,Long,2848.77,2866.37,0.12,2866.37,Stop Loss,211.25,17089.44
2224,2025-02-07 07:15:00,2025-02-07 09:00:00,Short,2865.17,2864.32,0.62,2868.36,Opposite Signal,52.7,17142.14
2225,2025-02-07 09:00:00,2025-02-07 12:15:00,Long,2864.32,2866.24,0.47,2860.14,Opposite Signal,90.24,17232.38
2226,2025-02-07 12:15:00,2025-02-07 15:30:00,Short,2866.24,2870.42,0.47,2870.42,Stop Loss,-196.67,17035.71
2227,2025-02-07 16:00:00,2025-02-07 17:00:00,Long (Partial 50%),2864.73,2879.43,0.13,2864.73,Partial TP 1:2,191.04,17226.75
2227,2025-02-07 16:00:00,2025-02-07 17:45:00,Long,2864.73,2879.25,0.14,2879.25,Stop Loss,203.27,17430.02
2228,2025-02-07 18:00:00,2025-02-10 01:15:00,Short,2871.32,2869.51,0.21,2880.52,Opposite Signal,38.01,17468.03
2229,2025-02-10 01:15:00,2025-02-10 08:00:00,Long (Partial 50%),2869.51,2881.6,0.16,2869.51,Partial TP 1:2,193.48,17661.51
2229,2025-02-10 01:15:00,2025-02-10 10:15:00,Long,2869.51,2892.2,0.17,2892.2,Stop Loss,385.81,18047.32
2230,2025-02-10 12:30:00,2025-02-10 13:30:00,Short,2901.32,2904.09,0.38,2906.58,Opposite Signal,-105.26,17942.06
2231,2025-02-10 13:30:00,2025-02-10 15:30:00,Long,2904.09,2900.16,0.37,2898.7,Opposite Signal,-145.41,17796.65
2232,2025-02-10 15:30:00,2025-02-10 16:15:00,Short,2900.16,2904.29,0.32,2906.28,Opposite Signal,-132.16,17664.49
2233,2025-02-10 16:15:00,2025-02-10 18:30:00,Long,2904.29,2903.38,0.3,2897.81,Opposite Signal,-27.3,17637.19
2234,2025-02-10 18:30:00,2025-02-10 20:00:00,Short,2903.38,2903.74,0.31,2909.82,Opposite Signal,-11.16,17626.03
2235,2025-02-10 20:00:00,2025-02-11 01:30:00,Long (Partial 50%),2903.74,2916.32,0.15,2903.74,Partial TP 1:2,188.71,17814.74
2235,2025-02-10 20:00:00,2025-02-11 01:45:00,Long,2903.74,2917.69,0.16,2914.07,Opposite Signal,223.2,18037.94
2236,2025-02-11 01:45:00,2025-02-11 02:45:00,Short,2917.69,2923.13,0.36,2923.13,Stop Loss,-195.72,17842.22
2237,2025-02-11 02:45:00,2025-02-11 03:45:00,Long (Partial 50%),2922.43,2932.79,0.19,2922.43,Partial TP 1:2,196.83,18039.05
2237,2025-02-11 02:45:00,2025-02-11 04:30:00,Long,2922.43,2934.68,0.19,2934.68,Stop Loss,232.69,18271.75
2238,2025-02-11 04:30:00,2025-02-11 05:30:00,Short,2916.88,2924.59,0.16,2929.11,Opposite Signal,-123.36,18148.39
2239,2025-02-11 05:30:00,2025-02-11 06:45:00,Long,2924.59,2916.18,0.16,2912.72,Opposite Signal,-134.56,18013.83
2240,2025-02-11 06:45:00,2025-02-11 07:30:00,Short,2916.18,2922.55,0.21,2925.34,Opposite Signal,-133.77,17880.06
2241,2025-02-11 07:30:00,2025-02-11 08:30:00,Long,2922.55,2917.61,0.24,2914.31,Opposite Signal,-118.56,17761.5
2242,2025-02-11 08:30:00,2025-02-11 14:00:00,Short (Partial 50%),2917.61,2900.85,0.11,2917.61,Partial TP 1:2,184.35,17945.85
2242,2025-02-11 08:30:00,2025-02-11 15:30:00,Short,2917.61,2890.33,0.12,2890.33,Stop Loss,327.36,18273.2
2243,2025-02-11 15:30:00,2025-02-11 16:45:00,Long,2895.16,2896.57,0.22,2886.26,Opposite Signal,31.02,18304.22
2244,2025-02-11 16:45:00,2025-02-11 17:30:00,Short,2896.57,2903.89,0.21,2905.68,Opposite Signal,-153.72,18150.5
2245,2025-02-11 17:30:00,2025-02-11 19:00:00,Long,2903.89,2900.91,0.2,2894.08,Opposite Signal,-59.6,18090.9
2246,2025-02-11 19:00:00,2025-02-12 01:15:00,Short,2900.91,2899.69,0.26,2908.34,Opposite Signal,31.72,18122.62
2247,2025-02-12 01:15:00,2025-02-12 02:00:00,Long,2899.69,2895.83,0.51,2895.83,Stop Loss,-196.94,17925.68
2248,2025-02-12 02:00:00,2025-02-12 02:45:00,Short (Partial 50%),2897.25,2889.47,0.25,2897.25,Partial TP 1:2,194.44,18120.12
2248,2025-02-12 02:00:00,2025-02-12 03:00:00,Short,2897.25,2897.25,0.26,2897.25,Stop Loss,0.0,18120.12
2249,2025-02-12 04:00:00,2025-02-12 05:00:00,Long,2894.8,2888.91,0.33,2888.91,Stop Loss,-194.44,17925.68
2250,2025-02-12 05:00:00,2025-02-12 08:00:00,Short,2887.99,2891.29,0.32,2894.14,Opposite Signal,-105.6,17820.08
2251,2025-02-12 08:00:00,2025-02-12 10:00:00,Long,2891.29,2889.98,0.38,2886.06,Opposite Signal,-49.78,17770.3
2252,2025-02-12 10:00:00,2025-02-12 14:45:00,Short,2889.98,2884.97,0.33,2895.91,Opposite Signal,165.33,17935.63
2253,2025-02-12 14:45:00,2025-02-12 15:00:00,Long,2884.97,2878.94,0.33,2878.94,Stop Loss,-198.9,17736.73
2254,2025-02-12 15:00:00,2025-02-12 15:30:00,Short (Partial 50%),2878.79,2865.23,0.14,2878.79,Partial TP 1:2,189.9,17926.63
2254,2025-02-12 15:00:00,2025-02-12 15:45:00,Short,2878.79,2878.79,0.14,2878.79,Stop Loss,0.0,17926.63
2255,2025-02-12 15:45:00,2025-02-12 18:45:00,Long (Partial 50%),2884.68,2904.19,0.1,2884.68,Partial TP 1:2,195.14,18121.77
2255,2025-02-12 15:45:00,2025-02-12 19:30:00,Long,2884.68,2902.78,0.1,2902.78,Stop Loss,181.03,18302.8
2256,2025-02-12 20:00:00,2025-02-12 22:15:00,Short,2902.23,2899.63,0.25,2909.98,Opposite Signal,65.0,18367.8
2257,2025-02-12 22:15:00,2025-02-13 03:15:00,Long,2899.63,2902.27,0.33,2893.7,Opposite Signal,87.12,18454.92
2258,2025-02-13 03:15:00,2025-02-13 03:45:00,Short,2902.27,2906.0,0.38,2907.46,Opposite Signal,-141.74,18313.18
2259,2025-02-13 03:45:00,2025-02-13 05:15:00,Long (Partial 50%),2906.0,2916.26,0.19,2906.0,Partial TP 1:2,194.97,18508.15
2259,2025-02-13 03:45:00,2025-02-13 07:45:00,Long,2906.0,2919.37,0.19,2919.37,Stop Loss,253.97,18762.13
2260,2025-02-13 07:45:00,2025-02-13 11:45:00,Short,2917.95,2915.25,0.44,2922.46,Opposite Signal,118.8,18880.93
2261,2025-02-13 11:45:00,2025-02-13 15:00:00,Long,2915.25,2915.34,0.35,2909.57,Opposite Signal,3.15,18884.08
2262,2025-02-13 15:00:00,2025-02-13 16:30:00,Short,2915.34,2914.42,0.39,2920.36,Opposite Signal,35.88,18919.96
2263,2025-02-13 16:30:00,2025-02-13 18:45:00,Long,2914.42,2913.71,0.26,2906.85,Opposite Signal,-18.46,18901.5
2264,2025-02-13 18:45:00,2025-02-13 19:45:00,Short,2913.71,2918.85,0.32,2919.83,Opposite Signal,-164.48,18737.02
2265,2025-02-13 19:45:00,2025-02-14 01:00:00,Long (Partial 50%),2918.85,2929.79,0.18,2918.85,Partial TP 1:2,196.97,18933.99
2265,2025-02-13 19:45:00,2025-02-14 02:00:00,Long,2918.85,2928.52,0.18,2928.52,Stop Loss,174.12,19108.1
2266,2025-02-14 02:00:00,2025-02-14 03:00:00,Short,2927.75,2931.65,0.51,2931.65,Stop Loss,-198.99,18909.11
2267,2025-02-14 03:00:00,2025-02-14 04:00:00,Long,2931.56,2927.67,0.51,2927.67,Stop Loss,-198.18,18710.92
2268,2025-02-14 04:00:00,2025-02-14 06:30:00,Short,2927.95,2927.12,0.47,2932.18,Opposite Signal,39.01,18749.93
2269,2025-02-14 06:30:00,2025-02-14 08:30:00,Long (Partial 50%),2927.12,2934.97,0.25,2927.12,Partial TP 1:2,196.37,18946.3
2269,2025-02-14 06:30:00,2025-02-14 09:00:00,Long,2927.12,2933.08,0.25,2931.34,Opposite Signal,149.0,19095.3
2270,2025-02-14 09:00:00,2025-02-14 10:00:00,Short,2933.08,2936.04,0.48,2937.21,Opposite Signal,-142.08,18953.22
2271,2025-02-14 10:00:00,2025-02-14 11:30:00,Long,2936.04,2934.42,0.42,2931.31,Opposite Signal,-68.04,18885.18
2272,2025-02-14 11:30:00,2025-02-14 12:15:00,Short,2934.42,2939.15,0.42,2939.15,Stop Loss,-198.85,18686.33
2273,2025-02-14 12:15:00,2025-02-14 12:45:00,Long,2938.93,2935.77,0.43,2934.32,Opposite Signal,-135.88,18550.45
2274,2025-02-14 12:45:00,2025-02-14 15:00:00,Short (Partial 50%),2935.77,2926.73,0.22,2935.77,Partial TP 1:2,198.82,18749.27
2274,2025-02-14 12:45:00,2025-02-14 15:30:00,Short,2935.77,2930.82,0.22,2930.82,Stop Loss,108.89,18858.15
2275,2025-02-14 16:15:00,2025-02-14 16:45:00,Long,2926.76,2918.97,0.25,2918.97,Stop Loss,-194.7,18663.45
2276,2025-02-14 16:45:00,2025-02-14 17:15:00,Short (Partial 50%),2921.01,2904.83,0.12,2921.01,Partial TP 1:2,194.2,18857.65
2276,2025-02-14 16:45:00,2025-02-14 22:45:00,Short,2921.01,2883.15,0.12,2883.15,Stop Loss,454.37,19312.02
2277,2025-02-14 22:45:00,2025-02-17 01:15:00,Long,2885.32,2883.04,0.29,2878.47,Opposite Signal,-66.12,19245.9
2278,2025-02-17 01:15:00,2025-02-17 02:00:00,Short,2883.04,2885.6,0.25,2891.02,Opposite Signal,-64.0,19181.9
2279,2025-02-17 02:00:00,2025-02-17 05:30:00,Long (Partial 50%),2885.6,2901.79,0.12,2885.6,Partial TP 1:2,194.22,19376.12
2279,2025-02-17 02:00:00,2025-02-17 06:30:00,Long,2885.6,2900.24,0.12,2900.24,Stop Loss,175.63,19551.75
2280,2025-02-17 06:45:00,2025-02-17 07:15:00,Short,2899.15,2904.45,0.37,2904.45,Stop Loss,-196.07,19355.68
2281,2025-02-17 07:15:00,2025-02-17 07:45:00,Long,2902.88,2897.48,0.37,2897.48,Stop Loss,-199.94,19155.75
2282,2025-02-17 07:45:00,2025-02-17 08:30:00,Short,2896.09,2896.17,0.33,2901.98,Opposite Signal,-2.64,19153.11
2283,2025-02-17 08:30:00,2025-02-17 10:30:00,Long,2896.17,2897.97,0.28,2889.27,Opposite Signal,50.4,19203.51
2284,2025-02-17 10:30:00,2025-02-17 11:00:00,Short,2897.97,2903.09,0.33,2903.91,Opposite Signal,-168.96,19034.55
2285,2025-02-17 11:00:00,2025-02-17 12:15:00,Long,2903.09,2898.12,0.34,2897.24,Opposite Signal,-168.98,18865.57
2286,2025-02-17 12:15:00,2025-02-17 12:45:00,Short,2898.12,2902.72,0.38,2903.32,Opposite Signal,-174.8,18690.77
2287,2025-02-17 12:45:00,2025-02-17 14:00:00,Long,2902.72,2897.0,0.34,2897.0,Stop Loss,-194.41,18496.35
2288,2025-02-17 14:00:00,2025-02-17 16:30:00,Short,2897.49,2899.8,0.37,2902.86,Opposite Signal,-85.47,18410.88
2289,2025-02-17 16:30:00,2025-02-17 17:15:00,Long,2899.8,2899.51,0.44,2895.33,Opposite Signal,-12.76,18398.12
2290,2025-02-17 17:15:00,2025-02-18 01:45:00,Short,2899.51,2899.2,0.4,2904.48,Opposite Signal,12.4,18410.52
2291,2025-02-18 01:45:00,2025-02-18 03:00:00,Long,2899.2,2896.61,0.77,2896.61,Stop Loss,-199.42,18211.11
2292,2025-02-18 03:00:00,2025-02-18 04:00:00,Short,2896.9,2898.16,0.69,2899.79,Opposite Signal,-86.94,18124.17
2293,2025-02-18 04:00:00,2025-02-18 05:00:00,Long (Partial 50%),2898.16,2905.54,0.27,2898.16,Partial TP 1:2,199.36,18323.53
2293,2025-02-18 04:00:00,2025-02-18 07:45:00,Long,2898.16,2910.45,0.27,2910.45,Stop Loss,331.73,18655.26
2294,2025-02-18 10:15:00,2025-02-18 12:45:00,Short,2910.51,2911.25,0.44,2914.96,Opposite Signal,-32.56,18622.7
2295,2025-02-18 12:45:00,2025-02-18 15:00:00,Long,2911.25,2914.46,0.47,2907.0,Opposite Signal,150.87,18773.57
2296,2025-02-18 15:00:00,2025-02-18 15:15:00,Short,2914.46,2917.64,0.45,2918.87,Opposite Signal,-143.1,18630.47
2297,2025-02-18 15:15:00,2025-02-18 16:45:00,Long (Partial 50%),2917.64,2926.89,0.21,2917.64,Partial TP 1:2,194.17,18824.64
2297,2025-02-18 15:15:00,2025-02-18 17:30:00,Long,2917.64,2925.34,0.22,2925.34,Stop Loss,169.38,18994.02
2298,2025-02-18 22:30:00,2025-02-19 03:00:00,Short,2933.97,2932.56,0.58,2937.39,Opposite Signal,81.78,19075.8
2299,2025-02-19 03:00:00,2025-02-19 03:45:00,Long (Partial 50%),2932.56,2939.41,0.28,2932.56,Partial TP 1:2,191.7,19267.5
2299,2025-02-19 03:00:00,2025-02-19 04:30:00,Long,2932.56,2933.93,0.29,2933.93,Stop Loss,39.81,19307.3
2300,2025-02-19 04:30:00,2025-02-19 07:30:00,Short,2932.02,2931.61,0.45,2936.46,Opposite Signal,18.45,19325.75
2301,2025-02-19 07:30:00,2025-02-19 08:45:00,Long,2931.61,2931.67,0.49,2927.6,Opposite Signal,2.94,19328.69
2302,2025-02-19 08:45:00,2025-02-19 09:15:00,Short,2931.67,2934.43,0.48,2935.75,Opposite Signal,-132.48,19196.21
2303,2025-02-19 09:15:00,2025-02-19 11:15:00,Long (Partial 50%),2934.43,2942.82,0.23,2934.43,Partial TP 1:2,193.07,19389.28
2303,2025-02-19 09:15:00,2025-02-19 13:30:00,Long,2934.43,2942.4,0.23,2942.4,Stop Loss,183.32,19572.6
2304,2025-02-19 13:30:00,2025-02-19 14:00:00,Short (Partial 50%),2941.18,2932.46,0.22,2941.18,Partial TP 1:2,191.89,19764.49
2304,2025-02-19 13:30:00,2025-02-19 15:00:00,Short,2941.18,2936.93,0.23,2936.93,Stop Loss,97.86,19862.36
2305,2025-02-19 15:00:00,2025-02-19 15:45:00,Long,2939.97,2933.96,0.33,2933.96,Stop Loss,-198.23,19664.13
2306,2025-02-19 15:45:00,2025-02-19 18:00:00,Short (Partial 50%),2936.28,2923.04,0.15,2936.28,Partial TP 1:2,198.54,19862.67
2306,2025-02-19 15:45:00,2025-02-19 20:30:00,Short,2936.28,2924.36,0.15,2924.36,Stop Loss,178.77,20041.44
2307,2025-02-19 20:30:00,2025-02-19 23:30:00,Long,2924.94,2932.98,0.28,2917.94,Opposite Signal,225.12,20266.56
2308,2025-02-19 23:30:00,2025-02-20 02:00:00,Short,2932.98,2937.76,0.41,2937.76,Stop Loss,-195.97,20070.59
2309,2025-02-20 02:00:00,2025-02-20 03:15:00,Long,2939.08,2936.54,0.47,2934.83,Opposite Signal,-119.38,19951.21
2310,2025-02-20 03:15:00,2025-02-20 04:45:00,Short,2936.54,2940.97,0.45,2940.97,Stop Loss,-199.49,19751.71
2311,2025-02-20 04:45:00,2025-02-20 06:45:00,Long,2940.98,2939.88,0.4,2936.09,Opposite Signal,-44.0,19707.71
2312,2025-02-20 06:45:00,2025-02-20 07:00:00,Short,2939.88,2943.03,0.51,2943.73,Opposite Signal,-160.65,19547.06
2313,2025-02-20 07:00:00,2025-02-20 09:30:00,Long (Partial 50%),2943.03,2951.18,0.24,2943.03,Partial TP 1:2,195.5,19742.56
2313,2025-02-20 07:00:00,2025-02-20 11:30:00,Long,2943.03,2951.51,0.25,2951.51,Stop Loss,211.88,19954.44
2314,2025-02-20 11:30:00,2025-02-20 12:00:00,Short,2950.55,2954.16,0.47,2954.78,Opposite Signal,-169.67,19784.77
2315,2025-02-20 12:00:00,2025-02-20 12:30:00,Long,2954.16,2949.84,0.46,2949.84,Stop Loss,-198.59,19586.18
2316,2025-02-20 13:00:00,2025-02-20 14:15:00,Short (Partial 50%),2951.13,2942.35,0.22,2951.13,Partial TP 1:2,193.07,19779.24
2316,2025-02-20 13:00:00,2025-02-20 14:45:00,Short,2951.13,2945.55,0.23,2947.97,Opposite Signal,128.34,19907.58
2317,2025-02-20 14:45:00,2025-02-20 15:30:00,Long,2945.55,2940.0,0.36,2940.0,Stop Loss,-199.76,19707.83
2318,2025-02-20 15:30:00,2025-02-20 16:00:00,Short (Partial 50%),2939.94,2926.76,0.15,2939.94,Partial TP 1:2,197.63,19905.45
2318,2025-02-20 15:30:00,2025-02-20 16:30:00,Short,2939.94,2934.75,0.15,2934.75,Stop Loss,77.88,19983.33
2319,2025-02-20 16:30:00,2025-02-20 19:45:00,Long,2939.25,2940.43,0.22,2930.47,Opposite Signal,25.96,20009.29
2320,2025-02-20 19:45:00,2025-02-20 23:15:00,Short,2940.43,2939.67,0.26,2947.84,Opposite Signal,19.76,20029.05
2321,2025-02-20 23:15:00,2025-02-21 02:15:00,Long,2939.67,2938.56,0.44,2935.15,Opposite Signal,-48.84,19980.21
2322,2025-02-21 02:15:00,2025-02-21 03:00:00,Short,2938.56,2942.68,0.48,2942.68,Stop Loss,-197.53,19782.69
2323,2025-02-21 03:00:00,2025-02-21 03:30:00,Long,2945.97,2941.47,0.44,2941.47,Stop Loss,-197.93,19584.76
2324,2025-02-21 03:30:00,2025-02-21 04:00:00,Short,2936.37,2938.32,0.34,2942.12,Opposite Signal,-66.3,19518.46
2325,2025-02-21 04:00:00,2025-02-21 05:00:00,Long,2938.32,2930.45,0.25,2930.45,Stop Loss,-196.67,19321.79
2326,2025-02-21 05:00:00,2025-02-21 09:00:00,Short,2932.59,2931.71,0.26,2940.12,Opposite Signal,22.88,19344.67
2327,2025-02-21 09:00:00,2025-02-21 10:00:00,Long,2931.71,2925.91,0.34,2925.91,Stop Loss,-197.04,19147.64
2328,2025-02-21 10:00:00,2025-02-21 10:45:00,Short,2923.83,2923.74,0.34,2929.71,Opposite Signal,3.06,19150.7
2329,2025-02-21 10:45:00,2025-02-21 13:30:00,Long,2923.74,2931.78,0.31,2917.39,Opposite Signal,249.24,19399.94
2330,2025-02-21 13:30:00,2025-02-21 14:15:00,Short,2931.78,2933.21,0.35,2937.45,Opposite Signal,-50.05,19349.89
2331,2025-02-21 14:15:00,2025-02-21 14:45:00,Long,2933.21,2930.11,0.35,2927.61,Opposite Signal,-108.5,19241.39
2332,2025-02-21 14:45:00,2025-02-21 16:15:00,Short,2930.11,2935.42,0.36,2935.62,Opposite Signal,-191.16,19050.23
2333,2025-02-21 16:15:00,2025-02-21 16:30:00,Long,2935.42,2929.72,0.35,2929.72,Stop Loss,-199.44,18850.79
2334,2025-02-21 16:30:00,2025-02-21 16:45:00,Short,2929.67,2935.92,0.32,2935.92,Stop Loss,-199.87,18650.92
2335,2025-02-21 18:00:00,2025-02-21 21:30:00,Long,2931.31,2937.58,0.26,2923.69,Opposite Signal,163.02,18813.94
2336,2025-02-21 21:30:00,2025-02-21 23:30:00,Short,2937.58,2937.54,0.4,2942.55,Opposite Signal,1.6,18815.54
2337,2025-02-21 23:30:00,2025-02-24 02:30:00,Long,2937.54,2934.67,0.43,2932.9,Opposite Signal,-123.41,18692.13
2338,2025-02-24 02:30:00,2025-02-24 03:00:00,Short (Partial 50%),2934.67,2925.98,0.23,2934.67,Partial TP 1:2,199.9,18892.04
2338,2025-02-24 02:30:00,2025-02-24 03:30:00,Short,2934.67,2929.53,0.23,2929.53,Stop Loss,118.11,19010.15
2339,2025-02-24 03:30:00,2025-02-24 05:00:00,Long (Partial 50%),2929.18,2941.07,0.16,2929.18,Partial TP 1:2,190.18,19200.34
2339,2025-02-24 03:30:00,2025-02-24 07:30:00,Long,2929.18,2937.99,0.17,2937.99,Stop Loss,149.8,19350.13
2340,2025-02-24 07:45:00,2025-02-24 08:15:00,Short,2936.23,2941.55,0.37,2941.55,Stop Loss,-196.89,19153.24
2341,2025-02-24 08:15:00,2025-02-24 10:30:00,Long,2939.78,2940.31,0.35,2934.15,Opposite Signal,18.55,19171.79
2342,2025-02-24 10:30:00,2025-02-24 10:45:00,Short,2940.31,2945.42,0.39,2945.42,Stop Loss,-199.44,18972.34
2343,2025-02-24 10:45:00,2025-02-24 12:15:00,Long,2946.21,2942.03,0.34,2940.35,Opposite Signal,-142.12,18830.22
2344,2025-02-24 12:15:00,2025-02-24 13:15:00,Short,2942.03,2942.22,0.41,2946.81,Opposite Signal,-7.79,18822.43
2345,2025-02-24 13:15:00,2025-02-24 15:45:00,Long (Partial 50%),2942.22,2952.44,0.19,2942.22,Partial TP 1:2,194.15,19016.58
2345,2025-02-24 13:15:00,2025-02-24 16:00:00,Long,2942.22,2950.52,0.2,2946.71,Opposite Signal,166.0,19182.58
2346,2025-02-24 16:00:00,2025-02-24 16:30:00,Short (Partial 50%),2950.52,2939.09,0.17,2950.52,Partial TP 1:2,194.31,19376.89
2346,2025-02-24 16:00:00,2025-02-24 18:00:00,Short,2950.52,2940.92,0.17,2940.92,Stop Loss,163.13,19540.02
2347,2025-02-24 18:00:00,2025-02-25 01:00:00,Long,2942.48,2949.97,0.25,2934.61,Opposite Signal,187.25,19727.27
2348,2025-02-25 01:00:00,2025-02-25 03:00:00,Short,2949.97,2951.33,0.55,2953.61,Opposite Signal,-74.8,19652.47
2349,2025-02-25 03:00:00,2025-02-25 03:30:00,Long,2951.33,2947.67,0.54,2947.67,Stop Loss,-197.57,19454.9
2350,2025-02-25 03:30:00,2025-02-25 04:15:00,Short,2947.29,2951.46,0.47,2951.46,Stop Loss,-196.17,19258.73
2351,2025-02-25 04:30:00,2025-02-25 05:15:00,Long,2950.46,2946.45,0.49,2946.45,Stop Loss,-196.59,19062.15
2352,2025-02-25 05:15:00,2025-02-25 06:00:00,Short (Partial 50%),2944.85,2936.46,0.23,2944.85,Partial TP 1:2,192.92,19255.07
2352,2025-02-25 05:15:00,2025-02-25 07:30:00,Short,2944.85,2939.7,0.23,2939.7,Stop Loss,118.45,19373.52
2353,2025-02-25 09:00:00,2025-02-25 09:30:00,Long,2939.02,2934.48,0.44,2934.48,Stop Loss,-199.77,19173.75
2354,2025-02-25 09:30:00,2025-02-25 10:30:00,Short,2933.9,2938.79,0.4,2938.79,Stop Loss,-195.7,18978.06
2355,2025-02-25 10:30:00,2025-02-25 12:45:00,Long,2940.77,2937.43,0.35,2935.11,Opposite Signal,-116.9,18861.16
2356,2025-02-25 12:45:00,2025-02-25 14:30:00,Short (Partial 50%),2937.43,2927.73,0.2,2937.43,Partial TP 1:2,193.92,19055.07
2356,2025-02-25 12:45:00,2025-02-25 15:00:00,Short,2937.43,2931.14,0.2,2932.84,Opposite Signal,125.8,19180.87
2357,2025-02-25 15:00:00,2025-02-25 16:30:00,Long (Partial 50%),2931.14,2944.47,0.15,2931.14,Partial TP 1:2,199.92,19380.79
2357,2025-02-25 15:00:00,2025-02-25 16:45:00,Long,2931.14,2932.48,0.15,2931.14,Opposite Signal,20.1,19400.89
2358,2025-02-25 16:45:00,2025-02-25 17:15:00,Short (Partial 50%),2932.48,2917.45,0.13,2932.48,Partial TP 1:2,195.41,19596.3
2358,2025-02-25 16:45:00,2025-02-25 19:30:00,Short,2932.48,2903.04,0.13,2903.04,Stop Loss,382.75,19979.05
2359,2025-02-25 19:30:00,2025-02-26 02:00:00,Long (Partial 50%),2903.19,2924.03,0.09,2903.19,Partial TP 1:2,187.52,20166.56
2359,2025-02-25 19:30:00,2025-02-26 03:30:00,Long,2903.19,2923.87,0.1,2923.87,Stop Loss,206.84,20373.4
2360,2025-02-26 03:45:00,2025-02-26 07:15:00,Short,2917.86,2919.82,0.3,2924.42,Opposite Signal,-58.8,20314.6
2361,2025-02-26 07:15:00,2025-02-26 07:30:00,Long,2919.82,2915.99,0.36,2914.36,Opposite Signal,-137.88,20176.72
2362,2025-02-26 07:30:00,2025-02-26 09:00:00,Short,2915.99,2911.6,0.34,2921.71,Opposite Signal,149.26,20325.98
2363,2025-02-26 09:00:00,2025-02-26 11:30:00,Long,2911.6,2913.36,0.31,2905.3,Opposite Signal,54.56,20380.54
2364,2025-02-26 11:30:00,2025-02-26 16:00:00,Short (Partial 50%),2913.36,2901.79,0.17,2913.36,Partial TP 1:2,196.71,20577.25
2364,2025-02-26 11:30:00,2025-02-26 16:45:00,Short,2913.36,2899.4,0.17,2899.4,Stop Loss,237.35,20814.61
2365,2025-02-26 16:45:00,2025-02-26 23:00:00,Long (Partial 50%),2901.32,2917.11,0.12,2901.32,Partial TP 1:2,189.53,21004.14
2365,2025-02-26 16:45:00,2025-02-27 02:15:00,Long,2901.32,2917.39,0.13,2917.39,Stop Loss,208.9,21213.04
2366,2025-02-27 02:30:00,2025-02-27 04:45:00,Short (Partial 50%),2916.31,2909.55,0.29,2916.31,Partial TP 1:2,195.99,21409.03
2366,2025-02-27 02:30:00,2025-02-27 08:00:00,Short,2916.31,2894.71,0.3,2894.71,Stop Loss,648.12,22057.15
2367,2025-02-27 08:15:00,2025-02-27 09:15:00,Long,2895.13,2892.01,0.32,2889.05,Opposite Signal,-99.84,21957.31
2368,2025-02-27 09:15:00,2025-02-27 11:00:00,Short (Partial 50%),2892.01,2879.41,0.15,2892.01,Partial TP 1:2,188.99,22146.29
2368,2025-02-27 09:15:00,2025-02-27 11:15:00,Short,2892.01,2892.01,0.16,2892.01,Stop Loss,0.0,22146.29
2369,2025-02-27 13:15:00,2025-02-27 15:45:00,Short,2888.68,2889.58,0.25,2896.52,Opposite Signal,-22.5,22123.79
2370,2025-02-27 15:45:00,2025-02-27 16:30:00,Long,2889.58,2881.26,0.24,2881.26,Stop Loss,-199.67,21924.12
2371,2025-02-27 16:30:00,2025-02-27 19:15:00,Short,2881.81,2880.79,0.22,2890.74,Opposite Signal,22.44,21946.56
2372,2025-02-27 19:15:00,2025-02-27 21:30:00,Long,2880.79,2880.15,0.23,2872.36,Opposite Signal,-14.72,21931.84
2373,2025-02-27 21:30:00,2025-02-28 02:15:00,Short,2880.15,2879.05,0.3,2886.78,Opposite Signal,33.0,21964.84
2374,2025-02-28 02:15:00,2025-02-28 03:45:00,Long,2879.05,2874.51,0.44,2874.51,Stop Loss,-199.66,21765.19
2375,2025-02-28 03:45:00,2025-02-28 06:00:00,Short (Partial 50%),2874.67,2863.42,0.17,2874.67,Partial TP 1:2,191.26,21956.45
2375,2025-02-28 03:45:00,2025-02-28 06:45:00,Short,2874.67,2864.34,0.17,2864.34,Stop Loss,175.64,22132.08
2376,2025-02-28 07:30:00,2025-02-28 09:15:00,Long,2864.41,2858.47,0.33,2858.47,Stop Loss,-195.86,21936.22
2377,2025-02-28 09:15:00,2025-02-28 10:45:00,Short,2859.12,2855.92,0.37,2864.52,Opposite Signal,118.4,22054.62
2378,2025-02-28 10:45:00,2025-02-28 14:30:00,Long,2855.92,2856.24,0.34,2850.09,Opposite Signal,10.88,22065.5
2379,2025-02-28 14:30:00,2025-02-28 15:00:00,Short,2856.24,2861.04,0.37,2861.57,Opposite Signal,-177.6,21887.9
2380,2025-02-28 15:00:00,2025-02-28 15:15:00,Long,2861.04,2855.51,0.36,2855.51,Stop Loss,-199.17,21688.73
2381,2025-02-28 15:15:00,2025-02-28 16:00:00,Short (Partial 50%),2857.02,2844.59,0.16,2857.02,Partial TP 1:2,198.89,21887.62
2381,2025-02-28 15:15:00,2025-02-28 17:00:00,Short,2857.02,2839.7,0.16,2839.7,Stop Loss,277.09,22164.71
2382,2025-02-28 17:15:00,2025-02-28 19:30:00,Long,2842.32,2845.19,0.22,2833.37,Opposite Signal,63.14,22227.85
2383,2025-02-28 19:30:00,2025-02-28 20:30:00,Short,2845.19,2845.95,0.26,2852.68,Opposite Signal,-19.76,22208.09
2384,2025-02-28 20:30:00,2025-03-03 01:00:00,Long (Partial 50%),2845.95,2861.73,0.12,2845.95,Partial TP 1:2,189.38,22397.47
2384,2025-02-28 20:30:00,2025-03-03 01:45:00,Long,2845.95,2866.14,0.13,2866.14,Stop Loss,262.43,22659.9
2385,2025-03-03 02:45:00,2025-03-03 03:15:00,Short,2865.67,2870.97,0.27,2872.98,Opposite Signal,-143.1,22516.8
2386,2025-03-03 03:15:00,2025-03-03 05:00:00,Long,2870.97,2863.63,0.27,2863.63,Stop Loss,-198.3,22318.51
2387,2025-03-03 05:00:00,2025-03-03 06:30:00,Short,2862.8,2867.83,0.33,2868.76,Opposite Signal,-165.99,22152.52
2388,2025-03-03 06:30:00,2025-03-03 07:30:00,Long,2867.83,2862.64,0.38,2862.64,Stop Loss,-197.26,21955.25
2389,2025-03-03 07:30:00,2025-03-03 10:30:00,Short,2862.52,2864.95,0.43,2867.14,Opposite Signal,-104.49,21850.76
2390,2025-03-03 10:30:00,2025-03-03 11:30:00,Long,2864.95,2864.52,0.37,2859.55,Opposite Signal,-15.91,21834.85
2391,2025-03-03 11:30:00,2025-03-03 12:00:00,Short,2864.52,2868.32,0.36,2869.97,Opposite Signal,-136.8,21698.05
2392,2025-03-03 12:00:00,2025-03-03 15:15:00,Long,2868.32,2871.01,0.36,2862.89,Opposite Signal,96.84,21794.89
2393,2025-03-03 15:15:00,2025-03-03 16:30:00,Short,2871.01,2876.45,0.36,2876.45,Stop Loss,-195.87,21599.02
2394,2025-03-03 16:30:00,2025-03-03 17:30:00,Long (Partial 50%),2877.99,2890.33,0.16,2877.99,Partial TP 1:2,197.46,21796.48
2394,2025-03-03 16:30:00,2025-03-03 19:15:00,Long,2877.99,2887.98,0.16,2887.98,Stop Loss,159.84,21956.31
2395,2025-03-03 20:30:00,2025-03-03 22:45:00,Short,2887.33,2890.53,0.33,2893.36,Opposite Signal,-105.6,21850.71
2396,2025-03-03 22:45:00,2025-03-04 03:00:00,Long,2890.53,2883.8,0.29,2883.8,Stop Loss,-195.3,21655.41
2397,2025-03-04 03:00:00,2025-03-04 03:45:00,Short,2884.39,2888.19,0.35,2889.98,Opposite Signal,-133.0,21522.41
2398,2025-03-04 03:45:00,2025-03-04 06:00:00,Long,2888.19,2887.27,0.35,2882.5,Opposite Signal,-32.2,21490.21
2399,2025-03-04 06:00:00,2025-03-04 06:30:00,Short,2887.27,2891.93,0.38,2892.44,Opposite Signal,-177.08,21313.13
2400,2025-03-04 06:30:00,2025-03-04 08:00:00,Long,2891.93,2887.88,0.4,2886.94,Opposite Signal,-162.0,21151.13
2401,2025-03-04 08:00:00,2025-03-04 09:00:00,Short,2887.88,2891.34,0.45,2892.25,Opposite Signal,-155.7,20995.43
2402,2025-03-04 09:00:00,2025-03-04 09:15:00,Long (Partial 50%),2891.34,2900.81,0.21,2891.34,Partial TP 1:2,198.84,21194.27
2402,2025-03-04 09:00:00,2025-03-04 12:00:00,Long,2891.34,2914.9,0.21,2914.9,Stop Loss,494.74,21689.01
2403,2025-03-04 12:30:00,2025-03-04 13:30:00,Short,2914.38,2918.9,0.29,2921.11,Opposite Signal,-131.08,21557.93
2404,2025-03-04 13:30:00,2025-03-04 15:15:00,Long,2918.9,2921.64,0.33,2913.01,Opposite Signal,90.42,21648.35
2405,2025-03-04 15:15:00,2025-03-04 16:30:00,Short (Partial 50%),2921.64,2909.14,0.16,2921.64,Partial TP 1:2,199.92,21848.27
2405,2025-03-04 15:15:00,2025-03-04 17:00:00,Short,2921.64,2908.83,0.16,2908.83,Stop Loss,204.95,22053.22
2406,2025-03-04 17:00:00,2025-03-04 17:15:00,Long,2911.08,2902.01,0.22,2902.01,Stop Loss,-199.51,21853.72
2407,2025-03-04 20:30:00,2025-03-04 21:30:00,Short,2908.77,2914.24,0.29,2915.45,Opposite Signal,-158.63,21695.09
2408,2025-03-04 21:30:00,2025-03-05 01:30:00,Long,2914.24,2914.84,0.34,2908.38,Opposite Signal,20.4,21715.49
2409,2025-03-05 01:30:00,2025-03-05 03:00:00,Short (Partial 50%),2914.84,2906.29,0.23,2914.84,Partial TP 1:2,196.73,21912.21
2409,2025-03-05 01:30:00,2025-03-05 04:00:00,Short,2914.84,2910.89,0.23,2910.89,Stop Loss,90.81,22003.03
2410,2025-03-05 04:00:00,2025-03-05 04:15:00,Long,2911.27,2906.98,0.33,2905.31,Opposite Signal,-141.57,21861.46
2411,2025-03-05 04:15:00,2025-03-05 05:15:00,Short,2906.98,2910.48,0.3,2913.47,Opposite Signal,-105.0,21756.46
2412,2025-03-05 05:15:00,2025-03-05 09:15:00,Long,2910.48,2915.75,0.28,2903.5,Opposite Signal,147.56,21904.02
2413,2025-03-05 09:15:00,2025-03-05 10:00:00,Short,2915.75,2921.17,0.36,2921.17,Stop Loss,-195.27,21708.74
2414,2025-03-05 10:00:00,2025-03-05 11:15:00,Long,2921.22,2915.51,0.35,2915.51,Stop Loss,-199.96,21508.78
2415,2025-03-05 11:15:00,2025-03-05 14:00:00,Short,2916.3,2917.82,0.35,2921.91,Opposite Signal,-53.2,21455.58
2416,2025-03-05 14:00:00,2025-03-05 15:00:00,Long,2917.82,2913.41,0.33,2911.9,Opposite Signal,-145.53,21310.05
2417,2025-03-05 15:00:00,2025-03-05 15:30:00,Short (Partial 50%),2913.41,2901.72,0.17,2913.41,Partial TP 1:2,198.77,21508.82
2417,2025-03-05 15:00:00,2025-03-05 16:00:00,Short,2913.41,2905.53,0.17,2905.53,Stop Loss,133.98,21642.8
2418,2025-03-05 16:15:00,2025-03-05 17:30:00,Long (Partial 50%),2905.03,2923.02,0.11,2905.03,Partial TP 1:2,197.88,21840.68
2418,2025-03-05 16:15:00,2025-03-05 19:00:00,Long,2905.03,2921.32,0.11,2921.32,Stop Loss,179.21,22019.89
2419,2025-03-05 19:00:00,2025-03-05 22:00:00,Short,2921.31,2921.18,0.19,2931.35,Opposite Signal,2.47,22022.36
2420,2025-03-05 22:00:00,2025-03-05 23:30:00,Long,2921.18,2918.17,0.32,2915.09,Opposite Signal,-96.32,21926.04
2421,2025-03-05 23:30:00,2025-03-06 03:15:00,Short,2918.17,2918.89,0.42,2922.87,Opposite Signal,-30.24,21895.8
2422,2025-03-06 03:15:00,2025-03-06 03:45:00,Long (Partial 50%),2918.89,2925.46,0.3,2918.89,Partial TP 1:2,197.18,22092.99
2422,2025-03-06 03:15:00,2025-03-06 05:00:00,Long,2918.89,2923.2,0.3,2923.2,Stop Loss,129.35,22222.33
2423,2025-03-06 05:15:00,2025-03-06 07:00:00,Short (Partial 50%),2922.94,2915.85,0.28,2922.94,Partial TP 1:2,198.63,22420.97
2423,2025-03-06 05:15:00,2025-03-06 07:30:00,Short,2922.94,2918.48,0.28,2918.48,Stop Loss,124.77,22545.73
2424,2025-03-06 07:30:00,2025-03-06 09:15:00,Long,2918.81,2916.02,0.55,2915.2,Opposite Signal,-153.45,22392.28
2425,2025-03-06 09:15:00,2025-03-06 10:00:00,Short (Partial 50%),2916.02,2906.96,0.22,2916.02,Partial TP 1:2,199.39,22591.67
2425,2025-03-06 09:15:00,2025-03-06 12:15:00,Short,2916.02,2898.97,0.22,2898.97,Stop Loss,375.15,22966.82
2426,2025-03-06 12:15:00,2025-03-06 16:30:00,Long (Partial 50%),2899.5,2913.89,0.13,2899.5,Partial TP 1:2,187.09,23153.91
2426,2025-03-06 12:15:00,2025-03-06 17:15:00,Long,2899.5,2911.04,0.14,2911.04,Stop Loss,161.61,23315.52
2427,2025-03-06 19:45:00,2025-03-07 02:00:00,Short (Partial 50%),2915.37,2901.5,0.14,2915.37,Partial TP 1:2,194.13,23509.64
2427,2025-03-06 19:45:00,2025-03-07 02:30:00,Short,2915.37,2905.13,0.14,2906.67,Opposite Signal,143.36,23653.0
2428,2025-03-07 02:30:00,2025-03-07 04:00:00,Long,2905.13,2903.78,0.31,2898.7,Opposite Signal,-41.85,23611.15
2429,2025-03-07 04:00:00,2025-03-07 07:00:00,Short,2903.78,2908.62,0.28,2910.86,Opposite Signal,-135.52,23475.63
2430,2025-03-07 07:00:00,2025-03-07 10:00:00,Long (Partial 50%),2908.62,2918.0,0.21,2908.62,Partial TP 1:2,196.93,23672.56
2430,2025-03-07 07:00:00,2025-03-07 12:00:00,Long,2908.62,2919.63,0.21,2919.63,Stop Loss,231.26,23903.82
2431,2025-03-07 12:15:00,2025-03-07 13:00:00,Short,2919.16,2921.58,0.49,2923.2,Opposite Signal,-118.58,23785.24
2432,2025-03-07 13:00:00,2025-03-07 13:45:00,Long,2921.58,2917.17,0.45,2917.17,Stop Loss,-198.63,23586.61
2433,2025-03-07 14:45:00,2025-03-07 15:15:00,Short (Partial 50%),2918.77,2910.14,0.23,2918.77,Partial TP 1:2,198.4,23785.02
2433,2025-03-07 14:45:00,2025-03-07 15:30:00,Short,2918.77,2918.77,0.23,2918.77,Stop Loss,0.0,23785.02
2434,2025-03-07 15:30:00,2025-03-07 15:45:00,Long,2922.87,2915.75,0.28,2915.75,Stop Loss,-199.41,23585.61
2435,2025-03-07 15:45:00,2025-03-07 16:30:00,Short,2913.82,2921.75,0.25,2921.75,Stop Loss,-198.27,23387.34
2436,2025-03-07 16:30:00,2025-03-07 17:30:00,Long,2919.64,2914.43,0.22,2910.83,Opposite Signal,-114.62,23272.72
2437,2025-03-07 17:30:00,2025-03-07 23:00:00,Short,2914.43,2910.53,0.19,2924.78,Opposite Signal,74.1,23346.82
2438,2025-03-07 23:00:00,2025-03-10 04:15:00,Long,2910.53,2914.08,0.34,2904.76,Opposite Signal,120.7,23467.52
2439,2025-03-10 04:15:00,2025-03-10 09:00:00,Short,2914.08,2910.68,0.42,2918.75,Opposite Signal,142.8,23610.32
2440,2025-03-10 09:00:00,2025-03-10 10:45:00,Long,2910.68,2906.39,0.46,2906.39,Stop Loss,-197.26,23413.06
2441,2025-03-10 10:45:00,2025-03-10 11:45:00,Short (Partial 50%),2908.3,2897.79,0.19,2908.3,Partial TP 1:2,199.65,23612.71
2441,2025-03-10 10:45:00,2025-03-10 12:00:00,Short,2908.3,2908.3,0.19,2908.3,Stop Loss,0.0,23612.71
2442,2025-03-10 12:00:00,2025-03-10 13:15:00,Long,2908.57,2903.0,0.29,2901.68,Opposite Signal,-161.53,23451.18
2443,2025-03-10 13:15:00,2025-03-10 14:45:00,Short,2903.0,2904.09,0.27,2910.28,Opposite Signal,-29.43,23421.75
2444,2025-03-10 14:45:00,2025-03-10 16:15:00,Long,2904.09,2901.57,0.26,2896.47,Opposite Signal,-65.52,23356.23
2445,2025-03-10 16:15:00,2025-03-10 17:00:00,Short,2901.57,2907.98,0.27,2908.82,Opposite Signal,-173.07,23183.16
2446,2025-03-10 17:00:00,2025-03-10 19:30:00,Long,2907.98,2900.9,0.25,2900.13,Opposite Signal,-177.0,23006.16
2447,2025-03-10 19:30:00,2025-03-10 20:30:00,Short (Partial 50%),2900.9,2886.32,0.13,2900.9,Partial TP 1:2,189.59,23195.76
2447,2025-03-10 19:30:00,2025-03-10 21:45:00,Short,2900.9,2888.62,0.14,2888.62,Stop Loss,171.96,23367.72
2448,2025-03-10 23:45:00,2025-03-11 02:15:00,Long,2888.93,2883.99,0.29,2882.19,Opposite Signal,-143.26,23224.46
2449,2025-03-11 02:15:00,2025-03-11 03:00:00,Short,2883.99,2886.99,0.39,2889.11,Opposite Signal,-117.0,23107.46
2450,2025-03-11 03:00:00,2025-03-11 04:00:00,Long,2886.99,2882.25,0.42,2882.25,Stop Loss,-199.17,22908.29
2451,2025-03-11 09:00:00,2025-03-11 09:15:00,Short,2895.03,2897.8,0.51,2898.94,Opposite Signal,-141.27,22767.02
2452,2025-03-11 09:15:00,2025-03-11 11:15:00,Long (Partial 50%),2897.8,2906.17,0.23,2897.8,Partial TP 1:2,192.62,22959.64
2452,2025-03-11 09:15:00,2025-03-11 14:00:00,Long,2897.8,2911.38,0.23,2911.38,Stop Loss,312.43,23272.07
2453,2025-03-11 16:00:00,2025-03-11 16:15:00,Short,2907.78,2911.22,0.39,2912.82,Opposite Signal,-134.16,23137.91
2454,2025-03-11 16:15:00,2025-03-11 16:45:00,Long (Partial 50%),2911.22,2921.92,0.18,2911.22,Partial TP 1:2,192.65,23330.56
2454,2025-03-11 16:15:00,2025-03-11 17:30:00,Long,2911.22,2914.31,0.19,2914.31,Stop Loss,58.72,23389.27
2455,2025-03-11 17:30:00,2025-03-11 18:00:00,Short,2915.15,2919.32,0.28,2922.08,Opposite Signal,-116.76,23272.51
2456,2025-03-11 18:00:00,2025-03-11 23:00:00,Long,2919.32,2915.76,0.29,2912.44,Opposite Signal,-103.24,23169.27
2457,2025-03-11 23:00:00,2025-03-12 04:15:00,Short,2915.76,2914.61,0.44,2920.23,Opposite Signal,50.6,23219.87
2458,2025-03-12 04:15:00,2025-03-12 06:45:00,Long,2914.61,2914.92,0.54,2910.93,Opposite Signal,16.74,23236.61
2459,2025-03-12 06:45:00,2025-03-12 08:45:00,Short,2914.92,2916.01,0.52,2918.73,Opposite Signal,-56.68,23179.93
2460,2025-03-12 08:45:00,2025-03-12 09:15:00,Long,2916.01,2915.95,0.58,2912.61,Opposite Signal,-3.48,23176.45
2461,2025-03-12 09:15:00,2025-03-12 10:45:00,Short,2915.95,2914.47,0.47,2920.16,Opposite Signal,69.56,23246.01
2462,2025-03-12 10:45:00,2025-03-12 12:00:00,Long (Partial 50%),2914.47,2923.8,0.21,2914.47,Partial TP 1:2,195.97,23441.98
2462,2025-03-12 10:45:00,2025-03-12 12:30:00,Long,2914.47,2916.55,0.21,2916.55,Stop Loss,43.61,23485.59
2463,2025-03-12 12:30:00,2025-03-12 15:30:00,Short,2915.46,2920.8,0.37,2920.8,Stop Loss,-197.46,23288.13
2464,2025-03-12 15:30:00,2025-03-12 16:15:00,Long,2918.89,2913.49,0.37,2913.49,Stop Loss,-199.74,23088.39
2465,2025-03-12 16:15:00,2025-03-12 16:45:00,Short,2910.84,2917.41,0.3,2917.41,Stop Loss,-197.06,22891.33
2466,2025-03-12 16:45:00,2025-03-12 18:45:00,Long (Partial 50%),2915.71,2928.97,0.15,2915.71,Partial TP 1:2,198.9,23090.23
2466,2025-03-12 16:45:00,2025-03-12 21:00:00,Long,2915.71,2935.49,0.15,2935.49,Stop Loss,296.63,23386.86
2467,2025-03-12 21:00:00,2025-03-13 01:00:00,Short,2935.16,2935.14,0.33,2941.05,Opposite Signal,0.66,23387.52
2468,2025-03-13 01:00:00,2025-03-13 02:15:00,Long,2935.14,2935.06,0.47,2930.97,Opposite Signal,-3.76,23383.76
2469,2025-03-13 02:15:00,2025-03-13 02:30:00,Short,2935.06,2938.01,0.51,2938.98,Opposite Signal,-150.45,23233.31
2470,2025-03-13 02:30:00,2025-03-13 04:30:00,Long,2938.01,2937.39,0.48,2933.88,Opposite Signal,-29.76,23203.55
2471,2025-03-13 04:30:00,2025-03-13 05:00:00,Short,2937.39,2940.92,0.56,2940.92,Stop Loss,-197.71,23005.83
2472,2025-03-13 05:00:00,2025-03-13 08:15:00,Long,2941.23,2940.44,0.52,2937.39,Opposite Signal,-41.08,22964.75
2473,2025-03-13 08:15:00,2025-03-13 10:45:00,Short (Partial 50%),2940.44,2933.4,0.28,2940.44,Partial TP 1:2,197.24,23162.0
2473,2025-03-13 08:15:00,2025-03-13 11:00:00,Short,2940.44,2940.44,0.28,2940.44,Stop Loss,0.0,23162.0
2474,2025-03-13 11:00:00,2025-03-13 13:15:00,Long,2941.51,2943.83,0.43,2936.91,Opposite Signal,99.76,23261.76
2475,2025-03-13 13:15:00,2025-03-13 14:00:00,Short,2943.83,2945.75,0.43,2948.38,Opposite Signal,-82.56,23179.2
2476,2025-03-13 14:00:00,2025-03-13 15:15:00,Long,2945.75,2943.23,0.45,2941.32,Opposite Signal,-113.4,23065.8
2477,2025-03-13 15:15:00,2025-03-13 16:30:00,Short,2943.23,2948.09,0.41,2948.09,Stop Loss,-199.07,22866.73
2478,2025-03-13 16:30:00,2025-03-13 17:30:00,Long (Partial 50%),2951.86,2964.96,0.15,2951.86,Partial TP 1:2,196.44,23063.17
2478,2025-03-13 16:30:00,2025-03-13 19:45:00,Long,2951.86,2979.19,0.15,2979.19,Stop Loss,410.0,23473.17
2479,2025-03-13 20:00:00,2025-03-13 21:00:00,Short,2976.98,2983.64,0.24,2985.27,Opposite Signal,-159.84,23313.33
2480,2025-03-13 21:00:00,2025-03-14 01:00:00,Long,2983.64,2983.63,0.27,2976.27,Opposite Signal,-0.27,23313.06
2481,2025-03-14 01:00:00,2025-03-14 01:30:00,Short,2983.63,2989.43,0.34,2989.43,Stop Loss,-197.27,23115.79
2482,2025-03-14 02:15:00,2025-03-14 03:15:00,Long,2988.84,2985.08,0.39,2983.77,Opposite Signal,-146.64,22969.15
2483,2025-03-14 03:15:00,2025-03-14 04:00:00,Short,2985.08,2989.59,0.44,2989.59,Stop Loss,-198.42,22770.73
2484,2025-03-14 04:00:00,2025-03-14 04:15:00,Long,2989.75,2985.06,0.42,2985.06,Stop Loss,-196.86,22573.87
2485,2025-03-14 04:15:00,2025-03-14 04:30:00,Short,2984.06,2987.62,0.38,2989.21,Opposite Signal,-135.28,22438.59
2486,2025-03-14 04:30:00,2025-03-14 05:45:00,Long,2987.62,2984.06,0.35,2982.01,Opposite Signal,-124.6,22313.99
2487,2025-03-14 05:45:00,2025-03-14 06:30:00,Short,2984.06,2987.94,0.4,2988.96,Opposite Signal,-155.2,22158.79
2488,2025-03-14 06:30:00,2025-03-14 07:30:00,Long,2987.94,2988.77,0.43,2983.31,Opposite Signal,35.69,22194.48
2489,2025-03-14 07:30:00,2025-03-14 09:45:00,Short,2988.77,2985.82,0.42,2993.43,Opposite Signal,123.9,22318.38
2490,2025-03-14 09:45:00,2025-03-14 10:15:00,Long,2985.82,2980.92,0.4,2980.92,Stop Loss,-196.19,22122.19
2491,2025-03-14 13:30:00,2025-03-14 14:00:00,Short,2990.08,2996.78,0.29,2996.78,Stop Loss,-194.3,21927.89
2492,2025-03-14 14:00:00,2025-03-14 15:45:00,Long,2997.7,2993.77,0.27,2990.42,Opposite Signal,-106.11,21821.78
2493,2025-03-14 15:45:00,2025-03-14 18:15:00,Short (Partial 50%),2993.77,2979.89,0.14,2993.77,Partial TP 1:2,194.36,22016.15
2493,2025-03-14 15:45:00,2025-03-14 19:00:00,Short,2993.77,2988.25,0.14,2988.8,Opposite Signal,77.28,22093.43
2494,2025-03-14 19:00:00,2025-03-14 21:00:00,Long,2988.25,2985.54,0.24,2980.2,Opposite Signal,-65.04,22028.39
2495,2025-03-14 21:00:00,2025-03-14 23:30:00,Short,2985.54,2988.09,0.35,2991.15,Opposite Signal,-89.25,21939.14
2496,2025-03-14 23:30:00,2025-03-17 01:00:00,Long,2988.09,2983.5,0.43,2983.5,Stop Loss,-197.26,21741.88
2497,2025-03-17 02:45:00,2025-03-17 04:15:00,Short,2989.88,2991.76,0.43,2994.51,Opposite Signal,-80.84,21661.04
2498,2025-03-17 04:15:00,2025-03-17 05:30:00,Long,2991.76,2987.06,0.42,2987.06,Stop Loss,-197.4,21463.64
2499,2025-03-17 05:30:00,2025-03-17 08:45:00,Short,2988.2,2986.0,0.49,2992.25,Opposite Signal,107.8,21571.44
2500,2025-03-17 08:45:00,2025-03-17 10:30:00,Long,2986.0,2986.44,0.6,2982.69,Opposite Signal,26.4,21597.84
2501,2025-03-17 10:30:00,2025-03-17 11:30:00,Short,2986.44,2987.59,0.61,2989.67,Opposite Signal,-70.15,21527.69
2502,2025-03-17 11:30:00,2025-03-17 12:30:00,Long (Partial 50%),2987.59,2994.76,0.27,2987.59,Partial TP 1:2,193.71,21721.4
2502,2025-03-17 11:30:00,2025-03-17 14:30:00,Long,2987.59,2997.92,0.28,2997.92,Stop Loss,289.31,22010.71
2503,2025-03-17 14:45:00,2025-03-17 15:15:00,Short (Partial 50%),2997.46,2989.5,0.25,2997.46,Partial TP 1:2,198.94,22209.65
2503,2025-03-17 14:45:00,2025-03-17 16:45:00,Short,2997.46,2991.34,0.25,2991.34,Stop Loss,153.12,22362.77
2504,2025-03-17 17:00:00,2025-03-17 19:30:00,Long,2993.2,2994.28,0.29,2986.48,Opposite Signal,31.32,22394.09
2505,2025-03-17 19:30:00,2025-03-17 20:15:00,Short,2994.28,2998.24,0.34,3000.08,Opposite Signal,-134.64,22259.45
2506,2025-03-17 20:15:00,2025-03-18 02:45:00,Long,2998.24,2999.68,0.39,2993.13,Opposite Signal,56.16,22315.61
2507,2025-03-18 02:45:00,2025-03-18 03:15:00,Short,2999.68,3002.34,0.75,3002.34,Stop Loss,-199.21,22116.4
2508,2025-03-18 03:15:00,2025-03-18 04:45:00,Long (Partial 50%),3002.2,3008.22,0.33,3002.2,Partial TP 1:2,198.56,22314.97
2508,2025-03-18 03:15:00,2025-03-18 06:30:00,Long,3002.2,3010.24,0.33,3010.24,Stop Loss,265.31,22580.28
2509,2025-03-18 08:15:00,2025-03-18 08:30:00,Short,3007.29,3012.01,0.42,3012.01,Stop Loss,-198.22,22382.06
2510,2025-03-18 08:30:00,2025-03-18 11:15:00,Long (Partial 50%),3013.48,3024.03,0.18,3013.48,Partial TP 1:2,189.85,22571.91
2510,2025-03-18 08:30:00,2025-03-18 12:15:00,Long,3013.48,3023.02,0.19,3023.02,Stop Loss,181.17,22753.08
2511,2025-03-18 12:30:00,2025-03-18 13:00:00,Short,3021.31,3025.12,0.37,3026.67,Opposite Signal,-140.97,22612.11
2512,2025-03-18 13:00:00,2025-03-18 16:00:00,Long (Partial 50%),3025.12,3036.61,0.17,3025.12,Partial TP 1:2,195.37,22807.48
2512,2025-03-18 13:00:00,2025-03-18 16:30:00,Long,3025.12,3031.54,0.17,3031.54,Stop Loss,109.22,22916.7
2513,2025-03-18 16:30:00,2025-03-18 16:45:00,Short,3027.94,3035.03,0.28,3035.03,Stop Loss,-198.4,22718.3
2514,2025-03-18 16:45:00,2025-03-18 17:00:00,Long,3033.19,3025.28,0.25,3025.28,Stop Loss,-197.64,22520.65
2515,2025-03-18 17:00:00,2025-03-18 18:30:00,Short,3025.86,3031.89,0.23,3034.22,Opposite Signal,-138.69,22381.96
2516,2025-03-18 18:30:00,2025-03-18 23:15:00,Long,3031.89,3034.67,0.27,3024.57,Opposite Signal,75.06,22457.02
2517,2025-03-18 23:15:00,2025-03-19 03:15:00,Short,3034.67,3033.35,0.59,3038.03,Opposite Signal,77.88,22534.9
2518,2025-03-19 03:15:00,2025-03-19 03:45:00,Long,3033.35,3031.29,0.68,3030.44,Opposite Signal,-140.08,22394.82
2519,2025-03-19 03:45:00,2025-03-19 05:00:00,Short,3031.29,3031.19,0.69,3034.18,Opposite Signal,6.9,22401.72
2520,2025-03-19 05:00:00,2025-03-19 06:45:00,Long (Partial 50%),3031.19,3037.98,0.28,3031.19,Partial TP 1:2,190.17,22591.89
2520,2025-03-19 05:00:00,2025-03-19 09:00:00,Long,3031.19,3041.65,0.29,3041.65,Stop Loss,303.31,22895.2
2521,2025-03-19 09:00:00,2025-03-19 09:45:00,Short,3038.69,3043.59,0.4,3043.59,Stop Loss,-195.96,22699.24
2522,2025-03-19 09:45:00,2025-03-19 10:45:00,Long,3042.13,3036.38,0.34,3036.38,Stop Loss,-195.63,22503.61
2523,2025-03-19 10:45:00,2025-03-19 12:00:00,Short (Partial 50%),3035.83,3024.58,0.17,3035.83,Partial TP 1:2,191.27,22694.88
2523,2025-03-19 10:45:00,2025-03-19 12:30:00,Short,3035.83,3030.05,0.17,3032.09,Opposite Signal,98.26,22793.14
2524,2025-03-19 12:30:00,2025-03-19 16:00:00,Long,3030.05,3034.52,0.33,3024.16,Opposite Signal,147.51,22940.65
2525,2025-03-19 16:00:00,2025-03-19 18:15:00,Short,3034.52,3031.99,0.38,3039.66,Opposite Signal,96.14,23036.79
2526,2025-03-19 18:15:00,2025-03-19 20:30:00,Long,3031.99,3030.52,0.31,3025.59,Opposite Signal,-45.57,22991.22
2527,2025-03-19 20:30:00,2025-03-19 21:00:00,Short,3030.52,3036.09,0.35,3036.09,Stop Loss,-194.97,22796.25
2528,2025-03-19 21:00:00,2025-03-19 22:00:00,Long (Partial 50%),3038.59,3051.54,0.15,3038.59,Partial TP 1:2,194.23,22990.48
2528,2025-03-19 21:00:00,2025-03-19 22:15:00,Long,3038.59,3042.21,0.15,3038.59,Opposite Signal,54.3,23044.78
2529,2025-03-19 22:15:00,2025-03-19 22:45:00,Short,3042.21,3047.89,0.24,3050.33,Opposite Signal,-136.32,22908.46
2530,2025-03-19 22:45:00,2025-03-20 04:45:00,Long,3047.89,3049.55,0.25,3040.17,Opposite Signal,41.5,22949.96
2531,2025-03-20 04:45:00,2025-03-20 06:45:00,Short,3049.55,3049.9,0.4,3054.48,Opposite Signal,-14.0,22935.96
2532,2025-03-20 06:45:00,2025-03-20 07:45:00,Long,3049.9,3052.29,0.44,3045.44,Opposite Signal,105.16,23041.12
2533,2025-03-20 07:45:00,2025-03-20 10:45:00,Short (Partial 50%),3052.29,3042.22,0.19,3052.29,Partial TP 1:2,191.25,23232.38
2533,2025-03-20 07:45:00,2025-03-20 12:00:00,Short,3052.29,3043.41,0.2,3043.41,Stop Loss,177.61,23409.99
2534,2025-03-20 12:15:00,2025-03-20 13:00:00,Long,3044.56,3039.49,0.39,3039.49,Stop Loss,-197.71,23212.28
2535,2025-03-20 13:00:00,2025-03-20 13:45:00,Short,3034.61,3034.2,0.35,3040.24,Opposite Signal,14.35,23226.63
2536,2025-03-20 13:45:00,2025-03-20 16:00:00,Long,3034.2,3033.27,0.31,3027.83,Opposite Signal,-28.83,23197.8
2537,2025-03-20 16:00:00,2025-03-20 17:30:00,Short,3033.27,3038.39,0.29,3040.16,Opposite Signal,-148.48,23049.32
2538,2025-03-20 17:30:00,2025-03-20 19:30:00,Long,3038.39,3034.94,0.26,3030.77,Opposite Signal,-89.7,22959.62
2539,2025-03-20 19:30:00,2025-03-20 20:30:00,Short,3034.94,3039.32,0.3,3041.44,Opposite Signal,-131.4,22828.22
2540,2025-03-20 20:30:00,2025-03-21 03:15:00,Long,3039.32,3043.65,0.31,3032.87,Opposite Signal,134.23,22962.45
2541,2025-03-21 03:15:00,2025-03-21 04:45:00,Short (Partial 50%),3043.65,3037.38,0.31,3043.65,Partial TP 1:2,194.43,23156.88
2541,2025-03-21 03:15:00,2025-03-21 08:45:00,Short,3043.65,3027.65,0.32,3027.65,Stop Loss,512.02,23668.9
2542,2025-03-21 08:45:00,2025-03-21 11:15:00,Long,3027.97,3028.73,0.44,3023.5,Opposite Signal,33.44,23702.34
2543,2025-03-21 11:15:00,2025-03-21 11:30:00,Short,3028.73,3033.52,0.39,3033.75,Opposite Signal,-186.81,23515.53
2544,2025-03-21 11:30:00,2025-03-21 12:00:00,Long,3033.52,3028.18,0.37,3028.18,Stop Loss,-197.62,23317.92
2545,2025-03-21 12:00:00,2025-03-21 13:00:00,Short,3029.94,3033.0,0.37,3035.32,Opposite Signal,-113.22,23204.7
2546,2025-03-21 13:00:00,2025-03-21 16:15:00,Long,3033.0,3029.78,0.4,3028.09,Opposite Signal,-128.8,23075.9
2547,2025-03-21 16:15:00,2025-03-21 16:30:00,Short (Partial 50%),3029.78,3018.59,0.17,3029.78,Partial TP 1:2,190.28,23266.17
2547,2025-03-21 16:15:00,2025-03-21 17:30:00,Short,3029.78,3009.76,0.17,3009.76,Stop Loss,340.42,23606.59
2548,2025-03-21 17:45:00,2025-03-24 03:15:00,Long,3015.58,3022.6,0.21,3006.21,Opposite Signal,147.42,23754.01
2549,2025-03-24 03:15:00,2025-03-24 04:00:00,Short,3022.6,3023.07,0.56,3026.13,Opposite Signal,-26.32,23727.69
2550,2025-03-24 04:00:00,2025-03-24 05:30:00,Long,3023.07,3018.85,0.47,3018.85,Stop Loss,-198.27,23529.42
2551,2025-03-24 05:30:00,2025-03-24 08:00:00,Short,3017.65,3022.62,0.4,3022.62,Stop Loss,-198.77,23330.65
2552,2025-03-24 08:00:00,2025-03-24 09:00:00,Long,3022.45,3018.2,0.47,3018.2,Stop Loss,-199.85,23130.8
2553,2025-03-24 09:00:00,2025-03-24 09:15:00,Short,3018.39,3022.21,0.47,3022.58,Opposite Signal,-179.54,22951.26
2554,2025-03-24 09:15:00,2025-03-24 10:30:00,Long,3022.21,3022.54,0.44,3017.66,Opposite Signal,14.52,22965.78
2555,2025-03-24 10:30:00,2025-03-24 11:30:00,Short,3022.54,3027.11,0.43,3027.11,Stop Loss,-196.6,22769.18
2556,2025-03-24 11:30:00,2025-03-24 12:30:00,Long,3027.02,3024.74,0.41,3022.19,Opposite Signal,-93.48,22675.7
2557,2025-03-24 12:30:00,2025-03-24 13:00:00,Short,3024.74,3027.71,0.4,3029.63,Opposite Signal,-118.8,22556.9
2558,2025-03-24 13:00:00,2025-03-24 13:45:00,Long,3027.71,3028.13,0.4,3022.78,Opposite Signal,16.8,22573.7
2559,2025-03-24 13:45:00,2025-03-24 16:00:00,Short,3028.13,3027.39,0.37,3033.49,Opposite Signal,27.38,22601.08
2560,2025-03-24 16:00:00,2025-03-24 16:30:00,Long,3027.39,3022.74,0.42,3022.74,Stop Loss,-195.41,22405.68
2561,2025-03-24 16:30:00,2025-03-24 17:30:00,Short (Partial 50%),3022.14,3011.71,0.19,3022.14,Partial TP 1:2,198.17,22603.85
2561,2025-03-24 16:30:00,2025-03-24 18:30:00,Short,3022.14,3014.58,0.19,3014.58,Stop Loss,143.66,22747.51
2562,2025-03-24 18:30:00,2025-03-24 19:30:00,Long,3014.6,3009.28,0.27,3007.25,Opposite Signal,-143.64,22603.87
2563,2025-03-24 19:30:00,2025-03-24 23:15:00,Short,3009.28,3011.45,0.3,3015.84,Opposite Signal,-65.1,22538.77
2564,2025-03-24 23:15:00,2025-03-25 01:30:00,Long,3011.45,3009.61,0.42,3006.77,Opposite Signal,-77.28,22461.49
2565,2025-03-25 01:30:00,2025-03-25 03:45:00,Short,3009.61,3013.49,0.51,3013.49,Stop Loss,-197.85,22263.64
2566,2025-03-25 03:45:00,2025-03-25 04:15:00,Long,3014.3,3010.71,0.55,3010.71,Stop Loss,-197.21,22066.43
2567,2025-03-25 04:45:00,2025-03-25 06:00:00,Short,3011.73,3012.52,0.54,3015.41,Opposite Signal,-42.66,22023.77
2568,2025-03-25 06:00:00,2025-03-25 08:15:00,Long (Partial 50%),3012.52,3020.71,0.24,3012.52,Partial TP 1:2,196.58,22220.35
2568,2025-03-25 06:00:00,2025-03-25 09:00:00,Long,3012.52,3015.93,0.24,3015.93,Stop Loss,81.87,22302.22
2569,2025-03-25 09:00:00,2025-03-25 11:15:00,Short,3016.63,3017.96,0.52,3020.41,Opposite Signal,-69.16,22233.06
2570,2025-03-25 11:15:00,2025-03-25 14:45:00,Long,3017.96,3020.7,0.41,3013.12,Opposite Signal,112.34,22345.4
2571,2025-03-25 14:45:00,2025-03-25 15:45:00,Short,3020.7,3021.74,0.49,3024.78,Opposite Signal,-50.96,22294.44
2572,2025-03-25 15:45:00,2025-03-25 17:00:00,Long (Partial 50%),3021.74,3031.93,0.19,3021.74,Partial TP 1:2,193.53,22487.97
2572,2025-03-25 15:45:00,2025-03-25 17:45:00,Long,3021.74,3025.74,0.2,3025.74,Stop Loss,80.03,22568.0
2573,2025-03-25 17:45:00,2025-03-26 01:00:00,Short,3024.97,3021.79,0.28,3032.03,Opposite Signal,89.04,22657.04
2574,2025-03-26 01:00:00,2025-03-26 03:30:00,Long,3021.79,3018.53,0.61,3018.53,Stop Loss,-198.75,22458.29
2575,2025-03-26 03:30:00,2025-03-26 04:30:00,Short,3017.95,3020.48,0.79,3020.48,Stop Loss,-199.89,22258.4
2576,2025-03-26 04:30:00,2025-03-26 05:30:00,Long,3022.65,3023.36,0.63,3019.49,Opposite Signal,44.73,22303.13
2577,2025-03-26 05:30:00,2025-03-26 07:00:00,Short (Partial 50%),3023.36,3016.19,0.27,3023.36,Partial TP 1:2,193.64,22496.77
2577,2025-03-26 05:30:00,2025-03-26 08:30:00,Short,3023.36,3017.06,0.28,3017.06,Stop Loss,176.27,22673.04
2578,2025-03-26 08:30:00,2025-03-26 09:45:00,Long (Partial 50%),3019.28,3026.25,0.28,3019.28,Partial TP 1:2,195.07,22868.11
2578,2025-03-26 08:30:00,2025-03-26 11:15:00,Long,3019.28,3028.03,0.28,3028.03,Stop Loss,244.95,23113.06
2579,2025-03-26 11:15:00,2025-03-26 12:15:00,Short (Partial 50%),3027.76,3020.23,0.26,3027.76,Partial TP 1:2,195.7,23308.76
2579,2025-03-26 11:15:00,2025-03-26 13:15:00,Short,3027.76,3020.94,0.27,3020.94,Stop Loss,184.14,23492.89
2580,2025-03-26 13:15:00,2025-03-26 15:15:00,Long,3022.78,3025.77,0.46,3018.5,Opposite Signal,137.54,23630.43
2581,2025-03-26 15:15:00,2025-03-26 16:45:00,Short (Partial 50%),3025.77,3016.97,0.22,3025.77,Partial TP 1:2,193.64,23824.08
2581,2025-03-26 15:15:00,2025-03-26 17:30:00,Short,3025.77,3019.38,0.23,3019.38,Stop Loss,146.97,23971.05
2582,2025-03-26 21:00:00,2025-03-26 22:00:00,Long,3019.71,3016.83,0.44,3015.18,Opposite Signal,-126.72,23844.33
2583,2025-03-26 22:00:00,2025-03-26 23:00:00,Short,3016.83,3019.8,0.48,3020.92,Opposite Signal,-142.56,23701.77
2584,2025-03-26 23:00:00,2025-03-27 04:15:00,Long (Partial 50%),3019.8,3027.42,0.26,3019.8,Partial TP 1:2,198.25,23900.01
2584,2025-03-26 23:00:00,2025-03-27 04:45:00,Long,3019.8,3023.54,0.26,3022.01,Opposite Signal,97.24,23997.25
2585,2025-03-27 04:45:00,2025-03-27 05:15:00,Short,3023.54,3027.31,0.53,3027.31,Stop Loss,-199.78,23797.48
2586,2025-03-27 05:15:00,2025-03-27 07:00:00,Long (Partial 50%),3027.4,3034.9,0.26,3027.4,Partial TP 1:2,195.13,23992.61
2586,2025-03-27 05:15:00,2025-03-27 07:30:00,Long,3027.4,3034.48,0.27,3034.48,Stop Loss,191.21,24183.81
2587,2025-03-27 07:45:00,2025-03-27 10:00:00,Short,3033.99,3031.48,0.46,3038.28,Opposite Signal,115.46,24299.27
2588,2025-03-27 10:00:00,2025-03-27 11:30:00,Long,3031.48,3033.98,0.39,3026.43,Opposite Signal,97.5,24396.77
2589,2025-03-27 11:30:00,2025-03-27 12:45:00,Short,3033.98,3038.88,0.4,3038.88,Stop Loss,-196.12,24200.65
2590,2025-03-27 12:45:00,2025-03-27 13:15:00,Long (Partial 50%),3039.94,3049.96,0.19,3039.94,Partial TP 1:2,190.31,24390.95
2590,2025-03-27 12:45:00,2025-03-27 14:15:00,Long,3039.94,3049.2,0.2,3049.2,Stop Loss,185.19,24576.14
2591,2025-03-27 15:15:00,2025-03-27 16:30:00,Short (Partial 50%),3049.82,3037.09,0.15,3049.82,Partial TP 1:2,190.95,24767.09
2591,2025-03-27 15:15:00,2025-03-27 17:00:00,Short,3049.82,3046.13,0.16,3046.13,Stop Loss,59.03,24826.12
2592,2025-03-27 17:00:00,2025-03-27 18:45:00,Long,3047.23,3052.06,0.23,3038.83,Opposite Signal,111.09,24937.21
2593,2025-03-27 18:45:00,2025-03-27 21:00:00,Short,3052.06,3054.53,0.23,3060.69,Opposite Signal,-56.81,24880.4
2594,2025-03-27 21:00:00,2025-03-28 02:00:00,Long,3054.53,3054.26,0.3,3048.07,Opposite Signal,-8.1,24872.3
2595,2025-03-28 02:00:00,2025-03-28 03:00:00,Short,3054.26,3057.47,0.62,3057.47,Stop Loss,-199.0,24673.3
2596,2025-03-28 03:00:00,2025-03-28 04:00:00,Long (Partial 50%),3058.11,3065.21,0.28,3058.11,Partial TP 1:2,198.93,24872.22
2596,2025-03-28 03:00:00,2025-03-28 05:30:00,Long,3058.11,3072.06,0.28,3072.06,Stop Loss,390.53,25262.76
2597,2025-03-28 05:30:00,2025-03-28 06:45:00,Short,3071.03,3076.27,0.38,3076.27,Stop Loss,-199.28,25063.48
2598,2025-03-28 06:45:00,2025-03-28 10:00:00,Long (Partial 50%),3075.15,3085.76,0.18,3075.15,Partial TP 1:2,190.93,25254.4
2598,2025-03-28 06:45:00,2025-03-28 10:45:00,Long,3075.15,3079.64,0.19,3079.64,Stop Loss,85.36,25339.76
2599,2025-03-28 10:45:00,2025-03-28 11:15:00,Short (Partial 50%),3079.37,3068.9,0.19,3079.37,Partial TP 1:2,198.94,25538.7
2599,2025-03-28 10:45:00,2025-03-28 11:30:00,Short,3079.37,3071.32,0.19,3075.84,Opposite Signal,152.95,25691.65
2600,2025-03-28 11:30:00,2025-03-28 13:15:00,Long,3071.32,3070.22,0.29,3064.53,Opposite Signal,-31.9,25659.75
2601,2025-03-28 13:15:00,2025-03-28 14:00:00,Short,3070.22,3076.55,0.31,3076.55,Stop Loss,-196.1,25463.64
2602,2025-03-28 14:00:00,2025-03-28 16:00:00,Long,3076.75,3073.77,0.34,3070.97,Opposite Signal,-101.32,25362.32
2603,2025-03-28 16:00:00,2025-03-28 16:45:00,Short,3073.77,3080.43,0.3,3080.43,Stop Loss,-199.95,25162.38
2604,2025-03-28 16:45:00,2025-03-28 17:15:00,Long,3083.27,3076.17,0.24,3075.11,Opposite Signal,-170.4,24991.98
2605,2025-03-28 17:15:00,2025-03-28 18:15:00,Short,3076.17,3079.85,0.22,3085.01,Opposite Signal,-80.96,24911.02
2606,2025-03-28 18:15:00,2025-03-28 20:30:00,Long,3079.85,3078.51,0.2,3070.14,Opposite Signal,-26.8,24884.22
2607,2025-03-28 20:30:00,2025-03-28 22:15:00,Short,3078.51,3080.7,0.26,3086.01,Opposite Signal,-56.94,24827.28
2608,2025-03-28 22:15:00,2025-03-31 01:00:00,Long (Partial 50%),3080.7,3092.67,0.16,3080.7,Partial TP 1:2,191.59,25018.87
2608,2025-03-28 22:15:00,2025-03-31 03:00:00,Long,3080.7,3086.38,0.17,3086.38,Stop Loss,96.61,25115.47
2609,2025-03-31 03:15:00,2025-03-31 04:15:00,Short,3084.07,3089.33,0.38,3089.33,Stop Loss,-199.87,24915.6
2610,2025-03-31 04:15:00,2025-03-31 05:15:00,Long (Partial 50%),3091.48,3106.08,0.13,3091.48,Partial TP 1:2,189.81,25105.41
2610,2025-03-31 04:15:00,2025-03-31 08:00:00,Long,3091.48,3108.47,0.14,3108.47,Stop Loss,237.8,25343.21
2611,2025-03-31 09:30:00,2025-03-31 10:00:00,Short,3115.34,3124.52,0.21,3124.52,Stop Loss,-192.77,25150.44
2612,2025-03-31 10:00:00,2025-03-31 12:30:00,Long,3121.69,3115.3,0.21,3112.56,Opposite Signal,-134.19,25016.25
2613,2025-03-31 12:30:00,2025-03-31 13:30:00,Short,3115.3,3122.46,0.27,3122.46,Stop Loss,-193.26,24822.99
2614,2025-03-31 13:30:00,2025-03-31 16:00:00,Long,3119.98,3118.75,0.28,3112.84,Opposite Signal,-34.44,24788.55
2615,2025-03-31 16:00:00,2025-03-31 16:45:00,Short (Partial 50%),3118.75,3102.37,0.12,3118.75,Partial TP 1:2,196.59,24985.14
2615,2025-03-31 16:00:00,2025-03-31 17:30:00,Short,3118.75,3118.75,0.12,3118.75,Stop Loss,0.0,24985.14
2616,2025-03-31 18:30:00,2025-03-31 21:15:00,Short,3115.62,3121.93,0.19,3125.9,Opposite Signal,-119.89,24865.25
2617,2025-03-31 21:15:00,2025-04-01 02:45:00,Long,3121.93,3120.42,0.29,3115.22,Opposite Signal,-43.79,24821.46
2618,2025-04-01 02:45:00,2025-04-01 03:15:00,Short,3120.42,3124.83,0.45,3124.83,Stop Loss,-198.46,24623.0
2619,2025-04-01 03:15:00,2025-04-01 04:00:00,Long (Partial 50%),3124.31,3133.53,0.21,3124.31,Partial TP 1:2,193.53,24816.53
2619,2025-04-01 03:15:00,2025-04-01 04:30:00,Long,3124.31,3129.84,0.22,3129.84,Stop Loss,121.64,24938.18
2620,2025-04-01 08:00:00,2025-04-01 08:30:00,Short,3142.57,3147.48,0.4,3147.48,Stop Loss,-196.3,24741.87
2621,2025-04-01 09:15:00,2025-04-01 10:30:00,Long,3136.14,3128.41,0.25,3128.41,Stop Loss,-193.22,24548.65
2622,2025-04-01 10:30:00,2025-04-01 11:00:00,Short,3126.11,3134.39,0.24,3134.39,Stop Loss,-198.72,24349.92
2623,2025-04-01 11:00:00,2025-04-01 14:15:00,Long,3135.04,3130.75,0.23,3126.4,Opposite Signal,-98.67,24251.25
2624,2025-04-01 14:15:00,2025-04-01 16:45:00,Short,3130.75,3133.79,0.29,3137.47,Opposite Signal,-88.16,24163.09
2625,2025-04-01 16:45:00,2025-04-01 17:00:00,Long,3133.79,3126.79,0.28,3126.79,Stop Loss,-195.88,23967.22
2626,2025-04-01 17:00:00,2025-04-01 18:00:00,Short,3125.39,3130.94,0.25,3133.33,Opposite Signal,-138.75,23828.47
2627,2025-04-01 18:00:00,2025-04-01 18:30:00,Long,3130.94,3122.84,0.24,3122.84,Stop Loss,-194.32,23634.15
2628,2025-04-01 18:30:00,2025-04-01 19:15:00,Short (Partial 50%),3121.21,3104.1,0.11,3121.21,Partial TP 1:2,188.18,23822.33
2628,2025-04-01 18:30:00,2025-04-01 20:15:00,Short,3121.21,3112.94,0.12,3112.94,Stop Loss,99.28,23921.61
2629,2025-04-01 20:15:00,2025-04-01 23:45:00,Long,3113.83,3114.17,0.22,3104.8,Opposite Signal,7.48,23929.09
2630,2025-04-01 23:45:00,2025-04-02 02:45:00,Short,3114.17,3115.07,0.37,3119.52,Opposite Signal,-33.3,23895.79
2631,2025-04-02 02:45:00,2025-04-02 04:00:00,Long (Partial 50%),3115.07,3124.26,0.21,3115.07,Partial TP 1:2,193.06,24088.86
2631,2025-04-02 02:45:00,2025-04-02 04:30:00,Long,3115.07,3129.25,0.22,3129.25,Stop Loss,312.01,24400.86
2632,2025-04-02 05:45:00,2025-04-02 07:45:00,Short (Partial 50%),3128.66,3116.24,0.16,3128.66,Partial TP 1:2,198.73,24599.59
2632,2025-04-02 05:45:00,2025-04-02 08:30:00,Short,3128.66,3116.78,0.16,3116.78,Stop Loss,190.15,24789.74
2633,2025-04-02 08:45:00,2025-04-02 10:00:00,Long,3117.9,3113.57,0.3,3111.38,Opposite Signal,-129.9,24659.84
2634,2025-04-02 10:00:00,2025-04-02 10:30:00,Short,3113.57,3119.48,0.31,3120.01,Opposite Signal,-183.21,24476.63
2635,2025-04-02 10:30:00,2025-04-02 11:30:00,Long (Partial 50%),3119.48,3132.4,0.15,3119.48,Partial TP 1:2,193.78,24670.41
2635,2025-04-02 10:30:00,2025-04-02 13:15:00,Long,3119.48,3126.78,0.15,3126.78,Stop Loss,109.57,24779.98
2636,2025-04-02 13:15:00,2025-04-02 13:45:00,Short (Partial 50%),3126.85,3114.72,0.16,3126.85,Partial TP 1:2,194.08,24974.06
2636,2025-04-02 13:15:00,2025-04-02 14:00:00,Short,3126.85,3119.47,0.16,3124.61,Opposite Signal,118.08,25092.14
2637,2025-04-02 14:00:00,2025-04-02 20:15:00,Long,3119.47,3124.38,0.25,3111.75,Opposite Signal,122.75,25214.89
2638,2025-04-02 20:15:00,2025-04-02 22:15:00,Short,3124.38,3125.56,0.27,3131.75,Opposite Signal,-31.86,25183.03
2639,2025-04-02 22:15:00,2025-04-02 23:00:00,Long,3125.56,3119.04,0.3,3119.04,Stop Loss,-195.45,24987.58
2640,2025-04-02 23:00:00,2025-04-02 23:15:00,Short,3118.21,3126.53,0.24,3126.53,Stop Loss,-199.74,24787.84
2641,2025-04-02 23:15:00,2025-04-03 01:00:00,Long,3135.84,3122.99,0.15,3122.99,Stop Loss,-192.7,24595.14
2642,2025-04-03 03:00:00,2025-04-03 04:30:00,Short,3150.41,3159.9,0.13,3165.3,Opposite Signal,-123.37,24471.77
2643,2025-04-03 04:30:00,2025-04-03 05:15:00,Long,3159.9,3150.03,0.13,3145.59,Opposite Signal,-128.31,24343.46
2644,2025-04-03 05:15:00,2025-04-03 09:15:00,Short (Partial 50%),3150.03,3123.57,0.07,3150.03,Partial TP 1:2,185.24,24528.7
2644,2025-04-03 05:15:00,2025-04-03 09:45:00,Short,3150.03,3131.46,0.07,3131.46,Stop Loss,129.97,24658.67
2645,2025-04-03 10:45:00,2025-04-03 12:45:00,Long,3128.94,3121.51,0.18,3118.14,Opposite Signal,-133.74,24524.93
2646,2025-04-03 12:45:00,2025-04-03 13:30:00,Short (Partial 50%),3121.51,3104.61,0.11,3121.51,Partial TP 1:2,185.86,24710.79
2646,2025-04-03 12:45:00,2025-04-03 15:45:00,Short,3121.51,3075.8,0.12,3075.8,Stop Loss,548.5,25259.29
2647,2025-04-03 15:45:00,2025-04-03 16:00:00,Long,3076.3,3060.41,0.12,3060.41,Stop Loss,-190.7,25068.59
2648,2025-04-03 16:00:00,2025-04-03 16:30:00,Short,3059.3,3076.96,0.11,3076.96,Stop Loss,-194.22,24874.37
2649,2025-04-03 16:30:00,2025-04-03 17:15:00,Long (Partial 50%),3086.7,3126.35,0.05,3086.7,Partial TP 1:2,198.23,25072.6
2649,2025-04-03 16:30:00,2025-04-03 18:00:00,Long,3086.7,3114.7,0.05,3114.7,Stop Loss,139.99,25212.59
2650,2025-04-03 18:00:00,2025-04-03 21:45:00,Short,3111.52,3111.48,0.09,3133.35,Opposite Signal,0.36,25212.95
2651,2025-04-03 21:45:00,2025-04-04 03:15:00,Long,3111.48,3109.03,0.17,3100.27,Opposite Signal,-41.65,25171.3
2652,2025-04-04 03:15:00,2025-04-04 04:00:00,Short,3109.03,3115.58,0.3,3115.58,Stop Loss,-196.48,24974.82
2653,2025-04-04 04:00:00,2025-04-04 04:30:00,Long,3114.58,3109.9,0.3,3107.95,Opposite Signal,-140.4,24834.42
2654,2025-04-04 04:30:00,2025-04-04 05:30:00,Short (Partial 50%),3109.9,3096.71,0.15,3109.9,Partial TP 1:2,197.89,25032.32
2654,2025-04-04 04:30:00,2025-04-04 07:00:00,Short,3109.9,3099.57,0.15,3099.57,Stop Loss,154.99,25187.31
2655,2025-04-04 07:30:00,2025-04-04 09:15:00,Long,3104.16,3102.7,0.23,3095.57,Opposite Signal,-33.58,25153.73
2656,2025-04-04 09:15:00,2025-04-04 11:15:00,Short (Partial 50%),3102.7,3086.04,0.12,3102.7,Partial TP 1:2,199.89,25353.62
2656,2025-04-04 09:15:00,2025-04-04 12:00:00,Short,3102.7,3089.07,0.12,3089.07,Stop Loss,163.53,25517.14
2657,2025-04-04 12:00:00,2025-04-04 13:30:00,Long (Partial 50%),3090.79,3109.2,0.1,3090.79,Partial TP 1:2,184.15,25701.29
2657,2025-04-04 12:00:00,2025-04-04 14:30:00,Long,3090.79,3124.45,0.1,3124.45,Stop Loss,336.62,26037.91
2658,2025-04-04 14:30:00,2025-04-04 15:30:00,Short (Partial 50%),3109.38,3076.16,0.06,3109.38,Partial TP 1:2,199.34,26237.25
2658,2025-04-04 14:30:00,2025-04-04 16:15:00,Short,3109.38,3086.03,0.06,3086.03,Stop Loss,140.12,26377.38
2659,2025-04-04 22:45:00,2025-04-07 01:00:00,Long,3036.42,3022.67,0.14,3022.67,Stop Loss,-192.47,26184.91
2660,2025-04-07 01:15:00,2025-04-07 04:00:00,Short,3014.6,3006.39,0.05,3049.42,Opposite Signal,41.05,26225.96
2661,2025-04-07 04:00:00,2025-04-07 05:45:00,Long,3006.39,3025.57,0.06,2973.97,Opposite Signal,115.08,26341.04
2662,2025-04-07 05:45:00,2025-04-07 07:45:00,Short,3025.57,3035.54,0.06,3055.48,Opposite Signal,-59.82,26281.22
2663,2025-04-07 07:45:00,2025-04-07 09:15:00,Long,3035.54,3018.34,0.09,3015.02,Opposite Signal,-154.8,26126.42
2664,2025-04-07 09:15:00,2025-04-07 11:00:00,Short,3018.34,3027.64,0.1,3037.26,Opposite Signal,-93.0,26033.42
2665,2025-04-07 11:00:00,2025-04-07 14:45:00,Long,3027.64,3031.11,0.1,3009.05,Opposite Signal,34.7,26068.12
2666,2025-04-07 14:45:00,2025-04-07 15:45:00,Short,3031.11,3030.89,0.15,3044.11,Opposite Signal,3.3,26071.42
2667,2025-04-07 15:45:00,2025-04-07 16:30:00,Long,3030.89,3016.76,0.14,3016.76,Stop Loss,-197.79,25873.63
2668,2025-04-07 16:30:00,2025-04-07 17:00:00,Short,3007.04,3023.33,0.12,3023.33,Stop Loss,-195.49,25678.13
2669,2025-04-07 17:00:00,2025-04-07 17:15:00,Long,3027.45,3009.03,0.1,3009.03,Stop Loss,-184.21,25493.92
2670,2025-04-07 17:15:00,2025-04-07 20:00:00,Short (Partial 50%),3006.65,2963.78,0.04,3006.65,Partial TP 1:2,171.47,25665.4
2670,2025-04-07 17:15:00,2025-04-07 20:45:00,Short,3006.65,2971.24,0.04,2971.24,Stop Loss,141.66,25807.06
2671,2025-04-07 21:30:00,2025-04-08 03:45:00,Long,2971.74,2985.13,0.13,2956.4,Opposite Signal,174.07,25981.13
2672,2025-04-08 03:45:00,2025-04-08 04:00:00,Short,2985.13,2994.02,0.22,2994.02,Stop Loss,-195.57,25785.55
2673,2025-04-08 04:00:00,2025-04-08 06:00:00,Long,2995.25,2995.28,0.18,2984.65,Opposite Signal,0.54,25786.09
2674,2025-04-08 06:00:00,2025-04-08 07:45:00,Short,2995.28,3002.29,0.19,3005.43,Opposite Signal,-133.19,25652.9
2675,2025-04-08 07:45:00,2025-04-08 10:30:00,Long,3002.29,3002.99,0.21,2992.8,Opposite Signal,14.7,25667.6
2676,2025-04-08 10:30:00,2025-04-08 12:30:00,Short,3002.99,3006.26,0.21,3012.28,Opposite Signal,-68.67,25598.93
2677,2025-04-08 12:30:00,2025-04-08 15:15:00,Long,3006.26,3009.52,0.2,2996.65,Opposite Signal,65.2,25664.13
2678,2025-04-08 15:15:00,2025-04-08 16:00:00,Short,3009.52,3019.18,0.2,3019.18,Stop Loss,-193.19,25470.95
2679,2025-04-08 16:00:00,2025-04-08 16:30:00,Long,3018.42,3007.11,0.17,3007.11,Stop Loss,-192.27,25278.68
2680,2025-04-08 16:30:00,2025-04-08 20:00:00,Short (Partial 50%),3006.85,2982.72,0.08,3006.85,Partial TP 1:2,193.01,25471.7
2680,2025-04-08 16:30:00,2025-04-08 20:45:00,Short,3006.85,2983.72,0.08,2983.72,Stop Loss,185.02,25656.71
2681,2025-04-08 20:45:00,2025-04-09 02:30:00,Long,2985.11,2973.34,0.16,2973.34,Stop Loss,-188.32,25468.39
2682,2025-04-09 02:30:00,2025-04-09 03:00:00,Short,2973.59,2982.75,0.21,2982.75,Stop Loss,-192.38,25276.01
2683,2025-04-09 03:15:00,2025-04-09 04:00:00,Long,2984.17,2973.52,0.18,2973.52,Stop Loss,-191.65,25084.36
2684,2025-04-09 15:15:00,2025-04-09 16:00:00,Short,3053.81,3056.83,0.13,3068.67,Opposite Signal,-39.26,25045.1
2685,2025-04-09 16:00:00,2025-04-09 17:45:00,Long,3056.83,3070.58,0.12,3041.42,Opposite Signal,165.0,25210.1
2686,2025-04-09 17:45:00,2025-04-09 18:15:00,Short,3070.58,3085.91,0.13,3085.91,Stop Loss,-199.35,25010.75
2687,2025-04-09 18:15:00,2025-04-09 20:15:00,Long,3084.49,3068.79,0.12,3068.79,Stop Loss,-188.37,24822.38
2688,2025-04-09 20:15:00,2025-04-09 21:45:00,Short,3060.02,3066.96,0.1,3078.26,Opposite Signal,-69.4,24752.98
2689,2025-04-09 21:45:00,2025-04-09 23:30:00,Long,3066.96,3082.65,0.1,3047.54,Opposite Signal,156.9,24909.88
2690,2025-04-09 23:30:00,2025-04-10 03:15:00,Short,3082.65,3095.95,0.1,3100.91,Opposite Signal,-133.0,24776.88
2691,2025-04-10 03:15:00,2025-04-10 04:00:00,Long,3095.95,3086.19,0.14,3082.37,Opposite Signal,-136.64,24640.24
2692,2025-04-10 04:00:00,2025-04-10 05:00:00,Short,3086.19,3100.02,0.14,3100.02,Stop Loss,-193.58,24446.65
2693,2025-04-10 05:00:00,2025-04-10 08:30:00,Long,3105.24,3115.27,0.13,3089.86,Opposite Signal,130.39,24577.04
2694,2025-04-10 08:30:00,2025-04-10 09:00:00,Short,3115.27,3125.37,0.16,3127.65,Opposite Signal,-161.6,24415.44
2695,2025-04-10 09:00:00,2025-04-10 10:15:00,Long,3125.37,3116.92,0.16,3112.92,Opposite Signal,-135.2,24280.24
2696,2025-04-10 10:15:00,2025-04-10 12:45:00,Short,3116.92,3116.53,0.18,3127.49,Opposite Signal,7.02,24287.26
2697,2025-04-10 12:45:00,2025-04-10 16:30:00,Long,3116.53,3121.68,0.18,3105.67,Opposite Signal,92.7,24379.96
2698,2025-04-10 16:30:00,2025-04-10 17:00:00,Short,3121.68,3134.59,0.15,3134.59,Stop Loss,-193.59,24186.38
2699,2025-04-10 17:00:00,2025-04-10 18:45:00,Long,3142.49,3157.99,0.12,3126.18,Opposite Signal,186.0,24372.38
2700,2025-04-10 18:45:00,2025-04-10 21:30:00,Short,3157.99,3173.96,0.12,3174.31,Opposite Signal,-191.64,24180.74
2701,2025-04-10 21:30:00,2025-04-11 03:15:00,Long (Partial 50%),3173.96,3199.76,0.07,3173.96,Partial TP 1:2,180.6,24361.34
2701,2025-04-10 21:30:00,2025-04-11 03:45:00,Long,3173.96,3204.45,0.07,3204.45,Stop Loss,213.45,24574.78
2702,2025-04-11 07:45:00,2025-04-11 08:15:00,Short,3208.45,3218.24,0.2,3218.24,Stop Loss,-195.88,24378.91
2703,2025-04-11 08:15:00,2025-04-11 08:30:00,Long,3216.84,3206.55,0.19,3206.55,Stop Loss,-195.44,24183.47
2704,2025-04-11 08:30:00,2025-04-11 09:15:00,Short,3189.23,3203.06,0.14,3203.06,Stop Loss,-193.57,23989.9
2705,2025-04-11 09:15:00,2025-04-11 13:00:00,Long (Partial 50%),3202.64,3231.5,0.06,3202.64,Partial TP 1:2,173.14,24163.04
2705,2025-04-11 09:15:00,2025-04-11 13:30:00,Long,3202.64,3218.2,0.07,3218.2,Stop Loss,108.91,24271.94
2706,2025-04-11 13:30:00,2025-04-11 15:15:00,Short,3215.77,3225.74,0.13,3230.78,Opposite Signal,-129.61,24142.33
2707,2025-04-11 15:15:00,2025-04-11 16:45:00,Long,3225.74,3223.98,0.14,3211.67,Opposite Signal,-24.64,24117.69
2708,2025-04-11 16:45:00,2025-04-11 18:00:00,Short,3223.98,3236.54,0.12,3239.97,Opposite Signal,-150.72,23966.97
2709,2025-04-11 18:00:00,2025-04-11 19:15:00,Long,3236.54,3234.4,0.12,3221.15,Opposite Signal,-25.68,23941.29
2710,2025-04-11 19:15:00,2025-04-11 20:45:00,Short,3234.4,3233.75,0.15,3247.61,Opposite Signal,9.75,23951.04
2711,2025-04-11 20:45:00,2025-04-14 01:00:00,Long,3233.75,3221.57,0.16,3221.57,Stop Loss,-194.85,23756.2
2712,2025-04-14 01:00:00,2025-04-14 04:15:00,Short,3219.94,3231.58,0.17,3231.58,Stop Loss,-197.86,23558.34
2713,2025-04-14 04:15:00,2025-04-14 05:15:00,Long,3228.75,3234.48,0.18,3218.19,Opposite Signal,103.14,23661.48
2714,2025-04-14 05:15:00,2025-04-14 08:45:00,Short,3234.48,3234.39,0.16,3246.33,Opposite Signal,1.44,23662.92
2715,2025-04-14 08:45:00,2025-04-14 10:30:00,Long,3234.39,3228.18,0.21,3225.28,Opposite Signal,-130.41,23532.51
2716,2025-04-14 10:30:00,2025-04-14 11:45:00,Short,3228.18,3226.85,0.23,3236.68,Opposite Signal,30.59,23563.1
2717,2025-04-14 11:45:00,2025-04-14 12:30:00,Long,3226.85,3222.94,0.2,3217.02,Opposite Signal,-78.2,23484.9
2718,2025-04-14 12:30:00,2025-04-14 13:45:00,Short,3222.94,3215.29,0.21,3232.4,Opposite Signal,160.65,23645.55
2719,2025-04-14 13:45:00,2025-04-14 15:15:00,Long,3215.29,3211.85,0.19,3204.78,Opposite Signal,-65.36,23580.19
2720,2025-04-14 15:15:00,2025-04-14 16:30:00,Short,3211.85,3207.77,0.18,3222.56,Opposite Signal,73.44,23653.63
2721,2025-04-14 16:30:00,2025-04-14 18:30:00,Long,3207.77,3198.09,0.14,3193.79,Opposite Signal,-135.52,23518.11
2722,2025-04-14 18:30:00,2025-04-14 19:30:00,Short,3198.09,3206.3,0.16,3209.98,Opposite Signal,-131.36,23386.75
2723,2025-04-14 19:30:00,2025-04-14 21:30:00,Long,3206.3,3204.41,0.19,3196.24,Opposite Signal,-35.91,23350.84
2724,2025-04-14 21:30:00,2025-04-14 22:15:00,Short,3204.41,3211.28,0.23,3213.09,Opposite Signal,-158.01,23192.83
2725,2025-04-14 22:15:00,2025-04-15 05:00:00,Long,3211.28,3219.11,0.25,3203.36,Opposite Signal,195.75,23388.58
2726,2025-04-15 05:00:00,2025-04-15 05:45:00,Short,3219.11,3224.33,0.28,3226.08,Opposite Signal,-146.16,23242.42
2727,2025-04-15 05:45:00,2025-04-15 08:00:00,Long,3224.33,3227.73,0.3,3217.87,Opposite Signal,102.0,23344.42
2728,2025-04-15 08:00:00,2025-04-15 09:15:00,Short,3227.73,3226.82,0.35,3233.43,Opposite Signal,31.85,23376.27
2729,2025-04-15 09:15:00,2025-04-15 10:00:00,Long,3226.82,3222.19,0.31,3220.48,Opposite Signal,-143.53,23232.74
2730,2025-04-15 10:00:00,2025-04-15 10:45:00,Short,3222.19,3225.59,0.32,3228.44,Opposite Signal,-108.8,23123.94
2731,2025-04-15 10:45:00,2025-04-15 12:30:00,Long,3225.59,3223.67,0.29,3218.84,Opposite Signal,-55.68,23068.26
2732,2025-04-15 12:30:00,2025-04-15 15:00:00,Short,3223.67,3223.73,0.3,3230.22,Opposite Signal,-1.8,23066.46
2733,2025-04-15 15:00:00,2025-04-15 15:15:00,Long,3223.73,3217.69,0.33,3217.69,Stop Loss,-199.36,22867.09
2734,2025-04-15 15:15:00,2025-04-15 17:00:00,Short,3219.52,3220.17,0.27,3226.73,Opposite Signal,-17.55,22849.54
2735,2025-04-15 17:00:00,2025-04-15 22:15:00,Long,3220.17,3226.76,0.22,3211.15,Opposite Signal,144.98,22994.52
2736,2025-04-15 22:15:00,2025-04-15 23:00:00,Short,3226.76,3232.56,0.34,3232.56,Stop Loss,-197.27,22797.25
2737,2025-04-15 23:00:00,2025-04-16 01:45:00,Long (Partial 50%),3231.09,3241.96,0.18,3231.09,Partial TP 1:2,195.72,22992.97
2737,2025-04-15 23:00:00,2025-04-16 04:30:00,Long,3231.09,3263.56,0.18,3263.56,Stop Loss,584.39,23577.36
2738,2025-04-16 07:15:00,2025-04-16 07:30:00,Short,3271.38,3279.14,0.21,3280.63,Opposite Signal,-162.96,23414.4
2739,2025-04-16 07:30:00,2025-04-16 10:45:00,Long (Partial 50%),3279.14,3299.03,0.1,3279.14,Partial TP 1:2,198.89,23613.29
2739,2025-04-16 07:30:00,2025-04-16 11:15:00,Long,3279.14,3303.7,0.1,3303.7,Stop Loss,245.64,23858.93
2740,2025-04-16 11:15:00,2025-04-16 11:45:00,Short,3301.31,3307.0,0.18,3312.26,Opposite Signal,-102.42,23756.51
2741,2025-04-16 11:45:00,2025-04-16 14:00:00,Long,3307.0,3297.67,0.14,3293.58,Opposite Signal,-130.62,23625.89
2742,2025-04-16 14:00:00,2025-04-16 14:30:00,Short,3297.67,3303.06,0.19,3308.01,Opposite Signal,-102.41,23523.48
2743,2025-04-16 14:30:00,2025-04-16 16:15:00,Long,3303.06,3304.96,0.18,3292.37,Opposite Signal,34.2,23557.68
2744,2025-04-16 16:15:00,2025-04-16 16:45:00,Short,3304.96,3316.12,0.17,3316.12,Stop Loss,-189.79,23367.89
2745,2025-04-16 16:45:00,2025-04-16 19:30:00,Long,3311.51,3322.46,0.15,3298.48,Opposite Signal,164.25,23532.14
2746,2025-04-16 19:30:00,2025-04-16 21:00:00,Short,3322.46,3332.12,0.16,3334.59,Opposite Signal,-154.56,23377.58
2747,2025-04-16 21:00:00,2025-04-17 01:00:00,Long (Partial 50%),3332.12,3352.62,0.09,3332.12,Partial TP 1:2,184.46,23562.04
2747,2025-04-16 21:00:00,2025-04-17 02:45:00,Long,3332.12,3347.21,0.1,3347.21,Stop Loss,150.93,23712.96
2748,2025-04-17 03:00:00,2025-04-17 04:00:00,Short,3345.27,3352.87,0.26,3352.87,Stop Loss,-197.72,23515.24
2749,2025-04-17 04:00:00,2025-04-17 04:30:00,Long,3352.81,3343.72,0.22,3343.72,Stop Loss,-199.92,23315.32
2750,2025-04-17 04:30:00,2025-04-17 05:00:00,Short,3342.74,3335.31,0.17,3354.1,Opposite Signal,126.31,23441.63
2751,2025-04-17 05:00:00,2025-04-17 08:30:00,Long,3335.31,3333.26,0.13,3320.96,Opposite Signal,-26.65,23414.98
2752,2025-04-17 08:30:00,2025-04-17 10:15:00,Short (Partial 50%),3333.26,3314.6,0.1,3333.26,Partial TP 1:2,186.58,23601.56
2752,2025-04-17 08:30:00,2025-04-17 11:45:00,Short,3333.26,3323.45,0.1,3323.45,Stop Loss,98.1,23699.66
2753,2025-04-17 11:45:00,2025-04-17 14:30:00,Long,3324.24,3323.19,0.19,3314.19,Opposite Signal,-19.95,23679.71
2754,2025-04-17 14:30:00,2025-04-17 15:00:00,Short,3323.19,3332.23,0.22,3332.23,Stop Loss,-198.84,23480.87
2755,2025-04-17 15:00:00,2025-04-17 15:15:00,Long,3336.38,3326.68,0.2,3326.68,Stop Loss,-193.94,23286.93
2756,2025-04-17 15:15:00,2025-04-17 17:15:00,Short (Partial 50%),3325.23,3302.65,0.08,3325.23,Partial TP 1:2,180.65,23467.59
2756,2025-04-17 15:15:00,2025-04-17 18:00:00,Short,3325.23,3301.53,0.09,3301.53,Stop Loss,213.26,23680.85
2757,2025-04-17 18:00:00,2025-04-21 01:00:00,Long (Partial 50%),3303.48,3335.38,0.06,3303.48,Partial TP 1:2,191.4,23872.24
2757,2025-04-17 18:00:00,2025-04-21 07:00:00,Long,3303.48,3378.15,0.06,3378.15,Stop Loss,448.02,24320.26
2758,2025-04-21 07:00:00,2025-04-21 08:00:00,Short,3373.74,3382.57,0.22,3382.57,Stop Loss,-194.23,24126.03
2759,2025-04-21 08:00:00,2025-04-21 10:45:00,Long,3382.71,3385.19,0.22,3373.72,Opposite Signal,54.56,24180.59
2760,2025-04-21 10:45:00,2025-04-21 11:45:00,Short,3385.19,3393.31,0.24,3393.31,Stop Loss,-194.79,23985.8
2761,2025-04-21 11:45:00,2025-04-21 14:00:00,Long,3392.71,3388.91,0.26,3385.18,Opposite Signal,-98.8,23887.0
2762,2025-04-21 14:00:00,2025-04-21 14:30:00,Short,3388.91,3396.32,0.27,3396.32,Stop Loss,-199.99,23687.01
2763,2025-04-21 14:30:00,2025-04-21 15:15:00,Long,3403.53,3398.45,0.23,3395.01,Opposite Signal,-116.84,23570.17
2764,2025-04-21 15:15:00,2025-04-21 15:30:00,Short,3398.45,3407.31,0.22,3407.31,Stop Loss,-194.83,23375.34
2765,2025-04-21 15:30:00,2025-04-21 16:45:00,Long (Partial 50%),3407.36,3426.08,0.1,3407.36,Partial TP 1:2,187.22,23562.56
2765,2025-04-21 15:30:00,2025-04-21 17:30:00,Long,3407.36,3417.97,0.1,3417.97,Stop Loss,106.09,23668.65
2766,2025-04-21 17:45:00,2025-04-21 18:30:00,Short,3416.75,3423.38,0.14,3430.22,Opposite Signal,-92.82,23575.83
2767,2025-04-21 18:30:00,2025-04-21 19:30:00,Long,3423.38,3413.08,0.14,3409.22,Opposite Signal,-144.2,23431.63
2768,2025-04-21 19:30:00,2025-04-21 20:30:00,Short,3413.08,3417.79,0.16,3425.23,Opposite Signal,-75.36,23356.27
2769,2025-04-21 20:30:00,2025-04-21 22:30:00,Long,3417.79,3418.33,0.17,3406.35,Opposite Signal,9.18,23365.45
2770,2025-04-21 22:30:00,2025-04-21 23:45:00,Short,3418.33,3424.69,0.21,3427.63,Opposite Signal,-133.56,23231.89
2771,2025-04-21 23:45:00,2025-04-22 02:15:00,Long (Partial 50%),3424.69,3440.75,0.12,3424.69,Partial TP 1:2,192.7,23424.59
2771,2025-04-21 23:45:00,2025-04-22 02:45:00,Long,3424.69,3435.86,0.12,3435.86,Stop Loss,133.99,23558.58
2772,2025-04-22 02:45:00,2025-04-22 03:00:00,Short (Partial 50%),3434.41,3415.81,0.1,3434.41,Partial TP 1:2,185.96,23744.54
2772,2025-04-22 02:45:00,2025-04-22 03:15:00,Short,3434.41,3427.64,0.1,3434.41,Opposite Signal,67.7,23812.24
2773,2025-04-22 03:15:00,2025-04-22 04:45:00,Long (Partial 50%),3427.64,3453.9,0.07,3427.64,Partial TP 1:2,183.83,23996.07
2773,2025-04-22 03:15:00,2025-04-22 07:00:00,Long,3427.64,3480.23,0.07,3480.23,Stop Loss,368.14,24364.22
2774,2025-04-22 08:00:00,2025-04-22 08:45:00,Short,3479.47,3492.36,0.15,3492.36,Stop Loss,-193.34,24170.88
2775,2025-04-22 08:45:00,2025-04-22 09:15:00,Long,3494.28,3488.44,0.15,3481.08,Opposite Signal,-87.6,24083.28
2776,2025-04-22 09:15:00,2025-04-22 10:30:00,Short,3488.44,3473.69,0.13,3503.02,Opposite Signal,191.75,24275.03
2777,2025-04-22 10:30:00,2025-04-22 11:30:00,Long,3473.69,3456.15,0.11,3456.15,Stop Loss,-192.97,24082.06
2778,2025-04-22 11:30:00,2025-04-22 12:15:00,Short,3451.14,3456.49,0.12,3467.04,Opposite Signal,-64.2,24017.86
2779,2025-04-22 12:15:00,2025-04-22 13:45:00,Long,3456.49,3452.35,0.12,3441.0,Opposite Signal,-49.68,23968.18
2780,2025-04-22 13:45:00,2025-04-22 16:00:00,Short (Partial 50%),3452.35,3423.68,0.06,3452.35,Partial TP 1:2,172.05,24140.22
2780,2025-04-22 13:45:00,2025-04-22 16:45:00,Short,3452.35,3426.49,0.07,3426.49,Stop Loss,181.04,24321.26
2781,2025-04-22 17:00:00,2025-04-22 18:15:00,Long,3430.63,3412.79,0.08,3407.44,Opposite Signal,-142.72,24178.54
2782,2025-04-22 18:15:00,2025-04-22 18:30:00,Short,3412.79,3429.05,0.09,3433.33,Opposite Signal,-146.34,24032.2
2783,2025-04-22 18:30:00,2025-04-22 19:00:00,Long,3429.05,3407.7,0.09,3407.7,Stop Loss,-192.18,23840.02
2784,2025-04-22 19:00:00,2025-04-22 20:15:00,Short,3413.83,3407.41,0.09,3435.53,Opposite Signal,57.78,23897.8
2785,2025-04-22 20:15:00,2025-04-22 21:15:00,Long,3407.41,3388.57,0.08,3384.11,Opposite Signal,-150.72,23747.08
2786,2025-04-22 21:15:00,2025-04-23 01:00:00,Short (Partial 50%),3388.57,3347.1,0.04,3388.57,Partial TP 1:2,165.88,23912.96
2786,2025-04-22 21:15:00,2025-04-23 02:00:00,Short,3388.57,3334.83,0.04,3334.83,Stop Loss,214.98,24127.94
2787,2025-04-23 02:00:00,2025-04-23 04:30:00,Long (Partial 50%),3340.86,3386.36,0.04,3340.86,Partial TP 1:2,182.02,24309.96
2787,2025-04-23 02:00:00,2025-04-23 05:30:00,Long,3340.86,3364.75,0.04,3364.75,Stop Loss,95.58,24405.54
2788,2025-04-23 05:30:00,2025-04-23 08:30:00,Short (Partial 50%),3362.41,3322.65,0.05,3362.41,Partial TP 1:2,198.81,24604.35
2788,2025-04-23 05:30:00,2025-04-23 10:30:00,Short,3362.41,3314.06,0.05,3314.06,Stop Loss,241.73,24846.08
2789,2025-04-23 10:30:00,2025-04-23 11:00:00,Long,3318.23,3306.3,0.1,3299.48,Opposite Signal,-119.3,24726.78
2790,2025-04-23 11:00:00,2025-04-23 11:45:00,Short,3306.3,3321.46,0.1,3324.55,Opposite Signal,-151.6,24575.18
2791,2025-04-23 11:45:00,2025-04-23 12:45:00,Long,3321.46,3317.54,0.12,3305.52,Opposite Signal,-47.04,24528.14
2792,2025-04-23 12:45:00,2025-04-23 13:15:00,Short,3317.54,3334.11,0.12,3334.11,Stop Loss,-198.82,24329.32
2793,2025-04-23 13:15:00,2025-04-23 14:45:00,Long,3334.18,3324.46,0.12,3317.53,Opposite Signal,-116.64,24212.68
2794,2025-04-23 14:45:00,2025-04-23 15:15:00,Short,3324.46,3329.36,0.13,3339.47,Opposite Signal,-63.7,24148.98
2795,2025-04-23 15:15:00,2025-04-23 15:45:00,Long,3329.36,3312.91,0.12,3312.91,Stop Loss,-197.42,23951.55
2796,2025-04-23 15:45:00,2025-04-23 16:45:00,Short (Partial 50%),3310.76,3277.99,0.06,3310.76,Partial TP 1:2,196.6,24148.15
2796,2025-04-23 15:45:00,2025-04-23 17:15:00,Short,3310.76,3283.37,0.06,3283.37,Stop Loss,164.31,24312.46
2797,2025-04-23 17:30:00,2025-04-23 20:15:00,Long,3288.79,3282.48,0.09,3267.47,Opposite Signal,-56.79,24255.67
2798,2025-04-23 20:15:00,2025-04-23 22:15:00,Short,3282.48,3295.95,0.11,3300.51,Opposite Signal,-148.17,24107.5
2799,2025-04-23 22:15:00,2025-04-24 03:15:00,Long (Partial 50%),3295.95,3322.99,0.07,3295.95,Partial TP 1:2,189.31,24296.81
2799,2025-04-23 22:15:00,2025-04-24 04:45:00,Long,3295.95,3352.1,0.07,3352.1,Stop Loss,393.08,24689.89
2800,2025-04-24 05:30:00,2025-04-24 10:00:00,Short,3341.49,3337.6,0.11,3358.4,Opposite Signal,42.79,24732.68
2801,2025-04-24 10:00:00,2025-04-24 10:30:00,Long,3337.6,3323.62,0.14,3323.62,Stop Loss,-195.75,24536.93
2802,2025-04-24 16:00:00,2025-04-24 17:00:00,Short (Partial 50%),3328.73,3307.74,0.09,3328.73,Partial TP 1:2,188.91,24725.85
2802,2025-04-24 16:00:00,2025-04-24 17:30:00,Short,3328.73,3327.08,0.1,3327.08,Stop Loss,16.54,24742.38
2803,2025-04-24 17:30:00,2025-04-25 01:00:00,Long (Partial 50%),3326.39,3353.04,0.07,3326.39,Partial TP 1:2,186.52,24928.9
2803,2025-04-24 17:30:00,2025-04-25 02:00:00,Long,3326.39,3359.56,0.07,3359.56,Stop Loss,232.18,25161.08
2804,2025-04-25 02:15:00,2025-04-25 03:15:00,Short,3354.68,3357.47,0.17,3366.33,Opposite Signal,-47.43,25113.65
2805,2025-04-25 03:15:00,2025-04-25 04:30:00,Long,3357.47,3349.41,0.16,3345.55,Opposite Signal,-128.96,24984.69
2806,2025-04-25 04:30:00,2025-04-25 06:45:00,Short (Partial 50%),3349.41,3324.23,0.07,3349.41,Partial TP 1:2,176.29,25160.97
2806,2025-04-25 04:30:00,2025-04-25 09:15:00,Short,3349.41,3298.5,0.07,3298.5,Stop Loss,356.37,25517.35
2807,2025-04-25 09:30:00,2025-04-25 11:00:00,Long,3305.05,3295.56,0.13,3290.21,Opposite Signal,-123.37,25393.98
2808,2025-04-25 11:00:00,2025-04-25 12:00:00,Short,3295.56,3308.82,0.15,3308.82,Stop Loss,-198.9,25195.08
2809,2025-04-25 12:00:00,2025-04-25 12:45:00,Long,3304.47,3292.52,0.16,3292.52,Stop Loss,-191.17,25003.91
2810,2025-04-25 12:45:00,2025-04-25 13:15:00,Short,3292.13,3303.48,0.17,3303.48,Stop Loss,-192.88,24811.02
2811,2025-04-25 13:15:00,2025-04-25 14:30:00,Long,3304.85,3293.3,0.17,3293.3,Stop Loss,-196.41,24614.61
2812,2025-04-25 14:30:00,2025-04-25 15:15:00,Short,3289.34,3300.12,0.18,3300.12,Stop Loss,-194.05,24420.57
2813,2025-04-25 15:15:00,2025-04-25 16:00:00,Long,3298.48,3286.93,0.17,3286.93,Stop Loss,-196.36,24224.2
2814,2025-04-25 16:00:00,2025-04-25 17:00:00,Short,3284.38,3282.75,0.16,3296.8,Opposite Signal,26.08,24250.28
2815,2025-04-25 17:00:00,2025-04-25 18:00:00,Long,3282.75,3272.4,0.13,3268.46,Opposite Signal,-134.55,24115.73
2816,2025-04-25 18:00:00,2025-04-25 18:45:00,Short,3272.4,3282.87,0.14,3286.15,Opposite Signal,-146.58,23969.15
2817,2025-04-25 18:45:00,2025-04-25 22:30:00,Long (Partial 50%),3282.87,3308.57,0.07,3282.87,Partial TP 1:2,179.87,24149.02
2817,2025-04-25 18:45:00,2025-04-28 01:15:00,Long,3282.87,3319.01,0.07,3319.01,Stop Loss,253.01,24402.03
2818,2025-04-28 01:15:00,2025-04-28 03:15:00,Short,3317.19,3310.97,0.17,3328.75,Opposite Signal,105.74,24507.77
2819,2025-04-28 03:15:00,2025-04-28 04:15:00,Long,3310.97,3299.13,0.16,3299.13,Stop Loss,-189.44,24318.32
2820,2025-04-28 04:15:00,2025-04-28 06:00:00,Short,3290.95,3283.05,0.15,3304.23,Opposite Signal,118.5,24436.82
2821,2025-04-28 06:00:00,2025-04-28 08:30:00,Long,3283.05,3288.1,0.14,3269.31,Opposite Signal,70.7,24507.52
2822,2025-04-28 08:30:00,2025-04-28 10:30:00,Short,3288.1,3289.72,0.17,3299.37,Opposite Signal,-27.54,24479.98
2823,2025-04-28 10:30:00,2025-04-28 12:15:00,Long,3289.72,3278.14,0.16,3277.41,Opposite Signal,-185.28,24294.7
2824,2025-04-28 12:15:00,2025-04-28 13:15:00,Short,3278.14,3283.86,0.21,3287.62,Opposite Signal,-120.12,24174.58
2825,2025-04-28 13:15:00,2025-04-28 16:00:00,Long,3283.86,3295.39,0.21,3274.61,Opposite Signal,242.13,24416.71
2826,2025-04-28 16:00:00,2025-04-28 17:00:00,Short,3295.39,3299.08,0.21,3304.53,Opposite Signal,-77.49,24339.22
2827,2025-04-28 17:00:00,2025-04-28 17:30:00,Long (Partial 50%),3299.08,3319.06,0.1,3299.08,Partial TP 1:2,199.77,24538.99
2827,2025-04-28 17:00:00,2025-04-28 18:30:00,Long,3299.08,3321.53,0.1,3321.53,Stop Loss,224.52,24763.51
2828,2025-04-28 23:30:00,2025-04-29 03:45:00,Short (Partial 50%),3345.71,3330.09,0.12,3345.71,Partial TP 1:2,187.4,24950.91
2828,2025-04-28 23:30:00,2025-04-29 04:30:00,Short,3345.71,3334.36,0.13,3334.36,Stop Loss,147.6,25098.51
2829,2025-04-29 08:30:00,2025-04-29 10:00:00,Long,3316.01,3315.94,0.2,3306.45,Opposite Signal,-1.4,25097.11
2830,2025-04-29 10:00:00,2025-04-29 10:45:00,Short,3315.94,3322.75,0.19,3326.01,Opposite Signal,-129.39,24967.72
2831,2025-04-29 10:45:00,2025-04-29 11:30:00,Long,3322.75,3316.22,0.21,3313.25,Opposite Signal,-137.13,24830.59
2832,2025-04-29 11:30:00,2025-04-29 13:30:00,Short,3316.22,3313.6,0.22,3325.22,Opposite Signal,57.64,24888.23
2833,2025-04-29 13:30:00,2025-04-29 15:15:00,Long,3313.6,3305.07,0.23,3305.07,Stop Loss,-196.17,24692.06
2834,2025-04-29 16:45:00,2025-04-29 17:15:00,Short,3306.59,3315.11,0.18,3317.38,Opposite Signal,-153.36,24538.7
2835,2025-04-29 17:15:00,2025-04-29 18:30:00,Long,3315.11,3306.43,0.17,3303.35,Opposite Signal,-147.56,24391.14
2836,2025-04-29 18:30:00,2025-04-29 19:00:00,Short,3306.43,3315.29,0.18,3317.37,Opposite Signal,-159.48,24231.66
2837,2025-04-29 19:00:00,2025-04-29 20:45:00,Long,3315.29,3314.25,0.18,3304.62,Opposite Signal,-18.72,24212.94
2838,2025-04-29 20:45:00,2025-04-29 22:00:00,Short,3314.25,3324.03,0.2,3324.03,Stop Loss,-195.68,24017.26
2839,2025-04-29 22:00:00,2025-04-29 23:45:00,Long,3323.0,3317.25,0.23,3314.59,Opposite Signal,-132.25,23885.01
2840,2025-04-29 23:45:00,2025-04-30 03:00:00,Short,3317.25,3323.89,0.3,3323.89,Stop Loss,-199.25,23685.76
2841,2025-04-30 03:00:00,2025-04-30 03:30:00,Long,3324.01,3315.67,0.23,3315.67,Stop Loss,-191.83,23493.93
2842,2025-04-30 03:30:00,2025-04-30 04:15:00,Short,3314.11,3322.57,0.23,3322.57,Stop Loss,-194.47,23299.46
2843,2025-04-30 04:15:00,2025-04-30 04:45:00,Long,3318.8,3309.79,0.22,3309.79,Stop Loss,-198.32,23101.13
2844,2025-04-30 04:45:00,2025-04-30 08:00:00,Short,3308.03,3312.15,0.2,3317.79,Opposite Signal,-82.4,23018.73
2845,2025-04-30 08:00:00,2025-04-30 09:00:00,Long,3312.15,3308.37,0.25,3304.34,Opposite Signal,-94.5,22924.23
2846,2025-04-30 09:00:00,2025-04-30 10:15:00,Short,3308.37,3310.95,0.26,3315.86,Opposite Signal,-67.08,22857.15
2847,2025-04-30 10:15:00,2025-04-30 10:45:00,Long,3310.95,3307.14,0.27,3303.62,Opposite Signal,-102.87,22754.28
2848,2025-04-30 10:45:00,2025-04-30 11:00:00,Short (Partial 50%),3307.14,3291.66,0.12,3307.14,Partial TP 1:2,185.75,22940.03
2848,2025-04-30 10:45:00,2025-04-30 13:30:00,Short,3307.14,3280.53,0.13,3280.53,Stop Loss,345.97,23286.0
2849,2025-04-30 14:15:00,2025-04-30 14:45:00,Long,3280.51,3270.2,0.19,3270.2,Stop Loss,-195.82,23090.18
2850,2025-04-30 14:45:00,2025-04-30 15:15:00,Short,3272.32,3282.57,0.19,3282.57,Stop Loss,-194.66,22895.52
2851,2025-04-30 15:15:00,2025-04-30 16:30:00,Long (Partial 50%),3289.3,3314.15,0.08,3289.3,Partial TP 1:2,198.79,23094.31
2851,2025-04-30 15:15:00,2025-04-30 17:00:00,Long,3289.3,3298.7,0.08,3298.7,Stop Loss,75.16,23169.47
2852,2025-04-30 17:00:00,2025-04-30 17:45:00,Short,3308.0,3309.94,0.12,3323.68,Opposite Signal,-23.28,23146.19
2853,2025-04-30 17:45:00,2025-04-30 21:15:00,Long,3309.94,3301.28,0.11,3292.76,Opposite Signal,-95.26,23050.93
2854,2025-04-30 21:15:00,2025-05-01 01:00:00,Short (Partial 50%),3301.28,3279.45,0.09,3301.28,Partial TP 1:2,196.49,23247.43
2854,2025-04-30 21:15:00,2025-05-01 02:00:00,Short,3301.28,3281.07,0.09,3281.07,Stop Loss,181.86,23429.29
2855,2025-05-01 08:45:00,2025-05-01 10:15:00,Long,3236.57,3230.48,0.17,3225.45,Opposite Signal,-103.53,23325.76
2856,2025-05-01 10:15:00,2025-05-01 13:30:00,Short,3230.48,3224.04,0.19,3240.73,Opposite Signal,122.36,23448.12
2857,2025-05-01 13:30:00,2025-05-01 14:30:00,Long,3224.04,3214.68,0.21,3214.68,Stop Loss,-196.55,23251.57
2858,2025-05-01 14:30:00,2025-05-01 15:15:00,Short,3214.25,3218.72,0.21,3223.49,Opposite Signal,-93.87,23157.7
2859,2025-05-01 15:15:00,2025-05-01 17:45:00,Long,3218.72,3219.01,0.17,3207.05,Opposite Signal,4.93,23162.63
2860,2025-05-01 17:45:00,2025-05-01 18:45:00,Short,3219.01,3216.47,0.13,3233.79,Opposite Signal,33.02,23195.65
2861,2025-05-01 18:45:00,2025-05-02 03:45:00,Long,3216.47,3231.28,0.14,3202.43,Opposite Signal,207.34,23402.99
2862,2025-05-02 03:45:00,2025-05-02 05:00:00,Short,3231.28,3240.14,0.22,3240.14,Stop Loss,-194.96,23208.03
2863,2025-05-02 05:00:00,2025-05-02 09:15:00,Long (Partial 50%),3242.94,3260.31,0.11,3242.94,Partial TP 1:2,191.09,23399.12
2863,2025-05-02 05:00:00,2025-05-02 09:30:00,Long,3242.94,3251.51,0.12,3245.88,Opposite Signal,102.84,23501.96
2864,2025-05-02 09:30:00,2025-05-02 10:30:00,Short,3251.51,3259.96,0.23,3259.96,Stop Loss,-194.34,23307.62
2865,2025-05-02 10:30:00,2025-05-02 13:00:00,Long,3258.61,3259.73,0.22,3249.74,Opposite Signal,24.64,23332.26
2866,2025-05-02 13:00:00,2025-05-02 14:15:00,Short,3259.73,3265.73,0.25,3267.69,Opposite Signal,-150.0,23182.26
2867,2025-05-02 14:15:00,2025-05-02 15:15:00,Long,3265.73,3258.1,0.26,3258.1,Stop Loss,-198.29,22983.98
2868,2025-05-02 15:15:00,2025-05-02 16:00:00,Short (Partial 50%),3258.24,3242.83,0.12,3258.24,Partial TP 1:2,184.87,23168.85
2868,2025-05-02 15:15:00,2025-05-02 16:15:00,Short,3258.24,3258.24,0.13,3258.24,Stop Loss,0.0,23168.85
2869,2025-05-02 16:15:00,2025-05-02 16:45:00,Long,3257.22,3245.33,0.16,3245.33,Stop Loss,-190.31,22978.54
2870,2025-05-02 18:15:00,2025-05-02 19:45:00,Short (Partial 50%),3251.04,3223.47,0.07,3251.04,Partial TP 1:2,193.01,23171.54
2870,2025-05-02 18:15:00,2025-05-02 20:15:00,Short,3251.04,3235.19,0.07,3241.2,Opposite Signal,110.95,23282.49
2871,2025-05-02 20:15:00,2025-05-02 21:30:00,Long,3235.19,3225.2,0.14,3221.07,Opposite Signal,-139.86,23142.63
2872,2025-05-02 21:30:00,2025-05-02 22:45:00,Short,3225.2,3233.47,0.16,3237.31,Opposite Signal,-132.32,23010.31
2873,2025-05-02 22:45:00,2025-05-05 03:30:00,Long,3233.47,3242.24,0.2,3223.51,Opposite Signal,175.4,23185.71
2874,2025-05-05 03:30:00,2025-05-05 04:00:00,Short,3242.24,3249.5,0.27,3249.5,Stop Loss,-196.04,22989.67
2875,2025-05-05 04:00:00,2025-05-05 06:00:00,Long,3259.0,3260.04,0.23,3250.31,Opposite Signal,23.92,23013.59
2876,2025-05-05 06:00:00,2025-05-05 09:30:00,Short,3260.04,3262.54,0.19,3270.3,Opposite Signal,-47.5,22966.09
2877,2025-05-05 09:30:00,2025-05-05 11:45:00,Long (Partial 50%),3262.54,3278.95,0.12,3262.54,Partial TP 1:2,196.93,23163.03
2877,2025-05-05 09:30:00,2025-05-05 16:30:00,Long,3262.54,3313.82,0.12,3313.82,Stop Loss,615.37,23778.4
2878,2025-05-05 17:45:00,2025-05-05 20:30:00,Short,3312.68,3314.48,0.18,3323.42,Opposite Signal,-32.4,23746.0
2879,2025-05-05 20:30:00,2025-05-05 22:15:00,Long (Partial 50%),3314.48,3331.51,0.11,3314.48,Partial TP 1:2,187.31,23933.31
2879,2025-05-05 20:30:00,2025-05-05 22:45:00,Long,3314.48,3329.06,0.12,3329.06,Stop Loss,175.01,24108.32
2880,2025-05-05 22:45:00,2025-05-06 01:00:00,Short,3328.91,3337.66,0.22,3337.66,Stop Loss,-192.46,23915.85
2881,2025-05-06 04:00:00,2025-05-06 05:15:00,Long (Partial 50%),3361.99,3386.69,0.08,3361.99,Partial TP 1:2,197.6,24113.45
2881,2025-05-06 04:00:00,2025-05-06 05:30:00,Long,3361.99,3366.86,0.08,3361.99,Opposite Signal,38.96,24152.41
2882,2025-05-06 05:30:00,2025-05-06 08:45:00,Short,3366.86,3361.86,0.12,3382.73,Opposite Signal,60.0,24212.41
2883,2025-05-06 08:45:00,2025-05-06 14:30:00,Long,3361.86,3374.46,0.15,3349.12,Opposite Signal,189.0,24401.41
2884,2025-05-06 14:30:00,2025-05-06 15:30:00,Short,3374.46,3383.19,0.22,3383.19,Stop Loss,-192.14,24209.27
2885,2025-05-06 15:30:00,2025-05-06 17:15:00,Long,3389.68,3383.95,0.19,3379.23,Opposite Signal,-108.87,24100.4
2886,2025-05-06 17:15:00,2025-05-06 18:00:00,Short,3383.95,3395.14,0.17,3395.14,Stop Loss,-190.26,23910.14
2887,2025-05-06 18:00:00,2025-05-06 22:45:00,Long (Partial 50%),3395.07,3418.99,0.08,3395.07,Partial TP 1:2,191.37,24101.51
2887,2025-05-06 18:00:00,2025-05-07 01:00:00,Long,3395.07,3425.14,0.08,3425.14,Stop Loss,240.58,24342.09
2888,2025-05-07 01:00:00,2025-05-07 01:15:00,Short (Partial 50%),3412.31,3385.59,0.07,3412.31,Partial TP 1:2,187.06,24529.15
2888,2025-05-07 01:00:00,2025-05-07 02:00:00,Short,3412.31,3394.02,0.07,3394.02,Stop Loss,128.06,24657.21
2889,2025-05-07 02:00:00,2025-05-07 03:15:00,Long,3395.11,3385.62,0.1,3375.78,Opposite Signal,-94.9,24562.31
2890,2025-05-07 03:15:00,2025-05-07 03:45:00,Short,3385.62,3379.45,0.11,3403.18,Opposite Signal,67.87,24630.18
2891,2025-05-07 03:45:00,2025-05-07 04:15:00,Long,3379.45,3365.32,0.09,3359.1,Opposite Signal,-127.17,24503.01
2892,2025-05-07 04:15:00,2025-05-07 05:15:00,Short,3365.32,3386.83,0.09,3386.83,Stop Loss,-193.6,24309.41
2893,2025-05-07 05:15:00,2025-05-07 06:15:00,Long,3385.79,3375.0,0.09,3365.39,Opposite Signal,-97.11,24212.3
2894,2025-05-07 06:15:00,2025-05-07 08:30:00,Short,3375.0,3386.71,0.11,3393.03,Opposite Signal,-128.81,24083.49
2895,2025-05-07 08:30:00,2025-05-07 10:30:00,Long,3386.71,3386.55,0.15,3373.92,Opposite Signal,-2.4,24081.09
2896,2025-05-07 10:30:00,2025-05-07 13:00:00,Short,3386.55,3383.97,0.18,3397.55,Opposite Signal,46.44,24127.53
2897,2025-05-07 13:00:00,2025-05-07 17:00:00,Long,3383.97,3385.87,0.16,3371.61,Opposite Signal,30.4,24157.93
2898,2025-05-07 17:00:00,2025-05-07 21:00:00,Short,3385.87,3397.01,0.17,3397.01,Stop Loss,-189.31,23968.62
2899,2025-05-07 21:00:00,2025-05-07 21:15:00,Long,3395.19,3385.88,0.21,3385.88,Stop Loss,-195.41,23773.22
2900,2025-05-07 21:15:00,2025-05-07 22:15:00,Short (Partial 50%),3387.36,3367.24,0.09,3387.36,Partial TP 1:2,181.12,23954.34
2900,2025-05-07 21:15:00,2025-05-08 01:00:00,Short,3387.36,3371.31,0.1,3371.31,Stop Loss,160.49,24114.83
2901,2025-05-08 02:00:00,2025-05-08 04:00:00,Long (Partial 50%),3371.67,3389.71,0.11,3371.67,Partial TP 1:2,198.41,24313.24
2901,2025-05-08 02:00:00,2025-05-08 06:00:00,Long,3371.67,3401.33,0.11,3401.33,Stop Loss,326.3,24639.54
2902,2025-05-08 06:15:00,2025-05-08 08:15:00,Short (Partial 50%),3398.61,3373.57,0.07,3398.61,Partial TP 1:2,175.28,24814.82
2902,2025-05-08 06:15:00,2025-05-08 10:30:00,Short,3398.61,3340.39,0.07,3340.39,Stop Loss,407.57,25222.39
2903,2025-05-08 10:30:00,2025-05-08 12:45:00,Long,3346.82,3332.0,0.12,3330.84,Opposite Signal,-177.84,25044.55
2904,2025-05-08 12:45:00,2025-05-08 13:15:00,Short,3332.0,3344.3,0.16,3344.3,Stop Loss,-196.76,24847.79
2905,2025-05-08 13:15:00,2025-05-08 16:45:00,Long,3345.65,3356.07,0.16,3333.18,Opposite Signal,166.72,25014.51
2906,2025-05-08 16:45:00,2025-05-08 18:45:00,Short (Partial 50%),3356.07,3333.03,0.08,3356.07,Partial TP 1:2,184.29,25198.8
2906,2025-05-08 16:45:00,2025-05-08 22:30:00,Short,3356.07,3300.57,0.09,3300.57,Stop Loss,499.47,25698.27
2907,2025-05-08 22:30:00,2025-05-09 02:00:00,Long,3302.32,3316.58,0.15,3289.33,Opposite Signal,213.9,25912.17
2908,2025-05-09 02:00:00,2025-05-09 03:45:00,Short,3316.58,3322.28,0.18,3327.23,Opposite Signal,-102.6,25809.57
2909,2025-05-09 03:45:00,2025-05-09 04:00:00,Long,3322.28,3315.44,0.2,3312.71,Opposite Signal,-136.8,25672.77
2910,2025-05-09 04:00:00,2025-05-09 04:30:00,Short (Partial 50%),3315.44,3295.44,0.09,3315.44,Partial TP 1:2,180.01,25852.78
2910,2025-05-09 04:00:00,2025-05-09 05:30:00,Short,3315.44,3286.55,0.1,3286.55,Stop Loss,288.85,26141.63
2911,2025-05-09 05:30:00,2025-05-09 07:45:00,Long (Partial 50%),3296.59,3327.0,0.06,3296.59,Partial TP 1:2,182.44,26324.07
2911,2025-05-09 05:30:00,2025-05-09 08:30:00,Long,3296.59,3319.43,0.07,3319.43,Stop Loss,159.87,26483.94
2912,2025-05-09 08:30:00,2025-05-09 10:00:00,Short,3319.09,3331.67,0.15,3331.67,Stop Loss,-188.72,26295.22
2913,2025-05-09 10:30:00,2025-05-09 11:15:00,Long,3330.12,3322.01,0.17,3318.73,Opposite Signal,-137.87,26157.35
2914,2025-05-09 11:15:00,2025-05-09 14:00:00,Short,3322.01,3331.13,0.18,3332.55,Opposite Signal,-164.16,25993.19
2915,2025-05-09 14:00:00,2025-05-09 16:45:00,Long,3331.13,3330.65,0.24,3323.06,Opposite Signal,-11.52,25981.67
2916,2025-05-09 16:45:00,2025-05-09 17:15:00,Short,3330.65,3338.14,0.21,3340.06,Opposite Signal,-157.29,25824.38
2917,2025-05-09 17:15:00,2025-05-09 19:15:00,Long,3338.14,3339.78,0.16,3326.33,Opposite Signal,26.24,25850.62
2918,2025-05-09 19:15:00,2025-05-12 01:00:00,Short (Partial 50%),3339.78,3319.07,0.09,3339.78,Partial TP 1:2,186.43,26037.04
2918,2025-05-09 19:15:00,2025-05-12 02:15:00,Short,3339.78,3281.16,0.1,3281.16,Stop Loss,586.16,26623.21
2919,2025-05-12 02:15:00,2025-05-12 03:30:00,Long,3285.54,3274.57,0.13,3271.15,Opposite Signal,-142.61,26480.6
2920,2025-05-12 03:30:00,2025-05-12 04:30:00,Short,3274.57,3273.8,0.13,3289.12,Opposite Signal,10.01,26490.61
2921,2025-05-12 04:30:00,2025-05-12 08:15:00,Long,3273.8,3274.25,0.12,3257.47,Opposite Signal,5.4,26496.01
2922,2025-05-12 08:15:00,2025-05-12 09:00:00,Short,3274.25,3279.65,0.21,3283.55,Opposite Signal,-113.4,26382.61
2923,2025-05-12 09:00:00,2025-05-12 10:00:00,Long,3279.65,3270.29,0.21,3270.29,Stop Loss,-196.61,26186.0
2924,2025-05-12 10:00:00,2025-05-12 10:45:00,Short (Partial 50%),3246.21,3219.15,0.07,3246.21,Partial TP 1:2,189.43,26375.43
2924,2025-05-12 10:00:00,2025-05-12 11:30:00,Short,3246.21,3233.64,0.07,3236.04,Opposite Signal,87.99,26463.42
2925,2025-05-12 11:30:00,2025-05-12 12:30:00,Long,3233.64,3221.93,0.12,3217.07,Opposite Signal,-140.52,26322.9
2926,2025-05-12 12:30:00,2025-05-12 14:00:00,Short,3221.93,3222.31,0.13,3236.27,Opposite Signal,-4.94,26317.96
2927,2025-05-12 14:00:00,2025-05-12 19:00:00,Long,3222.31,3231.53,0.13,3207.99,Opposite Signal,119.86,26437.82
2928,2025-05-12 19:00:00,2025-05-12 21:45:00,Short,3231.53,3229.66,0.15,3244.05,Opposite Signal,28.05,26465.87
2929,2025-05-12 21:45:00,2025-05-13 03:30:00,Long,3229.66,3235.45,0.23,3221.3,Opposite Signal,133.17,26599.04
2930,2025-05-13 03:30:00,2025-05-13 04:00:00,Short,3235.45,3242.96,0.26,3242.96,Stop Loss,-195.16,26403.88
2931,2025-05-13 04:45:00,2025-05-13 05:45:00,Long,3225.11,3228.97,0.18,3214.56,Opposite Signal,69.48,26473.36
2932,2025-05-13 05:45:00,2025-05-13 07:15:00,Short,3228.97,3238.42,0.16,3240.78,Opposite Signal,-151.2,26322.16
2933,2025-05-13 07:15:00,2025-05-13 08:00:00,Long (Partial 50%),3238.42,3255.84,0.11,3238.42,Partial TP 1:2,191.64,26513.8
2933,2025-05-13 07:15:00,2025-05-13 08:30:00,Long,3238.42,3253.0,0.11,3251.29,Opposite Signal,160.38,26674.18
2934,2025-05-13 08:30:00,2025-05-13 09:45:00,Short,3253.0,3262.52,0.21,3262.52,Stop Loss,-199.9,26474.28
2935,2025-05-13 09:45:00,2025-05-13 11:15:00,Long,3261.99,3254.14,0.19,3251.7,Opposite Signal,-149.15,26325.13
2936,2025-05-13 11:15:00,2025-05-13 15:30:00,Short,3254.14,3247.18,0.22,3262.95,Opposite Signal,153.12,26478.25
2937,2025-05-13 15:30:00,2025-05-13 16:15:00,Long,3247.18,3238.49,0.23,3238.49,Stop Loss,-199.95,26278.3
2938,2025-05-13 16:30:00,2025-05-13 17:15:00,Short,3238.15,3240.55,0.18,3248.9,Opposite Signal,-43.2,26235.1
2939,2025-05-13 17:15:00,2025-05-13 20:00:00,Long,3240.55,3247.21,0.16,3228.54,Opposite Signal,106.56,26341.66
2940,2025-05-13 20:00:00,2025-05-13 23:15:00,Short,3247.21,3254.0,0.21,3256.41,Opposite Signal,-142.59,26199.07
2941,2025-05-13 23:15:00,2025-05-14 01:00:00,Long,3254.0,3247.89,0.32,3247.89,Stop Loss,-195.62,26003.45
2942,2025-05-14 03:00:00,2025-05-14 04:15:00,Short,3245.18,3250.43,0.32,3251.42,Opposite Signal,-168.0,25835.45
2943,2025-05-14 04:15:00,2025-05-14 04:30:00,Long,3250.43,3244.75,0.24,3242.41,Opposite Signal,-136.32,25699.13
2944,2025-05-14 04:30:00,2025-05-14 06:15:00,Short (Partial 50%),3244.75,3227.54,0.11,3244.75,Partial TP 1:2,189.35,25888.47
2944,2025-05-14 04:30:00,2025-05-14 07:30:00,Short,3244.75,3230.24,0.12,3230.24,Stop Loss,174.16,26062.63
2945,2025-05-14 08:45:00,2025-05-14 10:00:00,Long,3233.85,3225.23,0.23,3225.23,Stop Loss,-198.21,25864.42
2946,2025-05-14 10:00:00,2025-05-14 10:15:00,Short,3226.75,3232.85,0.23,3235.25,Opposite Signal,-140.3,25724.12
2947,2025-05-14 10:15:00,2025-05-14 11:30:00,Long,3232.85,3231.17,0.22,3224.08,Opposite Signal,-36.96,25687.16
2948,2025-05-14 11:30:00,2025-05-14 14:00:00,Short,3231.17,3237.54,0.21,3240.37,Opposite Signal,-133.77,25553.39
2949,2025-05-14 14:00:00,2025-05-14 14:30:00,Long,3237.54,3231.2,0.25,3229.84,Opposite Signal,-158.5,25394.89
2950,2025-05-14 14:30:00,2025-05-14 15:00:00,Short (Partial 50%),3231.2,3215.52,0.12,3231.2,Partial TP 1:2,188.16,25583.05
2950,2025-05-14 14:30:00,2025-05-14 16:15:00,Short,3231.2,3188.34,0.13,3188.34,Stop Loss,557.19,26140.25
2951,2025-05-14 16:30:00,2025-05-14 18:00:00,Long,3189.11,3180.37,0.13,3174.49,Opposite Signal,-113.62,26026.63
2952,2025-05-14 18:00:00,2025-05-14 19:45:00,Short,3180.37,3188.5,0.14,3193.79,Opposite Signal,-113.82,25912.81
2953,2025-05-14 19:45:00,2025-05-14 21:00:00,Long,3188.5,3176.32,0.16,3176.32,Stop Loss,-194.87,25717.94
2954,2025-05-14 21:00:00,2025-05-14 22:30:00,Short,3176.41,3178.64,0.19,3186.55,Opposite Signal,-42.37,25675.57
2955,2025-05-14 22:30:00,2025-05-15 03:15:00,Long,3178.64,3181.0,0.22,3169.72,Opposite Signal,51.92,25727.49
2956,2025-05-15 03:15:00,2025-05-15 03:45:00,Short,3181.0,3187.4,0.31,3187.4,Stop Loss,-198.27,25529.22
2957,2025-05-15 03:45:00,2025-05-15 04:30:00,Long,3187.66,3180.9,0.29,3180.9,Stop Loss,-196.07,25333.15
2958,2025-05-15 04:30:00,2025-05-15 05:30:00,Short (Partial 50%),3177.85,3160.7,0.11,3177.85,Partial TP 1:2,188.65,25521.8
2958,2025-05-15 04:30:00,2025-05-15 09:15:00,Short,3177.85,3134.4,0.12,3134.4,Stop Loss,521.36,26043.16
2959,2025-05-15 09:15:00,2025-05-15 10:30:00,Long,3140.34,3132.11,0.16,3127.89,Opposite Signal,-131.68,25911.48
2960,2025-05-15 10:30:00,2025-05-15 10:45:00,Short,3132.11,3142.18,0.14,3146.09,Opposite Signal,-140.98,25770.5
2961,2025-05-15 10:45:00,2025-05-15 13:00:00,Long (Partial 50%),3142.18,3171.6,0.06,3142.18,Partial TP 1:2,176.53,25947.03
2961,2025-05-15 10:45:00,2025-05-15 16:45:00,Long,3142.18,3187.87,0.07,3187.87,Stop Loss,319.84,26266.87
2962,2025-05-15 20:30:00,2025-05-15 21:00:00,Short,3217.24,3224.56,0.21,3226.37,Opposite Signal,-153.72,26113.15
2963,2025-05-15 21:00:00,2025-05-16 01:00:00,Long (Partial 50%),3224.56,3242.46,0.11,3224.56,Partial TP 1:2,196.86,26310.01
2963,2025-05-15 21:00:00,2025-05-16 02:00:00,Long,3224.56,3246.21,0.11,3246.21,Stop Loss,238.2,26548.21
2964,2025-05-16 02:15:00,2025-05-16 03:45:00,Short,3243.05,3243.0,0.25,3251.01,Opposite Signal,1.25,26549.46
2965,2025-05-16 03:45:00,2025-05-16 04:00:00,Long,3243.0,3233.69,0.21,3233.69,Stop Loss,-195.41,26354.05
2966,2025-05-16 04:00:00,2025-05-16 06:00:00,Short (Partial 50%),3230.86,3209.33,0.09,3230.86,Partial TP 1:2,193.73,26547.78
2966,2025-05-16 04:00:00,2025-05-16 07:15:00,Short,3230.86,3215.87,0.09,3215.87,Stop Loss,134.9,26682.68
2967,2025-05-16 07:30:00,2025-05-16 09:15:00,Long,3217.3,3220.0,0.2,3207.58,Opposite Signal,54.0,26736.68
2968,2025-05-16 09:15:00,2025-05-16 11:00:00,Short (Partial 50%),3220.0,3197.43,0.08,3220.0,Partial TP 1:2,180.57,26917.25
2968,2025-05-16 09:15:00,2025-05-16 11:15:00,Short,3220.0,3205.65,0.09,3213.83,Opposite Signal,129.15,27046.4
2969,2025-05-16 11:15:00,2025-05-16 13:15:00,Long,3205.65,3201.76,0.16,3193.38,Opposite Signal,-62.24,26984.16
2970,2025-05-16 13:15:00,2025-05-16 13:45:00,Short (Partial 50%),3201.76,3181.17,0.09,3201.76,Partial TP 1:2,185.28,27169.45
2970,2025-05-16 13:15:00,2025-05-16 15:15:00,Short,3201.76,3173.21,0.1,3173.21,Stop Loss,285.52,27454.97
2971,2025-05-16 15:15:00,2025-05-16 17:30:00,Long,3173.88,3169.81,0.12,3158.21,Opposite Signal,-48.84,27406.13
2972,2025-05-16 17:30:00,2025-05-16 18:30:00,Short,3169.81,3180.79,0.12,3185.28,Opposite Signal,-131.76,27274.37
2973,2025-05-16 18:30:00,2025-05-19 01:00:00,Long (Partial 50%),3180.79,3207.09,0.07,3180.79,Partial TP 1:2,184.09,27458.46
2973,2025-05-16 18:30:00,2025-05-19 02:30:00,Long,3180.79,3236.47,0.07,3236.47,Stop Loss,389.73,27848.19
2974,2025-05-19 02:30:00,2025-05-19 03:00:00,Short,3232.21,3244.34,0.16,3244.34,Stop Loss,-194.06,27654.13
2975,2025-05-19 03:00:00,2025-05-19 04:00:00,Long,3245.41,3231.91,0.14,3231.91,Stop Loss,-189.03,27465.1
2976,2025-05-19 04:00:00,2025-05-19 05:45:00,Short,3233.38,3228.46,0.14,3246.85,Opposite Signal,68.88,27533.98
2977,2025-05-19 05:45:00,2025-05-19 06:30:00,Long,3228.46,3218.05,0.15,3215.35,Opposite Signal,-156.15,27377.83
2978,2025-05-19 06:30:00,2025-05-19 08:45:00,Short,3218.05,3223.96,0.16,3230.35,Opposite Signal,-94.56,27283.27
2979,2025-05-19 08:45:00,2025-05-19 11:45:00,Long (Partial 50%),3223.96,3244.11,0.09,3223.96,Partial TP 1:2,181.34,27464.61
2979,2025-05-19 08:45:00,2025-05-19 12:15:00,Long,3223.96,3234.27,0.1,3234.27,Stop Loss,103.12,27567.73
2980,2025-05-19 15:45:00,2025-05-19 16:00:00,Short,3229.25,3237.75,0.21,3238.35,Opposite Signal,-178.5,27389.23
2981,2025-05-19 16:00:00,2025-05-19 16:30:00,Long,3237.75,3228.0,0.2,3228.0,Stop Loss,-195.02,27194.21
2982,2025-05-19 16:45:00,2025-05-19 17:15:00,Short,3229.91,3231.23,0.18,3240.92,Opposite Signal,-23.76,27170.45
2983,2025-05-19 17:15:00,2025-05-19 20:30:00,Long,3231.23,3225.56,0.16,3218.8,Opposite Signal,-90.72,27079.73
2984,2025-05-19 20:30:00,2025-05-19 21:15:00,Short,3225.56,3234.0,0.22,3234.47,Opposite Signal,-185.68,26894.05
2985,2025-05-19 21:15:00,2025-05-19 23:15:00,Long,3234.0,3229.54,0.23,3225.57,Opposite Signal,-102.58,26791.47
2986,2025-05-19 23:15:00,2025-05-20 03:15:00,Short (Partial 50%),3229.54,3217.99,0.17,3229.54,Partial TP 1:2,196.27,26987.74
2986,2025-05-19 23:15:00,2025-05-20 03:45:00,Short,3229.54,3222.71,0.17,3224.52,Opposite Signal,116.11,27103.85
2987,2025-05-20 03:45:00,2025-05-20 04:45:00,Long,3222.71,3221.12,0.34,3216.87,Opposite Signal,-54.06,27049.79
2988,2025-05-20 04:45:00,2025-05-20 06:00:00,Short (Partial 50%),3221.12,3206.05,0.13,3221.12,Partial TP 1:2,195.86,27245.65
2988,2025-05-20 04:45:00,2025-05-20 06:15:00,Short,3221.12,3212.56,0.13,3218.26,Opposite Signal,111.28,27356.93
2989,2025-05-20 06:15:00,2025-05-20 08:30:00,Long,3212.56,3211.48,0.23,3204.02,Opposite Signal,-24.84,27332.09
2990,2025-05-20 08:30:00,2025-05-20 09:00:00,Short,3211.48,3216.91,0.26,3219.16,Opposite Signal,-141.18,27190.91
2991,2025-05-20 09:00:00,2025-05-20 09:30:00,Long,3216.91,3210.15,0.24,3208.79,Opposite Signal,-162.24,27028.67
2992,2025-05-20 09:30:00,2025-05-20 10:15:00,Short,3210.15,3215.93,0.23,3218.5,Opposite Signal,-132.94,26895.73
2993,2025-05-20 10:15:00,2025-05-20 11:45:00,Long (Partial 50%),3215.93,3232.08,0.12,3215.93,Partial TP 1:2,193.78,27089.51
2993,2025-05-20 10:15:00,2025-05-20 15:00:00,Long,3215.93,3236.68,0.12,3236.68,Stop Loss,249.02,27338.53
2994,2025-05-20 15:00:00,2025-05-20 15:15:00,Short,3236.4,3241.33,0.28,3243.4,Opposite Signal,-138.04,27200.49
2995,2025-05-20 15:15:00,2025-05-20 16:00:00,Long,3241.33,3233.95,0.27,3233.95,Stop Loss,-199.3,27001.19
2996,2025-05-20 16:00:00,2025-05-20 16:30:00,Short,3236.56,3245.48,0.22,3245.48,Stop Loss,-196.24,26804.95
2997,2025-05-20 16:45:00,2025-05-20 17:15:00,Long (Partial 50%),3261.18,3283.7,0.08,3261.18,Partial TP 1:2,180.15,26985.1
2997,2025-05-20 16:45:00,2025-05-20 18:00:00,Long,3261.18,3273.92,0.09,3273.92,Stop Loss,114.63,27099.74
2998,2025-05-20 23:15:00,2025-05-21 01:00:00,Short,3290.38,3296.6,0.32,3296.6,Stop Loss,-199.0,26900.73
2999,2025-05-21 01:00:00,2025-05-21 01:30:00,Long,3299.51,3293.0,0.27,3292.36,Opposite Signal,-175.77,26724.96
3000,2025-05-21 01:30:00,2025-05-21 03:15:00,Short,3293.0,3295.61,0.27,3300.29,Opposite Signal,-70.47,26654.49
3001,2025-05-21 03:15:00,2025-05-21 04:00:00,Long (Partial 50%),3295.61,3310.27,0.13,3295.61,Partial TP 1:2,190.63,26845.13
3001,2025-05-21 03:15:00,2025-05-21 04:15:00,Long,3295.61,3295.61,0.14,3295.61,Stop Loss,0.0,26845.13
3002,2025-05-21 05:00:00,2025-05-21 08:00:00,Long,3297.48,3299.78,0.18,3286.49,Opposite Signal,41.4,26886.53
3003,2025-05-21 08:00:00,2025-05-21 08:30:00,Short,3299.78,3307.97,0.24,3307.97,Stop Loss,-196.49,26690.04
3004,2025-05-21 08:30:00,2025-05-21 10:00:00,Long,3312.65,3311.48,0.21,3303.53,Opposite Signal,-24.57,26665.47
3005,2025-05-21 10:00:00,2025-05-21 12:45:00,Short,3311.48,3313.59,0.21,3320.96,Opposite Signal,-44.31,26621.16
3006,2025-05-21 12:45:00,2025-05-21 14:00:00,Long,3313.59,3309.74,0.23,3305.23,Opposite Signal,-88.55,26532.61
3007,2025-05-21 14:00:00,2025-05-21 15:15:00,Short (Partial 50%),3309.74,3292.59,0.11,3309.74,Partial TP 1:2,188.69,26721.29
3007,2025-05-21 14:00:00,2025-05-21 16:00:00,Short,3309.74,3306.01,0.12,3306.01,Stop Loss,44.81,26766.1
3008,2025-05-21 16:00:00,2025-05-21 17:00:00,Long,3305.68,3298.5,0.18,3295.09,Opposite Signal,-129.24,26636.86
3009,2025-05-21 17:00:00,2025-05-21 17:15:00,Short,3298.5,3306.19,0.17,3309.97,Opposite Signal,-130.73,26506.13
3010,2025-05-21 17:15:00,2025-05-21 19:30:00,Long,3306.19,3305.8,0.17,3294.49,Opposite Signal,-6.63,26499.5
3011,2025-05-21 19:30:00,2025-05-21 20:00:00,Short,3305.8,3311.14,0.21,3315.07,Opposite Signal,-112.14,26387.36
3012,2025-05-21 20:00:00,2025-05-21 22:45:00,Long,3311.14,3318.16,0.21,3301.72,Opposite Signal,147.42,26534.78
3013,2025-05-21 22:45:00,2025-05-22 01:15:00,Short,3318.16,3319.51,0.23,3326.54,Opposite Signal,-31.05,26503.73
3014,2025-05-22 01:15:00,2025-05-22 04:15:00,Long (Partial 50%),3319.51,3334.72,0.13,3319.51,Partial TP 1:2,197.76,26701.49
3014,2025-05-22 01:15:00,2025-05-22 05:00:00,Long,3319.51,3336.65,0.13,3336.65,Stop Loss,222.76,26924.26
3015,2025-05-22 06:45:00,2025-05-22 11:15:00,Short (Partial 50%),3335.44,3319.41,0.12,3335.44,Partial TP 1:2,192.38,27116.64
3015,2025-05-22 06:45:00,2025-05-22 14:15:00,Short,3335.44,3296.26,0.12,3296.26,Stop Loss,470.15,27586.79
3016,2025-05-22 14:30:00,2025-05-22 15:45:00,Long,3300.02,3304.19,0.18,3289.31,Opposite Signal,75.06,27661.85
3017,2025-05-22 15:45:00,2025-05-22 16:00:00,Short,3304.19,3314.75,0.16,3316.11,Opposite Signal,-168.96,27492.89
3018,2025-05-22 16:00:00,2025-05-22 16:45:00,Long,3314.75,3302.4,0.16,3302.4,Stop Loss,-197.63,27295.25
3019,2025-05-22 16:45:00,2025-05-22 17:15:00,Short,3287.58,3297.39,0.14,3301.83,Opposite Signal,-137.34,27157.91
3020,2025-05-22 17:15:00,2025-05-22 18:00:00,Long,3297.39,3281.97,0.12,3281.97,Stop Loss,-185.03,26972.88
3021,2025-05-22 18:00:00,2025-05-22 19:30:00,Short,3289.67,3302.66,0.12,3305.52,Opposite Signal,-155.88,26817.0
3022,2025-05-22 19:30:00,2025-05-22 20:30:00,Long,3302.66,3290.18,0.16,3290.18,Stop Loss,-199.62,26617.38
3023,2025-05-22 21:30:00,2025-05-23 01:00:00,Short,3294.0,3296.51,0.21,3303.49,Opposite Signal,-52.71,26564.67
3024,2025-05-23 01:00:00,2025-05-23 03:45:00,Long,3296.51,3290.06,0.31,3290.06,Stop Loss,-199.84,26364.83
3025,2025-05-23 05:00:00,2025-05-23 06:30:00,Short,3299.16,3301.26,0.21,3308.46,Opposite Signal,-44.1,26320.73
3026,2025-05-23 06:30:00,2025-05-23 08:00:00,Long (Partial 50%),3301.26,3318.13,0.11,3301.26,Partial TP 1:2,185.55,26506.28
3026,2025-05-23 06:30:00,2025-05-23 11:00:00,Long,3301.26,3326.24,0.12,3326.24,Stop Loss,299.78,26806.06
3027,2025-05-23 11:15:00,2025-05-23 12:00:00,Short,3322.93,3328.11,0.26,3330.42,Opposite Signal,-134.68,26671.38
3028,2025-05-23 12:00:00,2025-05-23 13:00:00,Long,3328.11,3326.65,0.27,3320.88,Opposite Signal,-39.42,26631.96
3029,2025-05-23 13:00:00,2025-05-23 14:15:00,Short,3326.65,3331.21,0.26,3334.06,Opposite Signal,-118.56,26513.4
3030,2025-05-23 14:15:00,2025-05-23 14:45:00,Long (Partial 50%),3331.21,3345.97,0.13,3331.21,Partial TP 1:2,191.88,26705.28
3030,2025-05-23 14:15:00,2025-05-23 16:15:00,Long,3331.21,3349.89,0.14,3349.89,Stop Loss,261.5,26966.77
3031,2025-05-23 16:30:00,2025-05-23 17:15:00,Short,3345.25,3351.31,0.13,3359.63,Opposite Signal,-78.78,26887.99
3032,2025-05-23 17:15:00,2025-05-23 23:30:00,Long,3351.31,3358.02,0.13,3336.59,Opposite Signal,87.23,26975.22
3033,2025-05-23 23:30:00,2025-05-26 01:15:00,Short (Partial 50%),3358.02,3345.35,0.15,3358.02,Partial TP 1:2,190.11,27165.33
3033,2025-05-23 23:30:00,2025-05-26 01:30:00,Short,3358.02,3349.46,0.16,3355.39,Opposite Signal,136.96,27302.29
3034,2025-05-26 01:30:00,2025-05-26 02:45:00,Long,3349.46,3342.76,0.22,3340.57,Opposite Signal,-147.4,27154.89
3035,2025-05-26 02:45:00,2025-05-26 03:45:00,Short,3342.76,3341.66,0.23,3351.11,Opposite Signal,25.3,27180.19
3036,2025-05-26 03:45:00,2025-05-26 06:15:00,Long,3341.66,3344.77,0.2,3331.99,Opposite Signal,62.2,27242.39
3037,2025-05-26 06:15:00,2025-05-26 12:15:00,Short (Partial 50%),3344.77,3326.01,0.1,3344.77,Partial TP 1:2,187.56,27429.95
3037,2025-05-26 06:15:00,2025-05-26 13:15:00,Short,3344.77,3333.5,0.1,3333.5,Stop Loss,112.71,27542.66
3038,2025-05-26 14:45:00,2025-05-26 15:15:00,Long,3333.01,3327.46,0.36,3327.46,Stop Loss,-199.79,27342.87
3039,2025-05-26 15:15:00,2025-05-26 15:30:00,Short,3326.65,3332.64,0.33,3332.64,Stop Loss,-197.51,27145.36
3040,2025-05-26 15:30:00,2025-05-27 01:00:00,Long (Partial 50%),3333.91,3347.05,0.15,3333.91,Partial TP 1:2,197.1,27342.47
3040,2025-05-26 15:30:00,2025-05-27 02:45:00,Long,3333.91,3345.21,0.15,3345.21,Stop Loss,169.56,27512.03
3041,2025-05-27 03:15:00,2025-05-27 04:30:00,Short (Partial 50%),3344.49,3335.43,0.22,3344.49,Partial TP 1:2,199.31,27711.34
3041,2025-05-27 03:15:00,2025-05-27 05:00:00,Short,3344.49,3339.51,0.22,3340.0,Opposite Signal,109.56,27820.9
3042,2025-05-27 05:00:00,2025-05-27 06:45:00,Long,3339.51,3341.08,0.3,3333.05,Opposite Signal,47.1,27868.0
3043,2025-05-27 06:45:00,2025-05-27 08:00:00,Short (Partial 50%),3341.08,3329.5,0.17,3341.08,Partial TP 1:2,196.83,28064.83
3043,2025-05-27 06:45:00,2025-05-27 11:00:00,Short,3341.08,3304.78,0.17,3304.78,Stop Loss,617.18,28682.01
3044,2025-05-27 11:00:00,2025-05-27 11:45:00,Long,3305.74,3298.64,0.16,3293.28,Opposite Signal,-113.6,28568.41
3045,2025-05-27 11:45:00,2025-05-27 15:15:00,Short,3298.64,3295.08,0.17,3310.3,Opposite Signal,60.52,28628.93
3046,2025-05-27 15:15:00,2025-05-27 17:00:00,Long,3295.08,3285.98,0.21,3285.98,Stop Loss,-191.02,28437.91
3047,2025-05-27 18:30:00,2025-05-27 20:00:00,Short,3291.68,3299.19,0.21,3300.95,Opposite Signal,-157.71,28280.2
3048,2025-05-27 20:00:00,2025-05-27 23:00:00,Long,3299.19,3303.51,0.28,3292.15,Opposite Signal,120.96,28401.16
3049,2025-05-27 23:00:00,2025-05-28 01:15:00,Short,3303.51,3304.56,0.4,3308.48,Opposite Signal,-42.0,28359.16
3050,2025-05-28 01:15:00,2025-05-28 02:00:00,Long,3304.56,3299.69,0.41,3299.69,Stop Loss,-199.81,28159.35
3051,2025-05-28 03:45:00,2025-05-28 05:00:00,Short,3308.41,3306.39,0.36,3313.9,Opposite Signal,72.72,28232.07
3052,2025-05-28 05:00:00,2025-05-28 05:45:00,Long,3306.39,3302.47,0.24,3298.32,Opposite Signal,-94.08,28137.99
3053,2025-05-28 05:45:00,2025-05-28 08:00:00,Short,3302.47,3302.94,0.24,3310.5,Opposite Signal,-11.28,28126.71
3054,2025-05-28 08:00:00,2025-05-28 09:00:00,Long,3302.94,3299.97,0.26,3295.34,Opposite Signal,-77.22,28049.49
3055,2025-05-28 09:00:00,2025-05-28 09:30:00,Short,3299.97,3306.55,0.24,3308.25,Opposite Signal,-157.92,27891.57
3056,2025-05-28 09:30:00,2025-05-28 11:00:00,Long (Partial 50%),3306.55,3322.8,0.12,3306.55,Partial TP 1:2,194.98,28086.55
3056,2025-05-28 09:30:00,2025-05-28 11:30:00,Long,3306.55,3317.52,0.12,3312.76,Opposite Signal,131.64,28218.19
3057,2025-05-28 11:30:00,2025-05-28 12:15:00,Short,3317.52,3323.33,0.24,3325.55,Opposite Signal,-139.44,28078.75
3058,2025-05-28 12:15:00,2025-05-28 13:30:00,Long,3323.33,3315.58,0.25,3315.58,Stop Loss,-193.63,27885.11
3059,2025-05-28 13:30:00,2025-05-28 16:30:00,Short (Partial 50%),3315.91,3302.29,0.14,3315.91,Partial TP 1:2,190.64,28075.75
3059,2025-05-28 13:30:00,2025-05-28 17:15:00,Short,3315.91,3307.89,0.14,3310.07,Opposite Signal,112.28,28188.03
3060,2025-05-28 17:15:00,2025-05-28 18:00:00,Long,3307.89,3298.72,0.21,3298.72,Stop Loss,-192.5,27995.54
3061,2025-05-28 18:00:00,2025-05-28 20:30:00,Short,3299.16,3297.36,0.21,3308.36,Opposite Signal,37.8,28033.34
3062,2025-05-28 20:30:00,2025-05-28 22:00:00,Long,3297.36,3295.75,0.27,3290.12,Opposite Signal,-43.47,27989.87
3063,2025-05-28 22:00:00,2025-05-28 23:45:00,Short (Partial 50%),3295.75,3281.95,0.14,3295.75,Partial TP 1:2,193.16,28183.02
3063,2025-05-28 22:00:00,2025-05-29 02:45:00,Short,3295.75,3261.28,0.14,3261.28,Stop Loss,482.54,28665.56
3064,2025-05-29 03:15:00,2025-05-29 04:00:00,Long,3261.41,3252.52,0.14,3248.01,Opposite Signal,-124.46,28541.1
3065,2025-05-29 04:00:00,2025-05-29 04:45:00,Short,3252.52,3263.5,0.13,3266.96,Opposite Signal,-142.74,28398.36
3066,2025-05-29 04:45:00,2025-05-29 07:45:00,Long,3263.5,3268.95,0.13,3248.3,Opposite Signal,70.85,28469.21
3067,2025-05-29 07:45:00,2025-05-29 10:00:00,Short,3268.95,3278.3,0.2,3278.52,Opposite Signal,-187.0,28282.21
3068,2025-05-29 10:00:00,2025-05-29 11:30:00,Long,3278.3,3280.4,0.23,3269.79,Opposite Signal,48.3,28330.51
3069,2025-05-29 11:30:00,2025-05-29 13:00:00,Short,3280.4,3288.84,0.23,3288.84,Stop Loss,-194.12,28136.39
3070,2025-05-29 13:00:00,2025-05-29 14:30:00,Long (Partial 50%),3288.88,3303.89,0.13,3288.88,Partial TP 1:2,195.18,28331.57
3070,2025-05-29 13:00:00,2025-05-29 16:00:00,Long,3288.88,3310.36,0.13,3310.36,Stop Loss,279.22,28610.79
3071,2025-05-29 17:15:00,2025-05-29 18:00:00,Short,3310.88,3316.13,0.18,3321.86,Opposite Signal,-94.5,28516.29
3072,2025-05-29 18:00:00,2025-05-29 19:45:00,Long,3316.13,3322.22,0.18,3305.24,Opposite Signal,109.62,28625.91
3073,2025-05-29 19:45:00,2025-05-30 04:00:00,Short,3322.22,3316.07,0.21,3331.48,Opposite Signal,129.15,28755.06
3074,2025-05-30 04:00:00,2025-05-30 04:30:00,Long,3316.07,3310.36,0.35,3310.36,Stop Loss,-199.74,28555.31
3075,2025-05-30 04:30:00,2025-05-30 05:30:00,Short (Partial 50%),3312.26,3298.73,0.14,3312.26,Partial TP 1:2,189.45,28744.76
3075,2025-05-30 04:30:00,2025-05-30 08:15:00,Short,3312.26,3297.0,0.14,3297.0,Stop Loss,213.64,28958.4
3076,2025-05-30 08:30:00,2025-05-30 09:00:00,Long,3299.11,3291.76,0.27,3291.76,Stop Loss,-198.46,28759.94
3077,2025-05-30 09:00:00,2025-05-30 09:45:00,Short,3294.24,3301.67,0.22,3303.09,Opposite Signal,-163.46,28596.48
3078,2025-05-30 09:45:00,2025-05-30 10:00:00,Long,3301.67,3292.25,0.21,3292.25,Stop Loss,-197.92,28398.57
3079,2025-05-30 10:00:00,2025-05-30 13:00:00,Short,3292.13,3299.61,0.18,3302.77,Opposite Signal,-134.64,28263.93
3080,2025-05-30 13:00:00,2025-05-30 13:30:00,Long,3299.61,3294.3,0.25,3291.76,Opposite Signal,-132.75,28131.18
3081,2025-05-30 13:30:00,2025-05-30 15:00:00,Short,3294.3,3301.73,0.26,3301.73,Stop Loss,-193.27,27937.91
3082,2025-05-30 15:00:00,2025-05-30 16:15:00,Long,3302.7,3294.69,0.2,3292.73,Opposite Signal,-160.2,27777.71
3083,2025-05-30 16:15:00,2025-05-30 17:00:00,Short (Partial 50%),3294.69,3273.85,0.09,3294.69,Partial TP 1:2,187.57,27965.28
3083,2025-05-30 16:15:00,2025-05-30 18:15:00,Short,3294.69,3287.92,0.1,3287.92,Stop Loss,67.74,28033.02
3084,2025-05-30 18:15:00,2025-05-30 23:15:00,Long,3286.87,3290.19,0.15,3273.59,Opposite Signal,49.8,28082.82
3085,2025-05-30 23:15:00,2025-06-02 01:00:00,Short,3290.19,3296.02,0.34,3296.02,Stop Loss,-198.25,27884.57
3086,2025-06-02 01:00:00,2025-06-02 03:30:00,Long,3307.06,3307.31,0.26,3299.5,Opposite Signal,6.5,27891.07
3087,2025-06-02 03:30:00,2025-06-02 07:00:00,Short,3307.31,3311.35,0.25,3315.23,Opposite Signal,-101.0,27790.07
3088,2025-06-02 07:00:00,2025-06-02 08:45:00,Long (Partial 50%),3311.35,3324.18,0.15,3311.35,Partial TP 1:2,192.4,27982.46
3088,2025-06-02 07:00:00,2025-06-02 12:00:00,Long,3311.35,3348.26,0.16,3348.26,Stop Loss,590.51,28572.97
3089,2025-06-02 12:15:00,2025-06-02 14:15:00,Short,3346.98,3353.35,0.24,3355.08,Opposite Signal,-152.88,28420.09
3090,2025-06-02 14:15:00,2025-06-02 15:45:00,Long,3353.35,3355.37,0.26,3345.92,Opposite Signal,52.52,28472.61
3091,2025-06-02 15:45:00,2025-06-02 16:30:00,Short,3355.37,3363.47,0.24,3363.47,Stop Loss,-194.51,28278.11
3092,2025-06-02 16:30:00,2025-06-02 19:30:00,Long,3366.67,3370.47,0.2,3356.94,Opposite Signal,76.0,28354.11
3093,2025-06-02 19:30:00,2025-06-02 21:30:00,Short,3370.47,3377.35,0.22,3379.38,Opposite Signal,-151.36,28202.75
3094,2025-06-02 21:30:00,2025-06-03 01:15:00,Long (Partial 50%),3377.35,3391.37,0.14,3377.35,Partial TP 1:2,196.24,28398.99
3094,2025-06-02 21:30:00,2025-06-03 02:15:00,Long,3377.35,3386.48,0.14,3386.48,Stop Loss,127.78,28526.77
3095,2025-06-03 02:15:00,2025-06-03 03:30:00,Short (Partial 50%),3385.32,3374.41,0.18,3385.32,Partial TP 1:2,196.37,28723.14
3095,2025-06-03 02:15:00,2025-06-03 04:30:00,Short,3385.32,3372.51,0.18,3372.51,Stop Loss,230.5,28953.64
3096,2025-06-03 04:30:00,2025-06-03 05:30:00,Long,3373.19,3365.17,0.24,3365.17,Stop Loss,-192.53,28761.11
3097,2025-06-03 05:30:00,2025-06-03 08:45:00,Short,3367.67,3365.08,0.23,3376.07,Opposite Signal,59.57,28820.68
3098,2025-06-03 08:45:00,2025-06-03 09:30:00,Long,3365.08,3357.42,0.26,3357.42,Stop Loss,-199.19,28621.49
3099,2025-06-03 09:30:00,2025-06-03 11:00:00,Short,3355.58,3364.7,0.21,3364.7,Stop Loss,-191.46,28430.03
3100,2025-06-03 11:00:00,2025-06-03 12:45:00,Long,3363.55,3356.83,0.22,3354.73,Opposite Signal,-147.84,28282.19
3101,2025-06-03 12:45:00,2025-06-03 15:30:00,Short,3356.83,3361.42,0.27,3364.22,Opposite Signal,-123.93,28158.26
3102,2025-06-03 15:30:00,2025-06-03 16:30:00,Long,3361.42,3353.76,0.26,3353.76,Stop Loss,-199.06,27959.2
3103,2025-06-03 16:30:00,2025-06-03 17:00:00,Short (Partial 50%),3351.89,3334.88,0.11,3351.89,Partial TP 1:2,187.07,28146.27
3103,2025-06-03 16:30:00,2025-06-03 17:15:00,Short,3351.89,3346.43,0.12,3351.89,Opposite Signal,65.52,28211.79
3104,2025-06-03 17:15:00,2025-06-04 03:00:00,Long,3346.43,3354.0,0.18,3335.73,Opposite Signal,136.26,28348.05
3105,2025-06-04 03:00:00,2025-06-04 03:15:00,Short,3354.0,3358.89,0.4,3358.89,Stop Loss,-195.7,28152.36
3106,2025-06-04 04:00:00,2025-06-04 04:45:00,Long (Partial 50%),3358.03,3372.1,0.14,3358.03,Partial TP 1:2,196.96,28349.32
3106,2025-06-04 04:00:00,2025-06-04 05:30:00,Long,3358.03,3367.17,0.14,3367.17,Stop Loss,127.97,28477.29
3107,2025-06-04 05:30:00,2025-06-04 08:15:00,Short (Partial 50%),3366.21,3351.21,0.13,3366.21,Partial TP 1:2,194.98,28672.27
3107,2025-06-04 05:30:00,2025-06-04 09:30:00,Short,3366.21,3355.9,0.13,3355.9,Stop Loss,134.09,28806.36
3108,2025-06-04 09:30:00,2025-06-04 10:45:00,Long,3356.14,3354.6,0.27,3348.98,Opposite Signal,-41.58,28764.78
3109,2025-06-04 10:45:00,2025-06-04 11:30:00,Short,3354.6,3360.15,0.25,3362.35,Opposite Signal,-138.75,28626.03
3110,2025-06-04 11:30:00,2025-06-04 13:15:00,Long,3360.15,3358.36,0.26,3352.62,Opposite Signal,-46.54,28579.49
3111,2025-06-04 13:15:00,2025-06-04 14:15:00,Short (Partial 50%),3358.36,3344.56,0.14,3358.36,Partial TP 1:2,193.26,28772.75
3111,2025-06-04 13:15:00,2025-06-04 15:15:00,Short,3358.36,3351.48,0.14,3351.48,Stop Loss,96.35,28869.1
3112,2025-06-04 15:30:00,2025-06-04 16:30:00,Long,3355.92,3352.8,0.23,3347.24,Opposite Signal,-71.76,28797.34
3113,2025-06-04 16:30:00,2025-06-04 17:00:00,Short,3352.8,3361.78,0.22,3361.78,Stop Loss,-197.53,28599.81
3114,2025-06-04 17:00:00,2025-06-04 18:00:00,Long,3366.75,3372.54,0.19,3356.42,Opposite Signal,110.01,28709.82
3115,2025-06-04 18:00:00,2025-06-04 20:30:00,Short,3372.54,3378.82,0.17,3384.0,Opposite Signal,-106.76,28603.06
3116,2025-06-04 20:30:00,2025-06-04 21:45:00,Long,3378.82,3376.09,0.26,3371.35,Opposite Signal,-70.98,28532.08
3117,2025-06-04 21:45:00,2025-06-05 02:15:00,Short,3376.09,3378.71,0.31,3382.38,Opposite Signal,-81.22,28450.86
3118,2025-06-05 02:15:00,2025-06-05 02:30:00,Long,3378.71,3375.38,0.42,3374.04,Opposite Signal,-139.86,28311.0
3119,2025-06-05 02:30:00,2025-06-05 03:15:00,Short,3375.38,3380.31,0.4,3380.31,Stop Loss,-197.21,28113.79
3120,2025-06-05 03:15:00,2025-06-05 03:30:00,Long,3381.09,3375.79,0.37,3375.79,Stop Loss,-196.17,27917.62
3121,2025-06-05 03:30:00,2025-06-05 03:45:00,Short,3375.56,3380.16,0.33,3381.56,Opposite Signal,-151.8,27765.82
3122,2025-06-05 03:45:00,2025-06-05 04:30:00,Long,3380.16,3373.56,0.3,3373.56,Stop Loss,-198.0,27567.82
3123,2025-06-05 04:30:00,2025-06-05 10:00:00,Short,3373.97,3370.96,0.28,3380.96,Opposite Signal,84.28,27652.1
3124,2025-06-05 10:00:00,2025-06-05 12:15:00,Long (Partial 50%),3370.96,3384.46,0.14,3370.96,Partial TP 1:2,188.94,27841.03
3124,2025-06-05 10:00:00,2025-06-05 14:15:00,Long,3370.96,3397.72,0.14,3397.72,Stop Loss,374.61,28215.64
3125,2025-06-05 14:15:00,2025-06-05 15:45:00,Short (Partial 50%),3395.35,3379.08,0.12,3395.35,Partial TP 1:2,195.27,28410.91
3125,2025-06-05 14:15:00,2025-06-05 16:30:00,Short,3395.35,3386.35,0.12,3386.35,Stop Loss,107.99,28518.9
3126,2025-06-05 21:15:00,2025-06-06 03:45:00,Long,3355.32,3359.26,0.2,3345.72,Opposite Signal,78.8,28597.7
3127,2025-06-06 03:45:00,2025-06-06 04:15:00,Short,3359.26,3364.79,0.36,3364.79,Stop Loss,-199.13,28398.56
3128,2025-06-06 04:15:00,2025-06-06 04:30:00,Long,3368.24,3361.72,0.3,3361.72,Stop Loss,-195.47,28203.1
3129,2025-06-06 04:30:00,2025-06-06 06:15:00,Short,3361.64,3366.58,0.28,3368.76,Opposite Signal,-138.32,28064.78
3130,2025-06-06 06:15:00,2025-06-06 08:15:00,Long,3366.58,3369.01,0.3,3360.01,Opposite Signal,72.9,28137.68
3131,2025-06-06 08:15:00,2025-06-06 09:45:00,Short (Partial 50%),3369.01,3357.49,0.17,3369.01,Partial TP 1:2,195.9,28333.58
3131,2025-06-06 08:15:00,2025-06-06 11:15:00,Short,3369.01,3363.16,0.17,3363.16,Stop Loss,99.45,28433.03
3132,2025-06-06 11:15:00,2025-06-06 12:00:00,Long,3363.86,3360.55,0.27,3356.68,Opposite Signal,-89.37,28343.66
3133,2025-06-06 12:00:00,2025-06-06 13:45:00,Short,3360.55,3360.65,0.28,3367.63,Opposite Signal,-2.8,28340.86
3134,2025-06-06 13:45:00,2025-06-06 14:45:00,Long,3360.65,3358.39,0.32,3354.41,Opposite Signal,-72.32,28268.54
3135,2025-06-06 14:45:00,2025-06-06 15:30:00,Short (Partial 50%),3358.39,3346.34,0.16,3358.39,Partial TP 1:2,192.88,28461.42
3135,2025-06-06 14:45:00,2025-06-06 15:45:00,Short,3358.39,3358.39,0.17,3358.39,Stop Loss,0.0,28461.42
3136,2025-06-06 17:30:00,2025-06-06 18:00:00,Long,3333.82,3324.04,0.14,3319.71,Opposite Signal,-136.92,28324.5
3137,2025-06-06 18:00:00,2025-06-06 18:30:00,Short,3324.04,3333.82,0.14,3337.98,Opposite Signal,-136.92,28187.58
3138,2025-06-06 18:30:00,2025-06-06 19:15:00,Long,3333.82,3324.06,0.14,3320.22,Opposite Signal,-136.64,28050.94
3139,2025-06-06 19:15:00,2025-06-09 01:00:00,Short,3324.06,3317.13,0.16,3336.1,Opposite Signal,110.88,28161.82
3140,2025-06-09 01:00:00,2025-06-09 01:30:00,Long,3317.13,3312.28,0.27,3309.8,Opposite Signal,-130.95,28030.87
3141,2025-06-09 01:30:00,2025-06-09 02:45:00,Short,3312.28,3317.93,0.26,3319.69,Opposite Signal,-146.9,27883.97
3142,2025-06-09 02:45:00,2025-06-09 03:00:00,Long,3317.93,3311.25,0.29,3311.25,Stop Loss,-193.61,27690.36
3143,2025-06-09 03:00:00,2025-06-09 04:45:00,Short (Partial 50%),3311.73,3297.41,0.13,3311.73,Partial TP 1:2,186.18,27876.54
3143,2025-06-09 03:00:00,2025-06-09 05:15:00,Short,3311.73,3304.37,0.14,3304.37,Stop Loss,103.01,27979.55
3144,2025-06-09 05:45:00,2025-06-09 09:45:00,Long (Partial 50%),3305.33,3324.44,0.1,3305.33,Partial TP 1:2,191.15,28170.7
3144,2025-06-09 05:45:00,2025-06-09 11:45:00,Long,3305.33,3321.54,0.1,3321.54,Stop Loss,162.06,28332.76
3145,2025-06-09 11:45:00,2025-06-09 14:15:00,Short,3319.85,3318.28,0.34,3325.73,Opposite Signal,53.38,28386.14
3146,2025-06-09 14:15:00,2025-06-09 15:00:00,Long,3318.28,3315.52,0.34,3312.55,Opposite Signal,-93.84,28292.3
3147,2025-06-09 15:00:00,2025-06-09 15:30:00,Short,3315.52,3321.98,0.3,3321.98,Stop Loss,-193.87,28098.43
3148,2025-06-09 15:45:00,2025-06-09 16:15:00,Long,3319.99,3313.2,0.29,3313.2,Stop Loss,-196.91,27901.52
3149,2025-06-09 16:15:00,2025-06-09 16:45:00,Short,3313.74,3320.87,0.28,3320.87,Stop Loss,-199.64,27701.88
3150,2025-06-09 16:45:00,2025-06-09 17:30:00,Long,3319.21,3318.28,0.25,3311.33,Opposite Signal,-23.25,27678.63
3151,2025-06-09 17:30:00,2025-06-09 18:15:00,Short,3318.28,3327.01,0.22,3327.01,Stop Loss,-192.06,27486.57
3152,2025-06-09 18:15:00,2025-06-09 22:15:00,Long,3330.56,3331.26,0.23,3322.18,Opposite Signal,16.1,27502.67
3153,2025-06-09 22:15:00,2025-06-10 02:15:00,Short,3331.26,3326.09,0.38,3336.43,Opposite Signal,196.46,27699.13
3154,2025-06-10 02:15:00,2025-06-10 03:00:00,Long,3326.09,3321.69,0.45,3321.69,Stop Loss,-197.99,27501.14
3155,2025-06-10 03:00:00,2025-06-10 04:00:00,Short (Partial 50%),3323.57,3313.77,0.2,3323.57,Partial TP 1:2,196.09,27697.23
3155,2025-06-10 03:00:00,2025-06-10 05:45:00,Short,3323.57,3308.66,0.2,3308.66,Stop Loss,298.13,27995.36
3156,2025-06-10 05:45:00,2025-06-10 07:15:00,Long,3309.18,3303.58,0.26,3301.52,Opposite Signal,-145.6,27849.76
3157,2025-06-10 07:15:00,2025-06-10 08:00:00,Short,3303.58,3310.26,0.29,3310.26,Stop Loss,-193.84,27655.92
3158,2025-06-10 08:00:00,2025-06-10 09:15:00,Long (Partial 50%),3310.38,3323.45,0.15,3310.38,Partial TP 1:2,196.01,27851.93
3158,2025-06-10 08:00:00,2025-06-10 10:15:00,Long,3310.38,3324.07,0.15,3324.07,Stop Loss,205.3,28057.22
3159,2025-06-10 14:45:00,2025-06-10 15:15:00,Short,3333.73,3337.12,0.3,3340.24,Opposite Signal,-101.7,27955.52
3160,2025-06-10 15:15:00,2025-06-10 17:00:00,Long,3337.12,3336.14,0.26,3329.43,Opposite Signal,-25.48,27930.04
3161,2025-06-10 17:00:00,2025-06-10 22:00:00,Short,3336.14,3326.1,0.23,3344.71,Opposite Signal,230.92,28160.96
3162,2025-06-10 22:00:00,2025-06-10 22:45:00,Long,3326.1,3328.62,0.32,3320.01,Opposite Signal,80.64,28241.6
3163,2025-06-10 22:45:00,2025-06-11 01:30:00,Short,3328.62,3327.05,0.3,3335.16,Opposite Signal,47.1,28288.7
3164,2025-06-11 01:30:00,2025-06-11 02:15:00,Long,3327.05,3321.19,0.34,3321.19,Stop Loss,-199.18,28089.53
3165,2025-06-11 02:15:00,2025-06-11 02:45:00,Short,3321.86,3327.77,0.29,3328.69,Opposite Signal,-171.39,27918.14
3166,2025-06-11 02:45:00,2025-06-11 04:45:00,Long,3327.77,3328.36,0.28,3320.78,Opposite Signal,16.52,27934.66
3167,2025-06-11 04:45:00,2025-06-11 05:15:00,Short,3328.36,3335.43,0.28,3335.43,Stop Loss,-197.91,27736.74
3168,2025-06-11 05:15:00,2025-06-11 09:00:00,Long,3333.46,3338.01,0.28,3326.37,Opposite Signal,127.4,27864.14
3169,2025-06-11 09:00:00,2025-06-11 10:15:00,Short,3338.01,3338.92,0.35,3343.68,Opposite Signal,-31.85,27832.29
3170,2025-06-11 10:15:00,2025-06-11 12:00:00,Long,3338.92,3341.81,0.33,3332.93,Opposite Signal,95.37,27927.66
3171,2025-06-11 12:00:00,2025-06-11 14:00:00,Short (Partial 50%),3341.81,3327.97,0.14,3341.81,Partial TP 1:2,193.8,28121.46
3171,2025-06-11 12:00:00,2025-06-11 14:30:00,Short,3341.81,3334.39,0.14,3336.11,Opposite Signal,103.88,28225.34
3172,2025-06-11 14:30:00,2025-06-11 15:00:00,Long,3334.39,3327.75,0.3,3327.75,Stop Loss,-199.33,28026.01
3173,2025-06-11 15:45:00,2025-06-11 17:30:00,Short,3336.59,3340.66,0.15,3349.54,Opposite Signal,-61.05,27964.96
3174,2025-06-11 17:30:00,2025-06-11 18:45:00,Long,3340.66,3333.12,0.17,3329.04,Opposite Signal,-128.18,27836.78
3175,2025-06-11 18:45:00,2025-06-11 21:00:00,Short,3333.12,3341.86,0.2,3343.06,Opposite Signal,-174.8,27661.98
3176,2025-06-11 21:00:00,2025-06-12 01:15:00,Long (Partial 50%),3341.86,3362.69,0.09,3341.86,Partial TP 1:2,187.43,27849.41
3176,2025-06-11 21:00:00,2025-06-12 02:15:00,Long,3341.86,3363.53,0.1,3363.53,Stop Loss,216.7,28066.1
3177,2025-06-12 04:30:00,2025-06-12 05:30:00,Short,3368.55,3377.12,0.2,3378.3,Opposite Signal,-171.4,27894.7
3178,2025-06-12 05:30:00,2025-06-12 07:00:00,Long,3377.12,3370.0,0.23,3368.43,Opposite Signal,-163.76,27730.94
3179,2025-06-12 07:00:00,2025-06-12 08:15:00,Short,3370.0,3374.55,0.28,3377.03,Opposite Signal,-127.4,27603.54
3180,2025-06-12 08:15:00,2025-06-12 09:15:00,Long,3374.55,3368.33,0.32,3368.33,Stop Loss,-198.97,27404.57
3181,2025-06-12 09:15:00,2025-06-12 09:45:00,Short,3369.58,3374.85,0.32,3375.74,Opposite Signal,-168.64,27235.93
3182,2025-06-12 09:45:00,2025-06-12 10:15:00,Long,3374.85,3368.69,0.32,3368.69,Stop Loss,-197.1,27038.84
3183,2025-06-12 10:15:00,2025-06-12 10:30:00,Short (Partial 50%),3369.98,3357.06,0.15,3369.98,Partial TP 1:2,193.74,27232.57
3183,2025-06-12 10:15:00,2025-06-12 11:00:00,Short,3369.98,3350.6,0.15,3353.33,Opposite Signal,290.7,27523.27
3184,2025-06-12 11:00:00,2025-06-12 13:15:00,Long (Partial 50%),3350.6,3371.27,0.09,3350.6,Partial TP 1:2,186.03,27709.3
3184,2025-06-12 11:00:00,2025-06-12 14:30:00,Long,3350.6,3378.49,0.1,3378.49,Stop Loss,278.88,27988.18
3185,2025-06-12 14:30:00,2025-06-12 15:30:00,Short,3376.71,3386.93,0.19,3386.93,Stop Loss,-194.12,27794.06
3186,2025-06-12 15:30:00,2025-06-12 17:00:00,Long,3388.29,3387.28,0.19,3378.01,Opposite Signal,-19.19,27774.87
3187,2025-06-12 17:00:00,2025-06-12 18:15:00,Short,3387.28,3388.28,0.15,3400.22,Opposite Signal,-15.0,27759.87
3188,2025-06-12 18:15:00,2025-06-12 20:00:00,Long,3388.28,3381.18,0.15,3375.61,Opposite Signal,-106.5,27653.37
3189,2025-06-12 20:00:00,2025-06-12 22:30:00,Short,3381.18,3388.33,0.19,3391.38,Opposite Signal,-135.85,27517.52
3190,2025-06-12 22:30:00,2025-06-13 01:00:00,Long,3388.33,3382.42,0.33,3382.42,Stop Loss,-195.14,27322.38
3191,2025-06-13 01:00:00,2025-06-13 02:30:00,Short,3382.4,3387.22,0.41,3387.22,Stop Loss,-197.52,27124.85
3192,2025-06-13 02:30:00,2025-06-13 03:00:00,Long (Partial 50%),3387.31,3396.63,0.21,3387.31,Partial TP 1:2,195.63,27320.48
3192,2025-06-13 02:30:00,2025-06-13 03:30:00,Long,3387.31,3407.67,0.21,3407.67,Stop Loss,427.57,27748.05
3193,2025-06-13 03:30:00,2025-06-13 03:45:00,Short,3406.35,3416.38,0.19,3416.38,Stop Loss,-190.65,27557.4
3194,2025-06-13 03:45:00,2025-06-13 05:30:00,Long (Partial 50%),3416.48,3438.66,0.09,3416.48,Partial TP 1:2,199.63,27757.03
3194,2025-06-13 03:45:00,2025-06-13 06:00:00,Long,3416.48,3433.39,0.09,3433.39,Stop Loss,152.16,27909.19
3195,2025-06-13 06:00:00,2025-06-13 11:00:00,Short,3431.6,3422.62,0.15,3444.33,Opposite Signal,134.7,28043.89
3196,2025-06-13 11:00:00,2025-06-13 13:30:00,Long,3422.62,3414.74,0.19,3412.22,Opposite Signal,-149.72,27894.17
3197,2025-06-13 13:30:00,2025-06-13 14:30:00,Short,3414.74,3421.94,0.2,3424.69,Opposite Signal,-144.0,27750.17
3198,2025-06-13 14:30:00,2025-06-13 16:00:00,Long (Partial 50%),3421.94,3439.8,0.11,3421.94,Partial TP 1:2,196.49,27946.66
3198,2025-06-13 14:30:00,2025-06-13 16:45:00,Long,3421.94,3437.2,0.11,3437.2,Stop Loss,167.87,28114.53
3199,2025-06-13 16:45:00,2025-06-13 19:30:00,Short,3436.68,3429.37,0.2,3446.62,Opposite Signal,146.2,28260.73
3200,2025-06-13 19:30:00,2025-06-16 01:00:00,Long (Partial 50%),3429.37,3450.89,0.09,3429.37,Partial TP 1:2,193.7,28454.43
3200,2025-06-13 19:30:00,2025-06-16 01:30:00,Long,3429.37,3441.33,0.09,3441.33,Stop Loss,107.67,28562.1
3201,2025-06-16 03:30:00,2025-06-16 05:00:00,Short,3440.89,3443.98,0.21,3450.31,Opposite Signal,-64.89,28497.21
3202,2025-06-16 05:00:00,2025-06-16 06:00:00,Long,3443.98,3437.48,0.21,3434.6,Opposite Signal,-136.5,28360.71
3203,2025-06-16 06:00:00,2025-06-16 08:30:00,Short (Partial 50%),3437.48,3420.58,0.11,3437.48,Partial TP 1:2,185.92,28546.63
3203,2025-06-16 06:00:00,2025-06-16 11:15:00,Short,3437.48,3417.18,0.12,3417.18,Stop Loss,243.6,28790.22
3204,2025-06-16 12:15:00,2025-06-16 12:45:00,Long,3418.78,3412.12,0.24,3410.55,Opposite Signal,-159.84,28630.38
3205,2025-06-16 12:45:00,2025-06-16 13:30:00,Short,3412.12,3419.38,0.25,3420.01,Opposite Signal,-181.5,28448.88
3206,2025-06-16 13:30:00,2025-06-16 14:30:00,Long,3419.38,3415.39,0.26,3411.78,Opposite Signal,-103.74,28345.14
3207,2025-06-16 14:30:00,2025-06-16 16:45:00,Short (Partial 50%),3415.39,3401.2,0.14,3415.39,Partial TP 1:2,198.71,28543.86
3207,2025-06-16 14:30:00,2025-06-16 17:00:00,Short,3415.39,3396.4,0.14,3405.09,Opposite Signal,265.86,28809.72
3208,2025-06-16 17:00:00,2025-06-16 20:30:00,Long,3396.4,3393.23,0.15,3383.37,Opposite Signal,-47.55,28762.17
3209,2025-06-16 20:30:00,2025-06-17 01:00:00,Short,3393.23,3387.73,0.25,3401.18,Opposite Signal,137.5,28899.67
3210,2025-06-17 01:00:00,2025-06-17 01:45:00,Long (Partial 50%),3387.73,3398.13,0.19,3387.73,Partial TP 1:2,197.66,29097.33
3210,2025-06-17 01:00:00,2025-06-17 02:30:00,Long,3387.73,3394.61,0.19,3394.61,Stop Loss,130.64,29227.97
3211,2025-06-17 02:30:00,2025-06-17 02:45:00,Short,3393.98,3400.34,0.31,3400.34,Stop Loss,-197.01,29030.96
3212,2025-06-17 02:45:00,2025-06-17 03:45:00,Long,3402.72,3395.52,0.27,3395.52,Stop Loss,-194.28,28836.68
3213,2025-06-17 03:45:00,2025-06-17 04:00:00,Short,3394.13,3401.95,0.25,3401.95,Stop Loss,-195.55,28641.13
3214,2025-06-17 04:00:00,2025-06-17 04:45:00,Long,3400.65,3393.59,0.24,3392.33,Opposite Signal,-169.44,28471.69
3215,2025-06-17 04:45:00,2025-06-17 05:30:00,Short,3393.59,3399.65,0.24,3401.67,Opposite Signal,-145.44,28326.25
3216,2025-06-17 05:30:00,2025-06-17 05:45:00,Long,3399.65,3391.82,0.25,3391.82,Stop Loss,-195.84,28130.41
3217,2025-06-17 05:45:00,2025-06-17 07:30:00,Short,3390.01,3391.77,0.22,3398.81,Opposite Signal,-38.72,28091.69
3218,2025-06-17 07:30:00,2025-06-17 09:15:00,Long,3391.77,3388.34,0.24,3383.51,Opposite Signal,-82.32,28009.37
3219,2025-06-17 09:15:00,2025-06-17 10:15:00,Short,3388.34,3387.13,0.28,3395.32,Opposite Signal,33.88,28043.25
3220,2025-06-17 10:15:00,2025-06-17 11:30:00,Long,3387.13,3383.36,0.25,3379.15,Opposite Signal,-94.25,27949.0
3221,2025-06-17 11:30:00,2025-06-17 12:30:00,Short,3383.36,3384.62,0.27,3390.74,Opposite Signal,-34.02,27914.98
3222,2025-06-17 12:30:00,2025-06-17 14:00:00,Long (Partial 50%),3384.62,3400.1,0.12,3384.62,Partial TP 1:2,185.72,28100.7
3222,2025-06-17 12:30:00,2025-06-17 14:45:00,Long,3384.62,3391.01,0.13,3391.01,Stop Loss,83.05,28183.75
3223,2025-06-17 14:45:00,2025-06-17 16:00:00,Short,3388.48,3393.4,0.24,3396.67,Opposite Signal,-118.08,28065.67
3224,2025-06-17 16:00:00,2025-06-17 17:00:00,Long,3393.4,3384.82,0.23,3384.82,Stop Loss,-197.27,27868.41
3225,2025-06-17 17:00:00,2025-06-17 17:30:00,Short (Partial 50%),3386.05,3368.47,0.11,3386.05,Partial TP 1:2,193.43,28061.84
3225,2025-06-17 17:00:00,2025-06-17 17:45:00,Short,3386.05,3386.05,0.11,3386.05,Stop Loss,0.0,28061.84
3226,2025-06-17 17:45:00,2025-06-17 18:30:00,Long,3384.91,3377.76,0.17,3373.32,Opposite Signal,-121.55,27940.29
3227,2025-06-17 18:30:00,2025-06-17 20:00:00,Short,3377.76,3385.38,0.18,3388.69,Opposite Signal,-137.16,27803.13
3228,2025-06-17 20:00:00,2025-06-17 21:45:00,Long,3385.38,3382.89,0.21,3376.01,Opposite Signal,-52.29,27750.84
3229,2025-06-17 21:45:00,2025-06-17 23:45:00,Short,3382.89,3388.0,0.26,3390.41,Opposite Signal,-132.86,27617.98
3230,2025-06-17 23:45:00,2025-06-18 01:45:00,Long,3388.0,3388.73,0.34,3382.15,Opposite Signal,24.82,27642.8
3231,2025-06-18 01:45:00,2025-06-18 04:15:00,Short,3388.73,3387.52,0.33,3394.68,Opposite Signal,39.93,27682.73
3232,2025-06-18 04:15:00,2025-06-18 04:30:00,Long,3387.52,3381.61,0.33,3381.61,Stop Loss,-195.07,27487.66
3233,2025-06-18 04:30:00,2025-06-18 05:45:00,Short,3380.18,3379.45,0.3,3386.82,Opposite Signal,21.9,27509.56
3234,2025-06-18 05:45:00,2025-06-18 07:00:00,Long (Partial 50%),3379.45,3392.68,0.15,3379.45,Partial TP 1:2,198.47,27708.03
3234,2025-06-18 05:45:00,2025-06-18 08:00:00,Long,3379.45,3393.15,0.15,3393.15,Stop Loss,205.46,27913.5
3235,2025-06-18 08:15:00,2025-06-18 09:45:00,Short (Partial 50%),3392.17,3379.92,0.16,3392.17,Partial TP 1:2,196.08,28109.57
3235,2025-06-18 08:15:00,2025-06-18 10:30:00,Short,3392.17,3382.8,0.16,3382.8,Stop Loss,149.95,28259.52
3236,2025-06-18 10:30:00,2025-06-18 12:00:00,Long,3383.87,3382.66,0.28,3376.83,Opposite Signal,-33.88,28225.64
3237,2025-06-18 12:00:00,2025-06-18 14:00:00,Short,3382.66,3381.57,0.32,3388.73,Opposite Signal,34.88,28260.52
3238,2025-06-18 14:00:00,2025-06-18 14:30:00,Long,3381.57,3381.49,0.33,3375.53,Opposite Signal,-2.64,28257.88
3239,2025-06-18 14:30:00,2025-06-18 15:15:00,Short,3381.49,3386.18,0.31,3387.93,Opposite Signal,-145.39,28112.49
3240,2025-06-18 15:15:00,2025-06-18 17:00:00,Long,3386.18,3384.91,0.29,3379.37,Opposite Signal,-36.83,28075.66
3241,2025-06-18 17:00:00,2025-06-18 18:45:00,Short,3384.91,3392.46,0.26,3392.46,Stop Loss,-196.29,27879.37
3242,2025-06-18 18:45:00,2025-06-18 20:30:00,Long,3392.68,3386.29,0.24,3384.53,Opposite Signal,-153.36,27726.01
3243,2025-06-18 20:30:00,2025-06-18 21:00:00,Short,3386.29,3392.23,0.33,3392.23,Stop Loss,-195.92,27530.09
3244,2025-06-18 21:00:00,2025-06-18 21:45:00,Long,3392.07,3385.12,0.28,3385.12,Stop Loss,-194.52,27335.57
3245,2025-06-18 21:45:00,2025-06-19 01:00:00,Short,3378.98,3374.24,0.24,3387.31,Opposite Signal,113.76,27449.33
3246,2025-06-19 01:00:00,2025-06-19 04:45:00,Long,3374.24,3374.95,0.21,3364.89,Opposite Signal,14.91,27464.24
3247,2025-06-19 04:45:00,2025-06-19 09:00:00,Short (Partial 50%),3374.95,3359.14,0.12,3374.95,Partial TP 1:2,189.67,27653.92
3247,2025-06-19 04:45:00,2025-06-19 09:45:00,Short,3374.95,3355.75,0.13,3355.75,Stop Loss,249.65,27903.57
3248,2025-06-19 09:45:00,2025-06-19 13:15:00,Long (Partial 50%),3357.46,3375.08,0.11,3357.46,Partial TP 1:2,193.79,28097.37
3248,2025-06-19 09:45:00,2025-06-19 14:00:00,Long,3357.46,3371.84,0.11,3371.84,Stop Loss,158.19,28255.55
3249,2025-06-19 15:00:00,2025-06-19 16:45:00,Short,3366.07,3369.38,0.28,3372.99,Opposite Signal,-92.68,28162.87
3250,2025-06-19 16:45:00,2025-06-19 17:15:00,Long,3369.38,3362.19,0.26,3361.72,Opposite Signal,-186.94,27975.93
3251,2025-06-19 17:15:00,2025-06-19 18:45:00,Short,3362.19,3370.08,0.25,3370.08,Stop Loss,-197.25,27778.68
3252,2025-06-19 18:45:00,2025-06-19 20:30:00,Long,3369.25,3366.16,0.26,3361.81,Opposite Signal,-80.34,27698.34
3253,2025-06-19 20:30:00,2025-06-20 05:45:00,Short (Partial 50%),3366.16,3352.67,0.14,3366.16,Partial TP 1:2,188.9,27887.24
3253,2025-06-19 20:30:00,2025-06-20 06:15:00,Short,3366.16,3351.85,0.14,3351.85,Stop Loss,200.29,28087.53
3254,2025-06-20 06:15:00,2025-06-20 08:00:00,Long,3352.45,3352.93,0.25,3344.5,Opposite Signal,12.0,28099.53
3255,2025-06-20 08:00:00,2025-06-20 09:30:00,Short (Partial 50%),3352.93,3340.41,0.15,3352.93,Partial TP 1:2,187.76,28287.29
3255,2025-06-20 08:00:00,2025-06-20 10:00:00,Short,3352.93,3350.26,0.16,3350.26,Stop Loss,42.68,28329.96
3256,2025-06-20 10:00:00,2025-06-20 14:15:00,Long,3353.17,3351.89,0.24,3344.87,Opposite Signal,-30.72,28299.24
3257,2025-06-20 14:15:00,2025-06-20 16:00:00,Short,3351.89,3352.4,0.37,3357.26,Opposite Signal,-18.87,28280.37
3258,2025-06-20 16:00:00,2025-06-20 16:45:00,Long (Partial 50%),3352.4,3367.09,0.13,3352.4,Partial TP 1:2,190.94,28471.31
3258,2025-06-20 16:00:00,2025-06-20 20:30:00,Long,3352.4,3368.49,0.14,3368.49,Stop Loss,225.3,28696.61
3259,2025-06-20 20:45:00,2025-06-20 22:00:00,Short,3367.46,3370.22,0.35,3373.15,Opposite Signal,-96.6,28600.01
3260,2025-06-20 22:00:00,2025-06-20 22:30:00,Long,3370.22,3365.72,0.4,3365.24,Opposite Signal,-180.0,28420.01
3261,2025-06-20 22:30:00,2025-06-20 23:45:00,Short,3365.72,3368.84,0.41,3370.57,Opposite Signal,-127.92,28292.09
3262,2025-06-20 23:45:00,2025-06-23 01:00:00,Long (Partial 50%),3368.84,3376.82,0.25,3368.84,Partial TP 1:2,199.38,28491.48
3262,2025-06-20 23:45:00,2025-06-23 02:00:00,Long,3368.84,3374.4,0.25,3374.4,Stop Loss,138.9,28630.37
3263,2025-06-23 02:15:00,2025-06-23 04:15:00,Short (Partial 50%),3374.94,3358.51,0.12,3374.94,Partial TP 1:2,197.11,28827.48
3263,2025-06-23 02:15:00,2025-06-23 05:00:00,Short,3374.94,3361.4,0.12,3361.4,Stop Loss,162.43,28989.91
3264,2025-06-23 05:00:00,2025-06-23 07:30:00,Long,3362.92,3357.65,0.2,3353.23,Opposite Signal,-105.4,28884.51
3265,2025-06-23 07:30:00,2025-06-23 10:45:00,Short,3357.65,3357.53,0.28,3364.6,Opposite Signal,3.36,28887.87
3266,2025-06-23 10:45:00,2025-06-23 14:00:00,Long (Partial 50%),3357.53,3371.59,0.14,3357.53,Partial TP 1:2,196.8,29084.66
3266,2025-06-23 10:45:00,2025-06-23 15:00:00,Long,3357.53,3376.15,0.14,3376.15,Stop Loss,260.67,29345.34
3267,2025-06-23 15:00:00,2025-06-23 16:00:00,Short,3369.12,3367.3,0.25,3376.99,Opposite Signal,45.5,29390.84
3268,2025-06-23 16:00:00,2025-06-23 16:45:00,Long (Partial 50%),3367.3,3385.19,0.11,3367.3,Partial TP 1:2,196.83,29587.67
3268,2025-06-23 16:00:00,2025-06-23 17:00:00,Long,3367.3,3374.76,0.11,3367.3,Opposite Signal,82.06,29669.73
3269,2025-06-23 17:00:00,2025-06-23 17:30:00,Short,3374.76,3383.69,0.17,3386.38,Opposite Signal,-151.81,29517.92
3270,2025-06-23 17:30:00,2025-06-23 20:15:00,Long,3383.69,3379.35,0.17,3372.27,Opposite Signal,-73.78,29444.14
3271,2025-06-23 20:15:00,2025-06-24 01:00:00,Short (Partial 50%),3379.35,3358.57,0.09,3379.35,Partial TP 1:2,187.04,29631.18
3271,2025-06-23 20:15:00,2025-06-24 03:30:00,Short,3379.35,3350.93,0.1,3350.93,Stop Loss,284.19,29915.37
3272,2025-06-24 03:30:00,2025-06-24 04:30:00,Long,3351.83,3344.91,0.19,3341.71,Opposite Signal,-131.48,29783.89
3273,2025-06-24 04:30:00,2025-06-24 05:45:00,Short,3344.91,3351.8,0.2,3354.7,Opposite Signal,-137.8,29646.09
3274,2025-06-24 05:45:00,2025-06-24 08:00:00,Long,3351.8,3343.0,0.22,3343.0,Stop Loss,-193.49,29452.59
3275,2025-06-24 08:00:00,2025-06-24 08:45:00,Short (Partial 50%),3341.89,3328.21,0.14,3341.89,Partial TP 1:2,191.58,29644.17
3275,2025-06-24 08:00:00,2025-06-24 09:45:00,Short,3341.89,3323.55,0.14,3323.55,Stop Loss,256.71,29900.88
3276,2025-06-24 10:30:00,2025-06-24 12:15:00,Long,3324.54,3320.68,0.21,3315.06,Opposite Signal,-81.06,29819.82
3277,2025-06-24 12:15:00,2025-06-24 13:15:00,Short,3320.68,3325.45,0.22,3329.58,Opposite Signal,-104.94,29714.88
3278,2025-06-24 13:15:00,2025-06-24 14:45:00,Long,3325.45,3321.19,0.24,3317.44,Opposite Signal,-102.24,29612.64
3279,2025-06-24 14:45:00,2025-06-24 15:30:00,Short (Partial 50%),3321.19,3306.87,0.13,3321.19,Partial TP 1:2,186.13,29798.77
3279,2025-06-24 14:45:00,2025-06-24 16:00:00,Short,3321.19,3317.54,0.14,3321.06,Opposite Signal,51.1,29849.87
3280,2025-06-24 16:00:00,2025-06-24 16:15:00,Long,3317.54,3310.36,0.2,3307.98,Opposite Signal,-143.6,29706.27
3281,2025-06-24 16:15:00,2025-06-24 17:00:00,Short,3310.36,3308.48,0.2,3320.14,Opposite Signal,37.6,29743.87
3282,2025-06-24 17:00:00,2025-06-24 21:00:00,Long,3308.48,3315.64,0.17,3296.72,Opposite Signal,121.72,29865.59
3283,2025-06-24 21:00:00,2025-06-24 22:30:00,Short,3315.64,3322.7,0.28,3322.7,Stop Loss,-197.59,29668.0
3284,2025-06-24 22:30:00,2025-06-25 03:30:00,Long,3324.62,3325.08,0.33,3318.62,Opposite Signal,15.18,29683.18
3285,2025-06-25 03:30:00,2025-06-25 04:00:00,Short,3325.08,3329.12,0.49,3329.12,Stop Loss,-197.8,29485.38
3286,2025-06-25 04:00:00,2025-06-25 05:30:00,Long,3330.83,3329.82,0.44,3326.3,Opposite Signal,-44.44,29440.94
3287,2025-06-25 05:30:00,2025-06-25 08:00:00,Short,3329.82,3329.53,0.4,3334.71,Opposite Signal,11.6,29452.54
3288,2025-06-25 08:00:00,2025-06-25 09:00:00,Long,3329.53,3329.81,0.48,3325.44,Opposite Signal,13.44,29465.98
3289,2025-06-25 09:00:00,2025-06-25 09:30:00,Short,3329.81,3332.61,0.48,3333.95,Opposite Signal,-134.4,29331.58
3290,2025-06-25 09:30:00,2025-06-25 10:00:00,Long,3332.61,3328.35,0.46,3328.35,Stop Loss,-196.04,29135.54
3291,2025-06-25 10:00:00,2025-06-25 10:15:00,Short,3327.97,3332.68,0.42,3332.68,Stop Loss,-197.95,28937.59
3292,2025-06-25 10:15:00,2025-06-25 10:45:00,Long,3333.95,3330.69,0.37,3328.63,Opposite Signal,-120.62,28816.97
3293,2025-06-25 10:45:00,2025-06-25 13:00:00,Short,3330.69,3327.52,0.33,3336.6,Opposite Signal,104.61,28921.58
3294,2025-06-25 13:00:00,2025-06-25 14:30:00,Long,3327.52,3325.0,0.38,3322.27,Opposite Signal,-95.76,28825.82
3295,2025-06-25 14:30:00,2025-06-25 15:15:00,Short,3325.0,3328.25,0.35,3330.71,Opposite Signal,-113.75,28712.07
3296,2025-06-25 15:15:00,2025-06-25 15:30:00,Long,3328.25,3322.38,0.34,3322.38,Stop Loss,-199.46,28512.61
3297,2025-06-25 15:30:00,2025-06-25 17:00:00,Short,3319.67,3319.86,0.3,3326.3,Opposite Signal,-5.7,28506.91
3298,2025-06-25 17:00:00,2025-06-25 20:00:00,Long (Partial 50%),3319.86,3335.23,0.13,3319.86,Partial TP 1:2,199.78,28706.69
3298,2025-06-25 17:00:00,2025-06-25 20:15:00,Long,3319.86,3328.91,0.13,3324.96,Opposite Signal,117.65,28824.34
3299,2025-06-25 20:15:00,2025-06-25 21:45:00,Short,3328.91,3331.66,0.33,3334.83,Opposite Signal,-90.75,28733.59
3300,2025-06-25 21:45:00,2025-06-25 23:00:00,Long,3331.66,3332.52,0.4,3326.67,Opposite Signal,34.4,28767.99
3301,2025-06-25 23:00:00,2025-06-26 02:00:00,Short,3332.52,3336.92,0.39,3337.55,Opposite Signal,-171.6,28596.39
3302,2025-06-26 02:00:00,2025-06-26 03:00:00,Long,3336.92,3335.67,0.46,3332.63,Opposite Signal,-57.5,28538.89
3303,2025-06-26 03:00:00,2025-06-26 05:15:00,Short,3335.67,3335.62,0.44,3340.15,Opposite Signal,2.2,28541.09
3304,2025-06-26 05:15:00,2025-06-26 07:00:00,Long,3335.62,3336.25,0.37,3330.25,Opposite Signal,23.31,28564.4
3305,2025-06-26 07:00:00,2025-06-26 09:15:00,Short,3336.25,3336.86,0.39,3341.34,Opposite Signal,-23.79,28540.61
3306,2025-06-26 09:15:00,2025-06-26 11:30:00,Long (Partial 50%),3336.86,3347.5,0.18,3336.86,Partial TP 1:2,191.55,28732.16
3306,2025-06-26 09:15:00,2025-06-26 12:00:00,Long,3336.86,3344.89,0.19,3344.89,Stop Loss,152.51,28884.67
3307,2025-06-26 12:00:00,2025-06-26 13:45:00,Short,3341.13,3343.22,0.35,3346.71,Opposite Signal,-73.15,28811.52
3308,2025-06-26 13:45:00,2025-06-26 14:15:00,Long,3343.22,3339.21,0.38,3338.06,Opposite Signal,-152.38,28659.14
3309,2025-06-26 14:15:00,2025-06-26 15:15:00,Short,3339.21,3342.34,0.39,3344.25,Opposite Signal,-122.07,28537.07
3310,2025-06-26 15:15:00,2025-06-26 15:30:00,Long,3342.34,3335.57,0.29,3335.57,Stop Loss,-196.28,28340.78
3311,2025-06-26 15:30:00,2025-06-26 16:00:00,Short (Partial 50%),3334.2,3318.17,0.12,3334.2,Partial TP 1:2,192.35,28533.13
3311,2025-06-26 15:30:00,2025-06-26 16:45:00,Short,3334.2,3325.84,0.12,3325.84,Stop Loss,100.28,28633.41
3312,2025-06-26 18:00:00,2025-06-26 22:00:00,Long,3323.23,3329.93,0.19,3312.83,Opposite Signal,127.3,28760.71
3313,2025-06-26 22:00:00,2025-06-27 01:45:00,Short (Partial 50%),3329.93,3318.99,0.18,3329.93,Partial TP 1:2,196.97,28957.69
3313,2025-06-26 22:00:00,2025-06-27 03:45:00,Short,3329.93,3318.3,0.18,3318.3,Stop Loss,209.34,29167.03
3314,2025-06-27 03:45:00,2025-06-27 04:30:00,Long,3318.78,3316.82,0.39,3313.78,Opposite Signal,-76.44,29090.59
3315,2025-06-27 04:30:00,2025-06-27 06:00:00,Short (Partial 50%),3316.82,3305.04,0.16,3316.82,Partial TP 1:2,188.46,29279.05
3315,2025-06-27 04:30:00,2025-06-27 08:15:00,Short,3316.82,3298.06,0.17,3298.06,Stop Loss,318.92,29597.96
3316,2025-06-27 08:15:00,2025-06-27 09:00:00,Long,3298.24,3294.75,0.27,3291.05,Opposite Signal,-94.23,29503.73
3317,2025-06-27 09:00:00,2025-06-27 09:45:00,Short,3294.75,3294.76,0.25,3302.46,Opposite Signal,-0.25,29503.48
3318,2025-06-27 09:45:00,2025-06-27 10:00:00,Long,3294.76,3287.35,0.23,3286.32,Opposite Signal,-170.43,29333.05
3319,2025-06-27 10:00:00,2025-06-27 11:45:00,Short,3287.35,3289.32,0.22,3296.18,Opposite Signal,-43.34,29289.71
3320,2025-06-27 11:45:00,2025-06-27 12:45:00,Long,3289.32,3282.71,0.24,3281.29,Opposite Signal,-158.64,29131.07
3321,2025-06-27 12:45:00,2025-06-27 13:00:00,Short,3282.71,3288.66,0.25,3290.46,Opposite Signal,-148.75,28982.32
3322,2025-06-27 13:00:00,2025-06-27 13:45:00,Long,3288.66,3280.5,0.24,3280.5,Stop Loss,-195.87,28786.46
3323,2025-06-27 14:30:00,2025-06-27 16:00:00,Short (Partial 50%),3281.25,3265.81,0.12,3281.25,Partial TP 1:2,185.23,28971.69
3323,2025-06-27 14:30:00,2025-06-27 16:30:00,Short,3281.25,3263.55,0.13,3263.55,Stop Loss,230.05,29201.74
3324,2025-06-27 16:30:00,2025-06-27 21:30:00,Long,3265.31,3270.96,0.18,3254.57,Opposite Signal,101.7,29303.44
3325,2025-06-27 21:30:00,2025-06-30 01:15:00,Short (Partial 50%),3270.96,3255.38,0.12,3270.96,Partial TP 1:2,186.95,29490.39
3325,2025-06-27 21:30:00,2025-06-30 01:30:00,Short,3270.96,3263.88,0.13,3270.79,Opposite Signal,92.04,29582.43
3326,2025-06-30 01:30:00,2025-06-30 07:45:00,Long (Partial 50%),3263.88,3284.6,0.09,3263.88,Partial TP 1:2,186.47,29768.9
3326,2025-06-30 01:30:00,2025-06-30 09:45:00,Long,3263.88,3291.16,0.1,3291.16,Stop Loss,272.83,30041.73
3327,2025-06-30 11:30:00,2025-06-30 12:45:00,Short,3289.66,3287.85,0.32,3295.88,Opposite Signal,57.92,30099.65
3328,2025-06-30 12:45:00,2025-06-30 13:30:00,Long,3287.85,3282.94,0.27,3280.7,Opposite Signal,-132.57,29967.08
3329,2025-06-30 13:30:00,2025-06-30 15:00:00,Short,3282.94,3281.2,0.3,3289.58,Opposite Signal,52.2,30019.28
3330,2025-06-30 15:00:00,2025-06-30 15:45:00,Long,3281.2,3282.17,0.3,3274.59,Opposite Signal,29.1,30048.38
3331,2025-06-30 15:45:00,2025-06-30 17:30:00,Short,3282.17,3287.62,0.26,3289.83,Opposite Signal,-141.7,29906.68
3332,2025-06-30 17:30:00,2025-06-30 22:00:00,Long (Partial 50%),3287.62,3303.52,0.12,3287.62,Partial TP 1:2,190.86,30097.54
3332,2025-06-30 17:30:00,2025-06-30 23:30:00,Long,3287.62,3305.0,0.13,3305.0,Stop Loss,225.9,30323.45
3333,2025-06-30 23:30:00,2025-07-01 01:15:00,Short,3304.01,3307.06,0.39,3309.09,Opposite Signal,-118.95,30204.5
3334,2025-07-01 01:15:00,2025-07-01 04:00:00,Long (Partial 50%),3307.06,3316.91,0.2,3307.06,Partial TP 1:2,196.91,30401.4
3334,2025-07-01 01:15:00,2025-07-01 04:30:00,Long,3307.06,3317.04,0.2,3317.04,Stop Loss,199.64,30601.04
3335,2025-07-01 05:00:00,2025-07-01 06:15:00,Short,3315.94,3321.14,0.38,3321.14,Stop Loss,-197.52,30403.52
3336,2025-07-01 06:15:00,2025-07-01 08:30:00,Long (Partial 50%),3321.06,3331.69,0.18,3321.06,Partial TP 1:2,191.4,30594.91
3336,2025-07-01 06:15:00,2025-07-01 09:15:00,Long,3321.06,3325.46,0.19,3325.46,Stop Loss,83.59,30678.5
3337,2025-07-01 16:00:00,2025-07-01 19:30:00,Short,3347.8,3342.95,0.28,3354.87,Opposite Signal,135.8,30814.3
3338,2025-07-01 19:30:00,2025-07-01 20:15:00,Long,3342.95,3337.63,0.27,3335.79,Opposite Signal,-143.64,30670.66
3339,2025-07-01 20:15:00,2025-07-01 23:30:00,Short,3337.63,3340.27,0.3,3344.21,Opposite Signal,-79.2,30591.46
3340,2025-07-01 23:30:00,2025-07-02 02:00:00,Long,3340.27,3339.2,0.52,3336.45,Opposite Signal,-55.64,30535.82
3341,2025-07-02 02:00:00,2025-07-02 03:00:00,Short,3339.2,3343.59,0.45,3343.59,Stop Loss,-197.74,30338.08
3342,2025-07-02 03:00:00,2025-07-02 03:15:00,Long,3343.27,3337.97,0.37,3337.97,Stop Loss,-196.17,30141.91
3343,2025-07-02 03:15:00,2025-07-02 05:45:00,Short,3339.21,3336.61,0.34,3344.96,Opposite Signal,88.4,30230.31
3344,2025-07-02 05:45:00,2025-07-02 08:30:00,Long,3336.61,3337.35,0.32,3330.51,Opposite Signal,23.68,30253.99
3345,2025-07-02 08:30:00,2025-07-02 10:45:00,Short,3337.35,3334.74,0.38,3342.6,Opposite Signal,99.18,30353.17
3346,2025-07-02 10:45:00,2025-07-02 14:00:00,Long (Partial 50%),3334.74,3346.17,0.17,3334.74,Partial TP 1:2,194.33,30547.5
3346,2025-07-02 10:45:00,2025-07-02 14:45:00,Long,3334.74,3340.77,0.17,3340.77,Stop Loss,102.52,30650.02
3347,2025-07-02 15:00:00,2025-07-02 15:15:00,Short,3337.74,3342.89,0.38,3342.89,Stop Loss,-195.87,30454.16
3348,2025-07-02 15:15:00,2025-07-02 16:30:00,Long,3346.52,3339.95,0.3,3339.95,Stop Loss,-197.08,30257.07
3349,2025-07-02 16:45:00,2025-07-02 17:30:00,Short,3337.45,3340.49,0.25,3345.21,Opposite Signal,-76.0,30181.07
3350,2025-07-02 17:30:00,2025-07-02 22:00:00,Long (Partial 50%),3340.49,3355.39,0.13,3340.49,Partial TP 1:2,193.76,30374.83
3350,2025-07-02 17:30:00,2025-07-02 23:30:00,Long,3340.49,3355.94,0.13,3355.94,Stop Loss,200.83,30575.66
3351,2025-07-02 23:30:00,2025-07-03 01:00:00,Short,3355.58,3359.64,0.49,3359.64,Stop Loss,-198.84,30376.82
3352,2025-07-03 01:00:00,2025-07-03 02:00:00,Long,3360.38,3356.36,0.49,3356.36,Stop Loss,-196.87,30179.96
3353,2025-07-03 02:00:00,2025-07-03 03:00:00,Short (Partial 50%),3355.65,3345.93,0.2,3355.65,Partial TP 1:2,194.44,30374.4
3353,2025-07-03 02:00:00,2025-07-03 04:30:00,Short,3355.65,3347.18,0.2,3347.18,Stop Loss,169.42,30543.82
3354,2025-07-03 05:00:00,2025-07-03 06:15:00,Long,3347.62,3347.14,0.37,3342.22,Opposite Signal,-17.76,30526.06
3355,2025-07-03 06:15:00,2025-07-03 07:45:00,Short,3347.14,3350.69,0.4,3352.11,Opposite Signal,-142.0,30384.06
3356,2025-07-03 07:45:00,2025-07-03 08:45:00,Long (Partial 50%),3350.69,3358.71,0.24,3350.69,Partial TP 1:2,192.41,30576.47
3356,2025-07-03 07:45:00,2025-07-03 09:30:00,Long,3350.69,3356.66,0.25,3356.66,Stop Loss,149.3,30725.77
3357,2025-07-03 10:00:00,2025-07-03 11:30:00,Short,3357.11,3357.45,0.34,3362.93,Opposite Signal,-11.56,30714.21
3358,2025-07-03 11:30:00,2025-07-03 12:00:00,Long,3357.45,3353.15,0.36,3351.95,Opposite Signal,-154.8,30559.41
3359,2025-07-03 12:00:00,2025-07-03 13:15:00,Short,3353.15,3349.58,0.37,3358.51,Opposite Signal,132.09,30691.5
3360,2025-07-03 13:15:00,2025-07-03 14:00:00,Long,3349.58,3347.95,0.36,3344.09,Opposite Signal,-58.68,30632.82
3361,2025-07-03 14:00:00,2025-07-03 15:30:00,Short (Partial 50%),3347.95,3336.33,0.17,3347.95,Partial TP 1:2,197.5,30830.32
3361,2025-07-03 14:00:00,2025-07-03 15:45:00,Short,3347.95,3324.47,0.17,3332.39,Opposite Signal,399.16,31229.48
3362,2025-07-03 15:45:00,2025-07-03 17:15:00,Long,3324.47,3327.58,0.16,3312.6,Opposite Signal,49.76,31279.24
3363,2025-07-03 17:15:00,2025-07-03 19:30:00,Short,3327.58,3332.17,0.17,3339.3,Opposite Signal,-78.03,31201.21
3364,2025-07-03 19:30:00,2025-07-03 21:00:00,Long,3332.17,3328.32,0.25,3324.25,Opposite Signal,-96.25,31104.96
3365,2025-07-03 21:00:00,2025-07-04 01:30:00,Short,3328.32,3327.7,0.35,3333.99,Opposite Signal,21.7,31126.66
3366,2025-07-04 01:30:00,2025-07-04 03:00:00,Long,3327.7,3326.3,0.61,3324.43,Opposite Signal,-85.4,31041.26
3367,2025-07-04 03:00:00,2025-07-04 03:45:00,Short,3326.3,3330.05,0.53,3330.05,Stop Loss,-198.87,30842.39
3368,2025-07-04 03:45:00,2025-07-04 05:45:00,Long,3328.89,3327.22,0.53,3325.18,Opposite Signal,-88.51,30753.88
3369,2025-07-04 05:45:00,2025-07-04 06:15:00,Short,3327.22,3331.58,0.45,3331.58,Stop Loss,-196.41,30557.47
3370,2025-07-04 06:15:00,2025-07-04 07:15:00,Long (Partial 50%),3332.92,3342.1,0.21,3332.92,Partial TP 1:2,192.76,30750.23
3370,2025-07-04 06:15:00,2025-07-04 08:30:00,Long,3332.92,3338.99,0.22,3338.99,Stop Loss,133.46,30883.69
3371,2025-07-04 10:00:00,2025-07-04 10:30:00,Short,3338.89,3341.47,0.45,3343.3,Opposite Signal,-116.1,30767.59
3372,2025-07-04 10:30:00,2025-07-04 12:00:00,Long,3341.47,3339.87,0.41,3336.61,Opposite Signal,-65.6,30701.99
3373,2025-07-04 12:00:00,2025-07-04 16:30:00,Short,3339.87,3337.65,0.44,3344.36,Opposite Signal,97.68,30799.67
3374,2025-07-04 16:30:00,2025-07-04 17:00:00,Long,3337.65,3332.83,0.41,3332.83,Stop Loss,-197.55,30602.12
3375,2025-07-04 17:00:00,2025-07-07 01:00:00,Short,3331.73,3336.61,0.4,3336.61,Stop Loss,-195.36,30406.76
3376,2025-07-07 01:00:00,2025-07-07 01:15:00,Long,3338.18,3333.12,0.39,3333.12,Stop Loss,-197.34,30209.42
3377,2025-07-07 01:15:00,2025-07-07 03:15:00,Short (Partial 50%),3333.61,3322.97,0.18,3333.61,Partial TP 1:2,191.59,30401.01
3377,2025-07-07 01:15:00,2025-07-07 04:30:00,Short,3333.61,3315.87,0.19,3315.87,Stop Loss,337.03,30738.04
3378,2025-07-07 04:30:00,2025-07-07 05:30:00,Long,3317.06,3309.07,0.25,3309.07,Stop Loss,-199.86,30538.18
3379,2025-07-07 05:30:00,2025-07-07 08:00:00,Short,3309.47,3311.3,0.25,3317.39,Opposite Signal,-45.75,30492.43
3380,2025-07-07 08:00:00,2025-07-07 09:45:00,Long,3311.3,3309.82,0.28,3304.37,Opposite Signal,-41.44,30450.99
3381,2025-07-07 09:45:00,2025-07-07 11:15:00,Short,3309.82,3310.41,0.29,3316.51,Opposite Signal,-17.11,30433.88
3382,2025-07-07 11:15:00,2025-07-07 13:30:00,Long,3310.41,3303.14,0.27,3303.14,Stop Loss,-196.19,30237.69
3383,2025-07-07 13:30:00,2025-07-07 14:00:00,Short,3298.4,3305.13,0.29,3305.13,Stop Loss,-195.27,30042.42
3384,2025-07-07 14:00:00,2025-07-07 17:30:00,Long (Partial 50%),3304.51,3319.75,0.13,3304.51,Partial TP 1:2,198.18,30240.6
3384,2025-07-07 14:00:00,2025-07-07 21:00:00,Long,3304.51,3329.51,0.13,3329.51,Stop Loss,325.02,30565.61
3385,2025-07-08 01:30:00,2025-07-08 05:15:00,Short,3339.62,3335.95,0.38,3344.84,Opposite Signal,139.46,30705.07
3386,2025-07-08 05:15:00,2025-07-08 06:00:00,Long,3335.95,3332.19,0.35,3330.39,Opposite Signal,-131.6,30573.47
3387,2025-07-08 06:00:00,2025-07-08 08:00:00,Short,3332.19,3333.64,0.35,3337.78,Opposite Signal,-50.75,30522.72
3388,2025-07-08 08:00:00,2025-07-08 09:00:00,Long,3333.64,3332.18,0.41,3328.84,Opposite Signal,-59.86,30462.86
3389,2025-07-08 09:00:00,2025-07-08 09:45:00,Short,3332.18,3335.65,0.42,3336.89,Opposite Signal,-145.74,30317.12
3390,2025-07-08 09:45:00,2025-07-08 10:15:00,Long,3335.65,3333.14,0.42,3330.96,Opposite Signal,-105.42,30211.7
3391,2025-07-08 10:15:00,2025-07-08 12:30:00,Short (Partial 50%),3333.14,3322.84,0.19,3333.14,Partial TP 1:2,195.79,30407.49
3391,2025-07-08 10:15:00,2025-07-08 13:30:00,Short,3333.14,3325.87,0.19,3325.87,Stop Loss,138.11,30545.6
3392,2025-07-08 14:45:00,2025-07-08 16:00:00,Long,3324.89,3322.36,0.34,3319.07,Opposite Signal,-86.02,30459.58
3393,2025-07-08 16:00:00,2025-07-08 17:00:00,Short (Partial 50%),3322.36,3309.42,0.15,3322.36,Partial TP 1:2,194.06,30653.64
3393,2025-07-08 16:00:00,2025-07-08 18:45:00,Short,3322.36,3298.02,0.15,3298.02,Stop Loss,365.04,31018.68
3394,2025-07-08 18:45:00,2025-07-08 21:15:00,Long,3298.18,3301.72,0.22,3289.09,Opposite Signal,77.88,31096.56
3395,2025-07-08 21:15:00,2025-07-09 02:45:00,Short,3301.72,3302.23,0.25,3309.44,Opposite Signal,-12.75,31083.81
3396,2025-07-09 02:45:00,2025-07-09 04:00:00,Long,3302.23,3302.84,0.4,3297.29,Opposite Signal,24.4,31108.21
3397,2025-07-09 04:00:00,2025-07-09 05:45:00,Short (Partial 50%),3302.84,3292.31,0.18,3302.84,Partial TP 1:2,189.61,31297.82
3397,2025-07-09 04:00:00,2025-07-09 06:30:00,Short,3302.84,3293.09,0.19,3297.02,Opposite Signal,185.25,31483.07
3398,2025-07-09 06:30:00,2025-07-09 08:45:00,Long,3293.09,3289.41,0.27,3285.91,Opposite Signal,-99.36,31383.71
3399,2025-07-09 08:45:00,2025-07-09 09:45:00,Short,3289.41,3292.31,0.32,3295.57,Opposite Signal,-92.8,31290.91
3400,2025-07-09 09:45:00,2025-07-09 11:15:00,Long,3292.31,3285.95,0.31,3285.95,Stop Loss,-197.15,31093.76
3401,2025-07-09 11:15:00,2025-07-09 13:15:00,Short,3285.95,3290.18,0.29,3292.62,Opposite Signal,-122.67,30971.09
3402,2025-07-09 13:15:00,2025-07-09 14:15:00,Long,3290.18,3287.73,0.35,3284.58,Opposite Signal,-85.75,30885.34
3403,2025-07-09 14:15:00,2025-07-09 15:00:00,Short,3287.73,3291.54,0.34,3293.49,Opposite Signal,-129.54,30755.8
3404,2025-07-09 15:00:00,2025-07-09 16:45:00,Long (Partial 50%),3291.54,3303.86,0.16,3291.54,Partial TP 1:2,197.06,30952.86
3404,2025-07-09 15:00:00,2025-07-09 18:30:00,Long,3291.54,3307.02,0.16,3307.02,Stop Loss,247.66,31200.52
3405,2025-07-09 20:45:00,2025-07-09 22:00:00,Short,3309.27,3314.9,0.35,3314.9,Stop Loss,-196.89,31003.62
3406,2025-07-09 22:00:00,2025-07-10 02:00:00,Long,3316.17,3317.46,0.36,3310.63,Opposite Signal,46.44,31050.06
3407,2025-07-10 02:00:00,2025-07-10 03:30:00,Short,3317.46,3321.75,0.46,3321.75,Stop Loss,-197.13,30852.94
3408,2025-07-10 03:30:00,2025-07-10 03:45:00,Long,3321.7,3317.62,0.49,3317.62,Stop Loss,-199.74,30653.2
3409,2025-07-10 03:45:00,2025-07-10 04:00:00,Short,3317.72,3322.13,0.45,3322.13,Stop Loss,-198.5,30454.7
3410,2025-07-10 04:15:00,2025-07-10 05:30:00,Long,3324.12,3319.45,0.4,3319.16,Opposite Signal,-186.8,30267.9
3411,2025-07-10 05:30:00,2025-07-10 07:45:00,Short,3319.45,3322.13,0.42,3324.15,Opposite Signal,-112.56,30155.34
3412,2025-07-10 07:45:00,2025-07-10 10:30:00,Long,3322.13,3322.71,0.43,3317.56,Opposite Signal,24.94,30180.28
3413,2025-07-10 10:30:00,2025-07-10 11:30:00,Short,3322.71,3325.52,0.4,3327.64,Opposite Signal,-112.4,30067.88
3414,2025-07-10 11:30:00,2025-07-10 12:30:00,Long,3325.52,3325.07,0.41,3320.69,Opposite Signal,-18.45,30049.43
3415,2025-07-10 12:30:00,2025-07-10 14:00:00,Short,3325.07,3328.58,0.39,3330.16,Opposite Signal,-136.89,29912.54
3416,2025-07-10 14:00:00,2025-07-10 14:45:00,Long,3328.58,3323.37,0.38,3323.37,Stop Loss,-197.93,29714.61
3417,2025-07-10 14:45:00,2025-07-10 15:45:00,Short,3320.4,3323.8,0.33,3326.41,Opposite Signal,-112.2,29602.41
3418,2025-07-10 15:45:00,2025-07-10 16:30:00,Long,3323.8,3321.21,0.32,3317.65,Opposite Signal,-82.88,29519.53
3419,2025-07-10 16:30:00,2025-07-10 17:00:00,Short,3321.21,3319.04,0.27,3328.42,Opposite Signal,58.59,29578.12
3420,2025-07-10 17:00:00,2025-07-10 17:15:00,Long,3319.04,3313.26,0.23,3310.52,Opposite Signal,-132.94,29445.18
3421,2025-07-10 17:15:00,2025-07-10 18:15:00,Short,3313.26,3320.83,0.22,3322.19,Opposite Signal,-166.54,29278.64
3422,2025-07-10 18:15:00,2025-07-10 19:30:00,Long,3320.83,3312.83,0.24,3312.83,Stop Loss,-192.04,29086.6
3423,2025-07-10 19:30:00,2025-07-10 20:30:00,Short,3313.04,3317.33,0.31,3319.41,Opposite Signal,-132.99,28953.61
3424,2025-07-10 20:30:00,2025-07-11 01:45:00,Long,3317.33,3323.09,0.36,3311.87,Opposite Signal,207.36,29160.97
3425,2025-07-11 01:45:00,2025-07-11 02:30:00,Short,3323.09,3325.91,0.57,3326.58,Opposite Signal,-160.74,29000.23
3426,2025-07-11 02:30:00,2025-07-11 03:30:00,Long (Partial 50%),3325.91,3332.4,0.3,3325.91,Partial TP 1:2,194.75,29194.98
3426,2025-07-11 02:30:00,2025-07-11 03:45:00,Long,3325.91,3330.42,0.31,3327.03,Opposite Signal,139.81,29334.79
3427,2025-07-11 03:45:00,2025-07-11 04:30:00,Short,3330.42,3330.93,0.39,3335.5,Opposite Signal,-19.89,29314.9
3428,2025-07-11 04:30:00,2025-07-11 07:15:00,Long,3330.93,3331.63,0.37,3325.66,Opposite Signal,25.9,29340.8
3429,2025-07-11 07:15:00,2025-07-11 08:15:00,Short,3331.63,3336.17,0.44,3336.17,Stop Loss,-199.97,29140.82
3430,2025-07-11 08:15:00,2025-07-11 08:30:00,Long,3340.17,3335.12,0.39,3335.06,Opposite Signal,-196.95,28943.87
3431,2025-07-11 08:30:00,2025-07-11 09:15:00,Short,3335.12,3340.49,0.37,3340.49,Stop Loss,-198.85,28745.02
3432,2025-07-11 09:15:00,2025-07-11 09:45:00,Long,3342.78,3336.87,0.33,3336.87,Stop Loss,-195.13,28549.89
3433,2025-07-11 09:45:00,2025-07-11 10:30:00,Short,3332.63,3338.31,0.3,3339.12,Opposite Signal,-170.4,28379.49
3434,2025-07-11 10:30:00,2025-07-11 11:30:00,Long,3338.31,3338.2,0.32,3332.19,Opposite Signal,-3.52,28375.97
3435,2025-07-11 11:30:00,2025-07-11 12:45:00,Short,3338.2,3339.42,0.33,3344.15,Opposite Signal,-40.26,28335.71
3436,2025-07-11 12:45:00,2025-07-11 15:30:00,Long (Partial 50%),3339.42,3351.25,0.16,3339.42,Partial TP 1:2,189.26,28524.97
3436,2025-07-11 12:45:00,2025-07-11 16:15:00,Long,3339.42,3351.8,0.17,3351.8,Stop Loss,210.39,28735.36
3437,2025-07-11 16:45:00,2025-07-11 17:30:00,Short,3351.77,3359.98,0.24,3359.98,Stop Loss,-197.03,28538.34
3438,2025-07-11 17:30:00,2025-07-11 18:30:00,Long,3359.81,3359.14,0.25,3351.88,Opposite Signal,-16.75,28521.59
3439,2025-07-11 18:30:00,2025-07-11 21:00:00,Short,3359.14,3355.08,0.24,3367.27,Opposite Signal,97.44,28619.03
3440,2025-07-11 21:00:00,2025-07-11 23:15:00,Long,3355.08,3354.52,0.33,3349.15,Opposite Signal,-18.48,28600.55
3441,2025-07-11 23:15:00,2025-07-11 23:30:00,Short,3354.52,3357.95,0.43,3359.15,Opposite Signal,-147.49,28453.06
3442,2025-07-11 23:30:00,2025-07-14 01:15:00,Long (Partial 50%),3357.95,3367.61,0.2,3357.95,Partial TP 1:2,193.11,28646.16
3442,2025-07-11 23:30:00,2025-07-14 02:15:00,Long,3357.95,3368.49,0.2,3368.49,Stop Loss,210.71,28856.87
3443,2025-07-14 02:15:00,2025-07-14 03:30:00,Short,3368.19,3372.02,0.31,3374.63,Opposite Signal,-118.73,28738.14
3444,2025-07-14 03:30:00,2025-07-14 03:45:00,Long,3372.02,3367.36,0.33,3366.06,Opposite Signal,-153.78,28584.36
3445,2025-07-14 03:45:00,2025-07-14 05:00:00,Short (Partial 50%),3367.36,3355.21,0.16,3367.36,Partial TP 1:2,194.4,28778.77
3445,2025-07-14 03:45:00,2025-07-14 07:30:00,Short,3367.36,3359.04,0.16,3359.04,Stop Loss,133.11,28911.88
3446,2025-07-14 07:30:00,2025-07-14 08:15:00,Long,3359.7,3355.73,0.35,3354.03,Opposite Signal,-138.95,28772.93
3447,2025-07-14 08:15:00,2025-07-14 09:00:00,Short,3355.73,3359.72,0.35,3361.36,Opposite Signal,-139.65,28633.28
3448,2025-07-14 09:00:00,2025-07-14 10:00:00,Long (Partial 50%),3359.72,3370.32,0.18,3359.72,Partial TP 1:2,190.82,28824.09
3448,2025-07-14 09:00:00,2025-07-14 10:30:00,Long,3359.72,3370.13,0.19,3370.13,Stop Loss,197.7,29021.79
3449,2025-07-14 11:15:00,2025-07-14 12:45:00,Short,3367.43,3370.21,0.29,3374.13,Opposite Signal,-80.62,28941.17
3450,2025-07-14 12:45:00,2025-07-14 14:15:00,Long,3370.21,3369.45,0.33,3364.3,Opposite Signal,-25.08,28916.09
3451,2025-07-14 14:15:00,2025-07-14 15:15:00,Short (Partial 50%),3369.45,3358.87,0.18,3369.45,Partial TP 1:2,190.49,29106.58
3451,2025-07-14 14:15:00,2025-07-14 16:15:00,Short,3369.45,3354.5,0.19,3354.5,Stop Loss,284.02,29390.59
3452,2025-07-14 16:15:00,2025-07-14 17:00:00,Long,3355.38,3351.78,0.28,3348.33,Opposite Signal,-100.8,29289.79
3453,2025-07-14 17:00:00,2025-07-14 18:00:00,Short,3351.78,3348.43,0.29,3358.61,Opposite Signal,97.15,29386.94
3454,2025-07-14 18:00:00,2025-07-14 22:30:00,Long,3348.43,3346.24,0.24,3340.13,Opposite Signal,-52.56,29334.38
3455,2025-07-14 22:30:00,2025-07-15 01:30:00,Short,3346.24,3344.6,0.46,3350.58,Opposite Signal,75.44,29409.82
3456,2025-07-15 01:30:00,2025-07-15 05:15:00,Long (Partial 50%),3344.6,3351.88,0.27,3344.6,Partial TP 1:2,196.48,29606.3
3456,2025-07-15 01:30:00,2025-07-15 09:00:00,Long,3344.6,3361.59,0.27,3361.59,Stop Loss,458.72,30065.02
3457,2025-07-15 09:15:00,2025-07-15 10:15:00,Short,3359.84,3362.79,0.45,3364.23,Opposite Signal,-132.75,29932.27
3458,2025-07-15 10:15:00,2025-07-15 11:15:00,Long,3362.79,3358.05,0.42,3358.05,Stop Loss,-198.97,29733.3
3459,2025-07-15 11:15:00,2025-07-15 11:30:00,Short,3357.93,3362.89,0.4,3362.89,Stop Loss,-198.27,29535.04
3460,2025-07-15 11:30:00,2025-07-15 14:00:00,Long,3362.34,3360.66,0.37,3356.95,Opposite Signal,-62.16,29472.88
3461,2025-07-15 14:00:00,2025-07-15 15:15:00,Short (Partial 50%),3360.66,3350.82,0.2,3360.66,Partial TP 1:2,196.87,29669.75
3461,2025-07-15 14:00:00,2025-07-15 16:45:00,Short,3360.66,3343.95,0.2,3343.95,Stop Loss,334.21,30003.95
3462,2025-07-15 16:45:00,2025-07-15 18:15:00,Long,3346.6,3337.24,0.21,3337.24,Stop Loss,-196.61,29807.34
3463,2025-07-15 18:15:00,2025-07-15 19:45:00,Short,3334.34,3329.24,0.2,3344.11,Opposite Signal,102.0,29909.34
3464,2025-07-15 19:45:00,2025-07-15 23:30:00,Long,3329.24,3326.63,0.22,3320.37,Opposite Signal,-57.42,29851.92
3465,2025-07-15 23:30:00,2025-07-16 02:00:00,Short,3326.63,3328.41,0.4,3331.56,Opposite Signal,-71.2,29780.72
3466,2025-07-16 02:00:00,2025-07-16 05:00:00,Long,3328.41,3328.74,0.52,3324.6,Opposite Signal,17.16,29797.88
3467,2025-07-16 05:00:00,2025-07-16 06:15:00,Short,3328.74,3332.66,0.46,3333.03,Opposite Signal,-180.32,29617.56
3468,2025-07-16 06:15:00,2025-07-16 10:00:00,Long,3332.66,3337.75,0.42,3327.96,Opposite Signal,213.78,29831.34
3469,2025-07-16 10:00:00,2025-07-16 11:00:00,Short,3337.75,3341.73,0.5,3341.73,Stop Loss,-199.23,29632.11
3470,2025-07-16 11:00:00,2025-07-16 12:15:00,Long,3340.12,3339.28,0.47,3335.9,Opposite Signal,-39.48,29592.63
3471,2025-07-16 12:15:00,2025-07-16 14:30:00,Short,3339.28,3338.17,0.51,3343.17,Opposite Signal,56.61,29649.24
3472,2025-07-16 14:30:00,2025-07-16 15:15:00,Long,3338.17,3334.15,0.49,3334.15,Stop Loss,-196.98,29452.26
3473,2025-07-16 15:15:00,2025-07-16 16:15:00,Short,3334.38,3339.04,0.42,3339.04,Stop Loss,-195.71,29256.55
3474,2025-07-16 17:45:00,2025-07-16 18:15:00,Long (Partial 50%),3338.04,3356.64,0.1,3338.04,Partial TP 1:2,185.97,29442.52
3474,2025-07-16 17:45:00,2025-07-16 18:45:00,Long,3338.04,3350.32,0.1,3350.32,Stop Loss,122.78,29565.3
3475,2025-07-16 18:45:00,2025-07-16 21:00:00,Short,3343.8,3355.81,0.11,3361.81,Opposite Signal,-132.11,29433.19
3476,2025-07-16 21:00:00,2025-07-16 22:00:00,Long,3355.81,3347.82,0.16,3343.87,Opposite Signal,-127.84,29305.35
3477,2025-07-16 22:00:00,2025-07-17 01:00:00,Short,3347.82,3350.96,0.2,3357.39,Opposite Signal,-62.8,29242.55
3478,2025-07-17 01:00:00,2025-07-17 02:30:00,Long,3350.96,3346.22,0.33,3345.04,Opposite Signal,-156.42,29086.13
3479,2025-07-17 02:30:00,2025-07-17 04:45:00,Short,3346.22,3344.06,0.43,3350.87,Opposite Signal,92.88,29179.01
3480,2025-07-17 04:45:00,2025-07-17 05:00:00,Long,3344.06,3340.65,0.42,3339.34,Opposite Signal,-143.22,29035.79
3481,2025-07-17 05:00:00,2025-07-17 07:30:00,Short,3340.65,3342.75,0.4,3345.56,Opposite Signal,-84.0,28951.79
3482,2025-07-17 07:30:00,2025-07-17 08:30:00,Long,3342.75,3338.06,0.42,3338.06,Stop Loss,-196.94,28754.85
3483,2025-07-17 08:30:00,2025-07-17 09:45:00,Short,3337.17,3335.34,0.43,3341.74,Opposite Signal,78.69,28833.54
3484,2025-07-17 09:45:00,2025-07-17 10:15:00,Long,3335.34,3329.21,0.32,3329.21,Stop Loss,-196.28,28637.26
3485,2025-07-17 10:15:00,2025-07-17 11:15:00,Short,3329.69,3330.99,0.31,3336.09,Opposite Signal,-40.3,28596.96
3486,2025-07-17 11:15:00,2025-07-17 12:45:00,Long,3330.99,3325.17,0.34,3325.17,Stop Loss,-197.88,28399.08
3487,2025-07-17 12:45:00,2025-07-17 13:30:00,Short,3325.61,3331.04,0.36,3331.04,Stop Loss,-195.43,28203.65
3488,2025-07-17 13:30:00,2025-07-17 13:45:00,Long,3331.23,3326.08,0.38,3326.08,Stop Loss,-195.86,28007.79
3489,2025-07-17 13:45:00,2025-07-17 15:30:00,Short (Partial 50%),3325.78,3314.61,0.17,3325.78,Partial TP 1:2,189.95,28197.74
3489,2025-07-17 13:45:00,2025-07-17 16:15:00,Short,3325.78,3318.09,0.17,3318.09,Stop Loss,130.78,28328.52
3490,2025-07-17 16:45:00,2025-07-17 18:00:00,Long (Partial 50%),3319.13,3335.38,0.12,3319.13,Partial TP 1:2,194.96,28523.48
3490,2025-07-17 16:45:00,2025-07-17 20:30:00,Long,3319.13,3336.64,0.12,3336.64,Stop Loss,210.11,28733.59
3491,2025-07-18 02:45:00,2025-07-18 05:00:00,Short,3340.2,3343.48,0.61,3343.48,Stop Loss,-199.92,28533.67
3492,2025-07-18 05:00:00,2025-07-18 05:30:00,Long,3343.36,3339.55,0.43,3338.72,Opposite Signal,-163.83,28369.84
3493,2025-07-18 05:30:00,2025-07-18 08:00:00,Short,3339.55,3339.62,0.43,3344.1,Opposite Signal,-3.01,28366.83
3494,2025-07-18 08:00:00,2025-07-18 08:30:00,Long,3339.62,3335.63,0.5,3335.63,Stop Loss,-199.37,28167.46
3495,2025-07-18 08:30:00,2025-07-18 09:00:00,Short,3334.57,3337.04,0.48,3338.72,Opposite Signal,-118.56,28048.9
3496,2025-07-18 09:00:00,2025-07-18 10:15:00,Long (Partial 50%),3337.04,3346.02,0.22,3337.04,Partial TP 1:2,197.51,28246.41
3496,2025-07-18 09:00:00,2025-07-18 11:15:00,Long,3337.04,3346.48,0.22,3346.48,Stop Loss,207.76,28454.17
3497,2025-07-18 16:30:00,2025-07-18 23:30:00,Short,3355.4,3351.0,0.36,3360.94,Opposite Signal,158.4,28612.57
3498,2025-07-18 23:30:00,2025-07-21 01:00:00,Long,3351.0,3347.69,0.6,3347.69,Stop Loss,-198.77,28413.8
3499,2025-07-21 01:00:00,2025-07-21 02:45:00,Short,3346.71,3349.01,0.55,3350.32,Opposite Signal,-126.5,28287.3
3500,2025-07-21 02:45:00,2025-07-21 04:00:00,Long (Partial 50%),3349.01,3355.87,0.28,3349.01,Partial TP 1:2,192.21,28479.5
3500,2025-07-21 02:45:00,2025-07-21 04:45:00,Long,3349.01,3355.41,0.29,3355.41,Stop Loss,185.74,28665.24
3501,2025-07-21 05:00:00,2025-07-21 05:15:00,Short,3354.13,3357.09,0.5,3358.11,Opposite Signal,-148.0,28517.24
3502,2025-07-21 05:15:00,2025-07-21 05:30:00,Long,3357.09,3353.0,0.48,3353.0,Stop Loss,-196.09,28321.16
3503,2025-07-21 05:30:00,2025-07-21 06:00:00,Short,3353.02,3356.26,0.45,3357.43,Opposite Signal,-145.8,28175.36
3504,2025-07-21 06:00:00,2025-07-21 06:30:00,Long,3356.26,3351.93,0.46,3351.93,Stop Loss,-199.28,27976.08
3505,2025-07-21 06:30:00,2025-07-21 07:15:00,Short,3352.42,3354.73,0.45,3356.81,Opposite Signal,-103.95,27872.13
3506,2025-07-21 07:15:00,2025-07-21 08:15:00,Long (Partial 50%),3354.73,3363.23,0.23,3354.73,Partial TP 1:2,195.47,28067.6
3506,2025-07-21 07:15:00,2025-07-21 10:15:00,Long,3354.73,3366.44,0.23,3366.44,Stop Loss,269.28,28336.88
3507,2025-07-21 10:15:00,2025-07-21 13:00:00,Short,3365.94,3367.51,0.4,3370.93,Opposite Signal,-62.8,28274.08
3508,2025-07-21 13:00:00,2025-07-21 13:30:00,Long,3367.51,3363.72,0.52,3363.72,Stop Loss,-197.33,28076.75
3509,2025-07-21 13:30:00,2025-07-21 14:00:00,Short,3363.56,3367.41,0.51,3367.41,Stop Loss,-196.4,27880.35
3510,2025-07-21 14:00:00,2025-07-21 15:15:00,Long (Partial 50%),3369.47,3377.76,0.24,3369.47,Partial TP 1:2,198.84,28079.19
3510,2025-07-21 14:00:00,2025-07-21 18:15:00,Long,3369.47,3395.66,0.24,3395.66,Stop Loss,628.65,28707.84
3511,2025-07-21 19:45:00,2025-07-21 22:00:00,Short,3395.6,3397.42,0.35,3401.31,Opposite Signal,-63.7,28644.14
3512,2025-07-21 22:00:00,2025-07-22 02:30:00,Long,3397.42,3393.34,0.48,3393.34,Stop Loss,-196.06,28448.08
3513,2025-07-22 02:30:00,2025-07-22 03:15:00,Short,3394.4,3395.13,0.49,3398.43,Opposite Signal,-35.77,28412.31
3514,2025-07-22 03:15:00,2025-07-22 04:00:00,Long,3395.13,3390.26,0.41,3390.26,Stop Loss,-199.69,28212.62
3515,2025-07-22 04:15:00,2025-07-22 05:30:00,Short,3391.77,3390.14,0.37,3397.1,Opposite Signal,60.31,28272.93
3516,2025-07-22 05:30:00,2025-07-22 07:30:00,Long,3390.14,3389.36,0.35,3384.56,Opposite Signal,-27.3,28245.63
3517,2025-07-22 07:30:00,2025-07-22 10:45:00,Short,3389.36,3387.58,0.43,3393.91,Opposite Signal,76.54,28322.17
3518,2025-07-22 10:45:00,2025-07-22 12:15:00,Long,3387.58,3385.62,0.5,3383.6,Opposite Signal,-98.0,28224.17
3519,2025-07-22 12:15:00,2025-07-22 14:30:00,Short,3385.62,3389.39,0.49,3389.67,Opposite Signal,-184.73,28039.44
3520,2025-07-22 14:30:00,2025-07-22 15:15:00,Long (Partial 50%),3389.39,3396.41,0.28,3389.39,Partial TP 1:2,196.62,28236.06
3520,2025-07-22 14:30:00,2025-07-22 16:45:00,Long,3389.39,3411.78,0.28,3411.78,Stop Loss,626.81,28862.87
3521,2025-07-22 20:00:00,2025-07-23 02:00:00,Short,3427.17,3432.08,0.26,3434.7,Opposite Signal,-127.66,28735.21
3522,2025-07-23 02:00:00,2025-07-23 02:15:00,Long,3432.08,3428.1,0.5,3428.1,Stop Loss,-198.75,28536.46
3523,2025-07-23 02:30:00,2025-07-23 03:00:00,Short,3428.29,3432.57,0.46,3432.57,Stop Loss,-196.98,28339.48
3524,2025-07-23 03:00:00,2025-07-23 03:45:00,Long,3432.93,3428.92,0.41,3428.13,Opposite Signal,-164.41,28175.07
3525,2025-07-23 03:45:00,2025-07-23 06:15:00,Short,3428.92,3428.09,0.35,3434.54,Opposite Signal,29.05,28204.12
3526,2025-07-23 06:15:00,2025-07-23 06:45:00,Long,3428.09,3423.08,0.34,3422.27,Opposite Signal,-170.34,28033.78
3527,2025-07-23 06:45:00,2025-07-23 09:00:00,Short,3423.08,3423.19,0.33,3429.07,Opposite Signal,-3.63,28030.15
3528,2025-07-23 09:00:00,2025-07-23 10:30:00,Long,3423.19,3423.06,0.38,3417.99,Opposite Signal,-4.94,28025.21
3529,2025-07-23 10:30:00,2025-07-23 11:00:00,Short,3423.06,3425.02,0.35,3428.76,Opposite Signal,-68.6,27956.61
3530,2025-07-23 11:00:00,2025-07-23 13:00:00,Long,3425.02,3424.67,0.34,3419.27,Opposite Signal,-11.9,27944.71
3531,2025-07-23 13:00:00,2025-07-23 14:15:00,Short,3424.67,3425.27,0.35,3430.36,Opposite Signal,-21.0,27923.71
3532,2025-07-23 14:15:00,2025-07-23 15:45:00,Long,3425.27,3419.95,0.37,3419.95,Stop Loss,-196.76,27726.94
3533,2025-07-23 15:45:00,2025-07-23 16:30:00,Short (Partial 50%),3419.91,3408.0,0.16,3419.91,Partial TP 1:2,190.53,27917.47
3533,2025-07-23 15:45:00,2025-07-23 17:00:00,Short,3419.91,3418.21,0.17,3418.21,Stop Loss,28.88,27946.35
3534,2025-07-23 17:00:00,2025-07-23 18:30:00,Long,3416.69,3410.38,0.26,3409.11,Opposite Signal,-164.06,27782.29
3535,2025-07-23 18:30:00,2025-07-23 19:00:00,Short (Partial 50%),3410.38,3395.87,0.13,3410.38,Partial TP 1:2,188.66,27970.95
3535,2025-07-23 18:30:00,2025-07-23 19:30:00,Short,3410.38,3390.32,0.14,3390.32,Stop Loss,280.91,28251.86
3536,2025-07-23 20:45:00,2025-07-23 23:15:00,Long,3393.22,3388.37,0.21,3383.93,Opposite Signal,-101.85,28150.01
3537,2025-07-23 23:15:00,2025-07-24 02:15:00,Short,3388.37,3390.41,0.35,3394.02,Opposite Signal,-71.4,28078.61
3538,2025-07-24 02:15:00,2025-07-24 04:00:00,Long,3390.41,3385.84,0.43,3385.84,Stop Loss,-196.66,27881.95
3539,2025-07-24 04:45:00,2025-07-24 05:15:00,Short,3387.54,3387.51,0.37,3392.88,Opposite Signal,1.11,27883.06
3540,2025-07-24 05:15:00,2025-07-24 06:00:00,Long,3387.51,3380.99,0.3,3380.99,Stop Loss,-195.73,27687.32
3541,2025-07-24 06:00:00,2025-07-24 06:30:00,Short,3379.24,3384.52,0.27,3386.48,Opposite Signal,-142.56,27544.76
3542,2025-07-24 06:30:00,2025-07-24 08:30:00,Long,3384.52,3377.43,0.28,3377.43,Stop Loss,-198.47,27346.29
3543,2025-07-24 08:30:00,2025-07-24 10:00:00,Short,3377.85,3377.49,0.34,3383.67,Opposite Signal,12.24,27358.53
3544,2025-07-24 10:00:00,2025-07-24 10:45:00,Long,3377.49,3370.71,0.29,3370.71,Stop Loss,-196.57,27161.96
3545,2025-07-24 10:45:00,2025-07-24 11:30:00,Short,3367.79,3373.63,0.27,3375.16,Opposite Signal,-157.68,27004.28
3546,2025-07-24 11:30:00,2025-07-24 12:00:00,Long,3373.63,3366.75,0.29,3366.75,Stop Loss,-199.57,26804.7
3547,2025-07-24 12:00:00,2025-07-24 15:45:00,Short (Partial 50%),3366.33,3352.82,0.14,3366.33,Partial TP 1:2,189.11,26993.81
3547,2025-07-24 12:00:00,2025-07-24 16:00:00,Short,3366.33,3358.09,0.14,3363.05,Opposite Signal,115.36,27109.17
3548,2025-07-24 16:00:00,2025-07-24 17:15:00,Long (Partial 50%),3358.09,3372.96,0.13,3358.09,Partial TP 1:2,193.3,27302.47
3548,2025-07-24 16:00:00,2025-07-24 18:15:00,Long,3358.09,3370.79,0.13,3370.79,Stop Loss,165.09,27467.56
3549,2025-07-24 19:15:00,2025-07-24 20:15:00,Short,3369.97,3371.57,0.29,3376.65,Opposite Signal,-46.4,27421.16
3550,2025-07-24 20:15:00,2025-07-24 23:30:00,Long,3371.57,3368.4,0.31,3365.26,Opposite Signal,-98.27,27322.89
3551,2025-07-24 23:30:00,2025-07-25 02:00:00,Short,3368.4,3370.64,0.54,3372.09,Opposite Signal,-120.96,27201.93
3552,2025-07-25 02:00:00,2025-07-25 02:15:00,Long,3370.64,3367.99,0.55,3367.05,Opposite Signal,-145.75,27056.18
3553,2025-07-25 02:15:00,2025-07-25 03:00:00,Short,3367.99,3370.5,0.54,3371.67,Opposite Signal,-135.54,26920.64
3554,2025-07-25 03:00:00,2025-07-25 04:15:00,Long,3370.5,3366.86,0.54,3366.86,Stop Loss,-196.78,26723.86
3555,2025-07-25 04:15:00,2025-07-25 04:45:00,Short,3367.8,3371.06,0.51,3371.71,Opposite Signal,-166.26,26557.6
3556,2025-07-25 04:45:00,2025-07-25 05:00:00,Long,3371.06,3367.17,0.51,3367.17,Stop Loss,-198.25,26359.35
3557,2025-07-25 05:00:00,2025-07-25 07:00:00,Short,3366.0,3362.47,0.46,3370.32,Opposite Signal,162.38,26521.73
3558,2025-07-25 07:00:00,2025-07-25 07:30:00,Long,3362.47,3358.23,0.47,3358.23,Stop Loss,-199.12,26322.61
3559,2025-07-25 07:30:00,2025-07-25 09:45:00,Short,3358.38,3359.42,0.45,3362.78,Opposite Signal,-46.8,26275.81
3560,2025-07-25 09:45:00,2025-07-25 10:30:00,Long,3359.42,3354.61,0.41,3354.61,Stop Loss,-197.11,26078.7
3561,2025-07-25 10:30:00,2025-07-25 12:00:00,Short (Partial 50%),3353.46,3343.2,0.19,3353.46,Partial TP 1:2,194.9,26273.6
3561,2025-07-25 10:30:00,2025-07-25 14:45:00,Short,3353.46,3343.22,0.19,3343.22,Stop Loss,194.55,26468.15
3562,2025-07-25 16:45:00,2025-07-25 17:15:00,Long,3343.92,3337.1,0.29,3337.1,Stop Loss,-197.73,26270.43
3563,2025-07-25 17:15:00,2025-07-25 20:00:00,Short,3337.97,3333.17,0.28,3345.11,Opposite Signal,134.4,26404.83
3564,2025-07-25 20:00:00,2025-07-25 23:00:00,Long,3333.17,3337.12,0.3,3326.51,Opposite Signal,118.5,26523.33
3565,2025-07-25 23:00:00,2025-07-28 01:00:00,Short (Partial 50%),3337.12,3329.92,0.27,3337.12,Partial TP 1:2,194.34,26717.66
3565,2025-07-25 23:00:00,2025-07-28 02:00:00,Short,3337.12,3331.5,0.28,3331.5,Stop Loss,157.35,26875.02
3566,2025-07-28 02:00:00,2025-07-28 03:30:00,Long,3335.13,3329.36,0.34,3329.36,Stop Loss,-196.26,26678.76
3567,2025-07-28 03:30:00,2025-07-28 04:00:00,Short,3329.58,3335.38,0.34,3335.38,Stop Loss,-197.06,26481.7
3568,2025-07-28 04:00:00,2025-07-28 04:45:00,Long,3334.98,3331.92,0.29,3328.16,Opposite Signal,-88.74,26392.96
3569,2025-07-28 04:45:00,2025-07-28 06:00:00,Short,3331.92,3338.08,0.28,3338.89,Opposite Signal,-172.48,26220.48
3570,2025-07-28 06:00:00,2025-07-28 08:00:00,Long,3338.08,3338.97,0.3,3331.61,Opposite Signal,26.7,26247.18
3571,2025-07-28 08:00:00,2025-07-28 08:45:00,Short,3338.97,3344.07,0.39,3344.07,Stop Loss,-198.8,26048.38
3572,2025-07-28 08:45:00,2025-07-28 09:15:00,Long,3343.39,3339.32,0.39,3338.37,Opposite Signal,-158.73,25889.65
3573,2025-07-28 09:15:00,2025-07-28 12:00:00,Short,3339.32,3338.1,0.38,3344.49,Opposite Signal,46.36,25936.01
3574,2025-07-28 12:00:00,2025-07-28 14:15:00,Long,3338.1,3335.53,0.37,3332.72,Opposite Signal,-95.09,25840.92
3575,2025-07-28 14:15:00,2025-07-28 15:45:00,Short (Partial 50%),3335.53,3326.26,0.21,3335.53,Partial TP 1:2,194.57,26035.48
3575,2025-07-28 14:15:00,2025-07-28 17:00:00,Short,3335.53,3307.9,0.22,3307.9,Stop Loss,607.84,26643.33
3576,2025-07-28 17:00:00,2025-07-28 23:45:00,Long,3308.65,3314.83,0.22,3299.91,Opposite Signal,135.96,26779.29
3577,2025-07-28 23:45:00,2025-07-29 03:45:00,Short,3314.83,3311.64,0.49,3318.83,Opposite Signal,156.31,26935.6
3578,2025-07-29 03:45:00,2025-07-29 06:15:00,Long,3311.64,3315.06,0.42,3306.95,Opposite Signal,143.64,27079.24
3579,2025-07-29 06:15:00,2025-07-29 07:45:00,Short,3315.06,3316.46,0.42,3319.79,Opposite Signal,-58.8,27020.44
3580,2025-07-29 07:45:00,2025-07-29 09:45:00,Long,3316.46,3316.95,0.4,3311.53,Opposite Signal,19.6,27040.04
3581,2025-07-29 09:45:00,2025-07-29 11:00:00,Short,3316.95,3322.27,0.37,3322.27,Stop Loss,-197.02,26843.01
3582,2025-07-29 11:00:00,2025-07-29 13:45:00,Long,3327.18,3322.1,0.28,3320.14,Opposite Signal,-142.24,26700.77
3583,2025-07-29 13:45:00,2025-07-29 15:00:00,Short,3322.1,3320.46,0.36,3327.63,Opposite Signal,59.04,26759.81
3584,2025-07-29 15:00:00,2025-07-29 16:30:00,Long,3320.46,3314.34,0.32,3314.34,Stop Loss,-195.81,26564.0
3585,2025-07-29 16:45:00,2025-07-29 17:15:00,Short,3317.25,3324.55,0.27,3324.55,Stop Loss,-197.1,26366.9
3586,2025-07-29 17:15:00,2025-07-29 18:30:00,Long,3324.47,3322.59,0.24,3316.39,Opposite Signal,-45.12,26321.78
3587,2025-07-29 18:30:00,2025-07-29 20:15:00,Short,3322.59,3326.53,0.25,3330.54,Opposite Signal,-98.5,26223.28
3588,2025-07-29 20:15:00,2025-07-29 21:45:00,Long,3326.53,3325.76,0.31,3320.24,Opposite Signal,-23.87,26199.41
3589,2025-07-29 21:45:00,2025-07-29 23:30:00,Short,3325.76,3326.57,0.38,3330.9,Opposite Signal,-30.78,26168.63
3590,2025-07-29 23:30:00,2025-07-30 04:30:00,Long,3326.57,3323.05,0.48,3322.42,Opposite Signal,-168.96,25999.67
3591,2025-07-30 04:30:00,2025-07-30 05:00:00,Short,3323.05,3327.64,0.43,3327.64,Stop Loss,-197.53,25802.13
3592,2025-07-30 05:00:00,2025-07-30 05:30:00,Long,3329.15,3326.9,0.39,3324.11,Opposite Signal,-87.75,25714.38
3593,2025-07-30 05:30:00,2025-07-30 09:45:00,Short,3326.9,3327.11,0.36,3332.32,Opposite Signal,-7.56,25706.82
3594,2025-07-30 09:45:00,2025-07-30 13:15:00,Long,3327.11,3329.09,0.47,3322.86,Opposite Signal,93.06,25799.88
3595,2025-07-30 13:15:00,2025-07-30 14:45:00,Short,3329.09,3330.79,0.39,3334.13,Opposite Signal,-66.3,25733.58
3596,2025-07-30 14:45:00,2025-07-30 15:30:00,Long,3330.79,3325.31,0.36,3325.31,Stop Loss,-197.42,25536.16
3597,2025-07-30 15:30:00,2025-07-30 15:45:00,Short (Partial 50%),3323.86,3311.61,0.16,3323.86,Partial TP 1:2,195.94,25732.11
3597,2025-07-30 15:30:00,2025-07-30 19:15:00,Short,3323.86,3296.09,0.16,3296.09,Stop Loss,444.38,26176.49
3598,2025-07-30 19:45:00,2025-07-30 21:30:00,Long,3298.08,3290.5,0.26,3290.5,Stop Loss,-196.97,25979.51
3599,2025-07-30 21:30:00,2025-07-30 22:15:00,Short (Partial 50%),3288.76,3273.61,0.13,3288.76,Partial TP 1:2,196.92,26176.43
3599,2025-07-30 21:30:00,2025-07-30 23:00:00,Short,3288.76,3275.38,0.13,3275.38,Stop Loss,174.0,26350.43
3600,2025-07-30 23:45:00,2025-07-31 04:45:00,Long (Partial 50%),3275.93,3293.39,0.11,3275.93,Partial TP 1:2,192.08,26542.51
3600,2025-07-30 23:45:00,2025-07-31 05:30:00,Long,3275.93,3290.59,0.11,3290.59,Stop Loss,161.27,26703.78
3601,2025-07-31 12:15:00,2025-07-31 14:00:00,Short,3307.4,3301.15,0.28,3314.42,Opposite Signal,175.0,26878.78
3602,2025-07-31 14:00:00,2025-07-31 16:30:00,Long,3301.15,3303.63,0.27,3293.9,Opposite Signal,66.96,26945.74
3603,2025-07-31 16:30:00,2025-07-31 19:15:00,Short (Partial 50%),3303.63,3289.75,0.14,3303.63,Partial TP 1:2,194.27,27140.0
3603,2025-07-31 16:30:00,2025-07-31 19:30:00,Short,3303.63,3296.1,0.14,3300.86,Opposite Signal,105.42,27245.42
3604,2025-07-31 19:30:00,2025-07-31 22:15:00,Long,3296.1,3291.11,0.28,3288.96,Opposite Signal,-139.72,27105.7
3605,2025-07-31 22:15:00,2025-07-31 22:30:00,Short,3291.11,3294.51,0.41,3295.9,Opposite Signal,-139.4,26966.3
3606,2025-07-31 22:30:00,2025-07-31 22:45:00,Long,3294.51,3290.95,0.41,3289.65,Opposite Signal,-145.96,26820.34
3607,2025-07-31 22:45:00,2025-08-01 01:30:00,Short,3290.95,3293.88,0.39,3295.97,Opposite Signal,-114.27,26706.07
3608,2025-08-01 01:30:00,2025-08-01 02:00:00,Long,3293.88,3290.57,0.5,3289.96,Opposite Signal,-165.5,26540.57
3609,2025-08-01 02:00:00,2025-08-01 03:30:00,Short,3290.57,3292.81,0.49,3294.65,Opposite Signal,-109.76,26430.81
3610,2025-08-01 03:30:00,2025-08-01 04:30:00,Long,3292.81,3288.04,0.41,3288.04,Stop Loss,-195.44,26235.37
3611,2025-08-01 04:30:00,2025-08-01 05:00:00,Short,3287.84,3290.98,0.37,3293.21,Opposite Signal,-116.18,26119.19
3612,2025-08-01 05:00:00,2025-08-01 06:45:00,Long,3290.98,3291.46,0.31,3284.56,Opposite Signal,14.88,26134.07
3613,2025-08-01 06:45:00,2025-08-01 08:30:00,Short,3291.46,3295.4,0.34,3297.3,Opposite Signal,-133.96,26000.11
3614,2025-08-01 08:30:00,2025-08-01 09:15:00,Long,3295.4,3292.04,0.39,3290.39,Opposite Signal,-131.04,25869.07
3615,2025-08-01 09:15:00,2025-08-01 11:45:00,Short,3292.04,3294.36,0.37,3297.31,Opposite Signal,-85.84,25783.23
3616,2025-08-01 11:45:00,2025-08-01 15:30:00,Long (Partial 50%),3294.36,3305.34,0.18,3294.36,Partial TP 1:2,197.61,25980.84
3616,2025-08-01 11:45:00,2025-08-01 16:30:00,Long,3294.36,3344.04,0.18,3344.04,Stop Loss,894.18,26875.02
3617,2025-08-01 16:45:00,2025-08-01 17:15:00,Short,3341.69,3353.97,0.16,3353.97,Stop Loss,-196.45,26678.57
3618,2025-08-01 20:30:00,2025-08-04 01:00:00,Long (Partial 50%),3347.98,3364.14,0.12,3347.98,Partial TP 1:2,193.92,26872.49
3618,2025-08-01 20:30:00,2025-08-04 01:45:00,Long,3347.98,3359.1,0.12,3356.99,Opposite Signal,133.44,27005.93
3619,2025-08-04 01:45:00,2025-08-04 02:45:00,Short,3359.1,3361.92,0.38,3364.33,Opposite Signal,-107.16,26898.77
3620,2025-08-04 02:45:00,2025-08-04 03:00:00,Long,3361.92,3356.76,0.38,3356.76,Stop Loss,-196.18,26702.59
3621,2025-08-04 03:00:00,2025-08-04 04:45:00,Short,3356.15,3352.24,0.35,3361.72,Opposite Signal,136.85,26839.44
3622,2025-08-04 04:45:00,2025-08-04 08:30:00,Long,3352.24,3356.72,0.34,3346.47,Opposite Signal,152.32,26991.76
3623,2025-08-04 08:30:00,2025-08-04 09:30:00,Short,3356.72,3359.99,0.47,3360.95,Opposite Signal,-153.69,26838.07
3624,2025-08-04 09:30:00,2025-08-04 10:15:00,Long,3359.99,3354.54,0.36,3354.54,Stop Loss,-196.17,26641.9
3625,2025-08-04 10:15:00,2025-08-04 11:15:00,Short,3353.7,3359.7,0.33,3359.7,Stop Loss,-198.07,26443.83
3626,2025-08-04 11:15:00,2025-08-04 13:15:00,Long,3358.81,3353.1,0.35,3353.1,Stop Loss,-199.95,26243.88
3627,2025-08-04 13:15:00,2025-08-04 14:00:00,Short,3356.39,3361.57,0.38,3361.57,Stop Loss,-197.01,26046.88
3628,2025-08-04 14:00:00,2025-08-04 15:15:00,Long,3363.71,3363.75,0.38,3358.47,Opposite Signal,1.52,26048.4
3629,2025-08-04 15:15:00,2025-08-04 15:45:00,Short,3363.75,3367.77,0.36,3369.3,Opposite Signal,-144.72,25903.68
3630,2025-08-04 15:45:00,2025-08-04 16:45:00,Long (Partial 50%),3367.77,3379.49,0.17,3367.77,Partial TP 1:2,199.18,26102.85
3630,2025-08-04 15:45:00,2025-08-04 17:00:00,Long,3367.77,3377.47,0.17,3372.42,Opposite Signal,164.9,26267.75
3631,2025-08-04 17:00:00,2025-08-04 19:00:00,Short,3377.47,3377.72,0.26,3385.04,Opposite Signal,-6.5,26261.25
3632,2025-08-04 19:00:00,2025-08-04 19:30:00,Long,3377.72,3371.75,0.3,3371.13,Opposite Signal,-179.1,26082.15
3633,2025-08-04 19:30:00,2025-08-04 21:15:00,Short,3371.75,3375.95,0.31,3378.19,Opposite Signal,-130.2,25951.95
3634,2025-08-04 21:15:00,2025-08-04 23:30:00,Long,3375.95,3373.59,0.41,3371.1,Opposite Signal,-96.76,25855.19
3635,2025-08-04 23:30:00,2025-08-05 02:00:00,Short,3373.59,3377.01,0.58,3377.01,Stop Loss,-198.1,25657.1
3636,2025-08-05 02:00:00,2025-08-05 03:00:00,Long,3378.72,3376.94,0.63,3375.57,Opposite Signal,-112.14,25544.96
3637,2025-08-05 03:00:00,2025-08-05 03:30:00,Short,3376.94,3379.52,0.6,3380.22,Opposite Signal,-154.8,25390.16
3638,2025-08-05 03:30:00,2025-08-05 05:15:00,Long,3379.52,3376.2,0.6,3376.2,Stop Loss,-199.45,25190.7
3639,2025-08-05 05:15:00,2025-08-05 08:15:00,Short (Partial 50%),3375.89,3367.67,0.24,3375.89,Partial TP 1:2,197.23,25387.94
3639,2025-08-05 05:15:00,2025-08-05 08:45:00,Short,3375.89,3372.8,0.24,3372.8,Stop Loss,74.11,25462.05
3640,2025-08-05 08:45:00,2025-08-05 09:00:00,Long,3373.97,3370.21,0.53,3370.21,Stop Loss,-199.12,25262.92
3641,2025-08-05 09:00:00,2025-08-05 10:00:00,Short,3370.63,3369.4,0.49,3374.64,Opposite Signal,60.27,25323.19
3642,2025-08-05 10:00:00,2025-08-05 11:30:00,Long,3369.4,3369.05,0.45,3364.96,Opposite Signal,-15.75,25307.44
3643,2025-08-05 11:30:00,2025-08-05 12:45:00,Short (Partial 50%),3369.05,3359.05,0.2,3369.05,Partial TP 1:2,199.96,25507.4
3643,2025-08-05 11:30:00,2025-08-05 15:00:00,Short,3369.05,3354.74,0.2,3354.74,Stop Loss,286.13,25793.53
3644,2025-08-05 15:15:00,2025-08-05 16:30:00,Long (Partial 50%),3360.86,3373.2,0.16,3360.86,Partial TP 1:2,197.51,25991.05
3644,2025-08-05 15:15:00,2025-08-05 19:15:00,Long,3360.86,3384.59,0.16,3384.59,Stop Loss,379.74,26370.79
3645,2025-08-05 19:15:00,2025-08-06 02:15:00,Short,3382.55,3381.89,0.26,3390.0,Opposite Signal,17.16,26387.95
3646,2025-08-06 02:15:00,2025-08-06 03:30:00,Long,3381.89,3382.72,0.67,3378.94,Opposite Signal,55.61,26443.56
3647,2025-08-06 03:30:00,2025-08-06 04:45:00,Short (Partial 50%),3382.72,3375.99,0.29,3382.72,Partial TP 1:2,195.11,26638.67
3647,2025-08-06 03:30:00,2025-08-06 06:15:00,Short,3382.72,3378.29,0.3,3378.29,Stop Loss,133.05,26771.72
3648,2025-08-06 08:45:00,2025-08-06 10:00:00,Long,3374.3,3372.06,0.51,3370.42,Opposite Signal,-114.24,26657.48
3649,2025-08-06 10:00:00,2025-08-06 10:30:00,Short,3372.06,3374.52,0.47,3376.29,Opposite Signal,-115.62,26541.86
3650,2025-08-06 10:30:00,2025-08-06 11:00:00,Long,3374.52,3369.82,0.42,3369.82,Stop Loss,-197.2,26344.66
3651,2025-08-06 11:00:00,2025-08-06 12:45:00,Short (Partial 50%),3369.19,3358.7,0.19,3369.19,Partial TP 1:2,199.37,26544.03
3651,2025-08-06 11:00:00,2025-08-06 13:00:00,Short,3369.19,3362.91,0.19,3366.36,Opposite Signal,119.32,26663.35
3652,2025-08-06 13:00:00,2025-08-06 15:00:00,Long,3362.91,3360.62,0.38,3357.73,Opposite Signal,-87.02,26576.33
3653,2025-08-06 15:00:00,2025-08-06 15:15:00,Short,3360.62,3364.47,0.39,3365.66,Opposite Signal,-150.15,26426.18
3654,2025-08-06 15:15:00,2025-08-06 17:15:00,Long (Partial 50%),3364.47,3375.09,0.18,3364.47,Partial TP 1:2,191.18,26617.37
3654,2025-08-06 15:15:00,2025-08-06 18:30:00,Long,3364.47,3375.21,0.19,3375.21,Stop Loss,204.09,26821.45
3655,2025-08-06 19:15:00,2025-08-07 01:00:00,Short,3374.82,3371.6,0.33,3380.75,Opposite Signal,106.26,26927.71
3656,2025-08-07 01:00:00,2025-08-07 02:15:00,Long,3371.6,3369.0,0.47,3367.4,Opposite Signal,-122.2,26805.51
3657,2025-08-07 02:15:00,2025-08-07 03:15:00,Short,3369.0,3372.31,0.49,3373.0,Opposite Signal,-162.19,26643.32
3658,2025-08-07 03:15:00,2025-08-07 04:30:00,Long (Partial 50%),3372.31,3381.01,0.22,3372.31,Partial TP 1:2,191.34,26834.66
3658,2025-08-07 03:15:00,2025-08-07 05:15:00,Long,3372.31,3378.88,0.23,3378.88,Stop Loss,151.06,26985.72
3659,2025-08-07 06:00:00,2025-08-07 09:00:00,Short,3377.88,3378.39,0.41,3382.68,Opposite Signal,-20.91,26964.81
3660,2025-08-07 09:00:00,2025-08-07 10:15:00,Long (Partial 50%),3378.39,3388.9,0.19,3378.39,Partial TP 1:2,199.6,27164.41
3660,2025-08-07 09:00:00,2025-08-07 11:00:00,Long,3378.39,3392.21,0.19,3392.21,Stop Loss,262.58,27426.99
3661,2025-08-07 11:00:00,2025-08-07 12:00:00,Short,3381.34,3380.68,0.26,3389.03,Opposite Signal,17.16,27444.15
3662,2025-08-07 12:00:00,2025-08-07 13:15:00,Long,3380.68,3374.54,0.24,3372.5,Opposite Signal,-147.36,27296.79
3663,2025-08-07 13:15:00,2025-08-07 14:00:00,Short,3374.54,3380.13,0.26,3381.96,Opposite Signal,-145.34,27151.45
3664,2025-08-07 14:00:00,2025-08-07 15:00:00,Long,3380.13,3376.34,0.25,3372.27,Opposite Signal,-94.75,27056.7
3665,2025-08-07 15:00:00,2025-08-07 15:30:00,Short,3376.34,3384.04,0.25,3384.04,Stop Loss,-192.61,26864.09
3666,2025-08-07 15:30:00,2025-08-07 17:00:00,Long,3385.04,3376.72,0.24,3376.72,Stop Loss,-199.67,26664.41
3667,2025-08-07 17:15:00,2025-08-07 18:00:00,Short,3381.9,3389.34,0.18,3392.55,Opposite Signal,-133.92,26530.49
3668,2025-08-07 18:00:00,2025-08-07 23:45:00,Long,3389.34,3395.19,0.2,3379.53,Opposite Signal,117.0,26647.49
3669,2025-08-07 23:45:00,2025-08-08 01:00:00,Short,3395.19,3401.5,0.31,3401.5,Stop Loss,-195.76,26451.74
3670,2025-08-08 01:30:00,2025-08-08 03:15:00,Long,3399.62,3391.04,0.2,3389.7,Opposite Signal,-171.6,26280.14
3671,2025-08-08 03:15:00,2025-08-08 06:30:00,Short,3391.04,3395.45,0.19,3401.38,Opposite Signal,-83.79,26196.35
3672,2025-08-08 06:30:00,2025-08-08 08:15:00,Long,3395.45,3391.87,0.23,3387.1,Opposite Signal,-82.34,26114.01
3673,2025-08-08 08:15:00,2025-08-08 10:00:00,Short,3391.87,3398.85,0.28,3398.85,Stop Loss,-195.44,25918.57
3674,2025-08-08 10:00:00,2025-08-08 11:45:00,Long,3396.19,3394.17,0.27,3388.78,Opposite Signal,-54.54,25864.03
3675,2025-08-08 11:45:00,2025-08-08 12:15:00,Short,3394.17,3401.22,0.28,3401.22,Stop Loss,-197.39,25666.64
3676,2025-08-08 12:15:00,2025-08-08 13:15:00,Long,3399.31,3392.45,0.29,3392.45,Stop Loss,-198.99,25467.65
3677,2025-08-08 13:15:00,2025-08-08 14:30:00,Short,3390.68,3387.19,0.28,3397.79,Opposite Signal,97.72,25565.37
3678,2025-08-08 14:30:00,2025-08-08 15:45:00,Long,3387.19,3391.3,0.26,3379.77,Opposite Signal,106.86,25672.23
3679,2025-08-08 15:45:00,2025-08-08 16:45:00,Short,3391.3,3400.74,0.21,3400.74,Stop Loss,-198.15,25474.07
3680,2025-08-08 16:45:00,2025-08-08 17:00:00,Long,3400.38,3390.4,0.2,3390.4,Stop Loss,-199.61,25274.47
3681,2025-08-08 17:00:00,2025-08-08 18:00:00,Short,3387.82,3391.34,0.17,3399.35,Opposite Signal,-59.84,25214.63
3682,2025-08-08 18:00:00,2025-08-08 20:45:00,Long,3391.34,3381.52,0.19,3380.86,Opposite Signal,-186.58,25028.05
3683,2025-08-08 20:45:00,2025-08-08 21:00:00,Short,3381.52,3390.56,0.22,3390.56,Stop Loss,-198.77,24829.27
3684,2025-08-08 21:00:00,2025-08-11 03:00:00,Long,3396.55,3387.23,0.16,3384.38,Opposite Signal,-149.12,24680.15
3685,2025-08-11 03:00:00,2025-08-11 04:00:00,Short (Partial 50%),3387.23,3372.23,0.13,3387.23,Partial TP 1:2,195.01,24875.17
3685,2025-08-11 03:00:00,2025-08-11 05:45:00,Short,3387.23,3379.08,0.13,3379.08,Stop Loss,105.97,24981.14
3686,2025-08-11 11:15:00,2025-08-11 12:00:00,Long,3364.96,3357.42,0.26,3357.42,Stop Loss,-196.13,24785.01
3687,2025-08-11 12:00:00,2025-08-11 12:15:00,Short,3356.01,3363.26,0.27,3363.26,Stop Loss,-195.68,24589.34
3688,2025-08-11 12:15:00,2025-08-11 12:45:00,Long,3363.57,3355.62,0.25,3355.62,Stop Loss,-198.65,24390.68
3689,2025-08-11 12:45:00,2025-08-11 13:00:00,Short,3353.18,3359.89,0.24,3361.42,Opposite Signal,-161.04,24229.64
3690,2025-08-11 13:00:00,2025-08-11 14:00:00,Long,3359.89,3354.42,0.23,3351.44,Opposite Signal,-125.81,24103.83
3691,2025-08-11 14:00:00,2025-08-11 15:30:00,Short,3354.42,3355.13,0.26,3362.04,Opposite Signal,-18.46,24085.37
3692,2025-08-11 15:30:00,2025-08-11 16:00:00,Long,3355.13,3350.01,0.22,3346.38,Opposite Signal,-112.64,23972.73
3693,2025-08-11 16:00:00,2025-08-11 16:30:00,Short,3350.01,3358.08,0.21,3359.25,Opposite Signal,-169.47,23803.26
3694,2025-08-11 16:30:00,2025-08-11 17:15:00,Long,3358.08,3352.05,0.21,3348.67,Opposite Signal,-126.63,23676.63
3695,2025-08-11 17:15:00,2025-08-11 20:30:00,Short,3352.05,3358.21,0.21,3361.21,Opposite Signal,-129.36,23547.27
3696,2025-08-11 20:30:00,2025-08-11 22:45:00,Long,3358.21,3351.46,0.23,3349.62,Opposite Signal,-155.25,23392.02
3697,2025-08-11 22:45:00,2025-08-12 01:45:00,Short,3351.46,3347.22,0.32,3357.69,Opposite Signal,135.68,23527.7
3698,2025-08-12 01:45:00,2025-08-12 04:15:00,Long,3347.22,3351.13,0.36,3341.8,Opposite Signal,140.76,23668.46
3699,2025-08-12 04:15:00,2025-08-12 06:00:00,Short,3351.13,3354.81,0.35,3356.83,Opposite Signal,-128.8,23539.66
3700,2025-08-12 06:00:00,2025-08-12 06:15:00,Long,3354.81,3351.06,0.36,3349.35,Opposite Signal,-135.0,23404.66
3701,2025-08-12 06:15:00,2025-08-12 07:30:00,Short,3351.06,3354.31,0.36,3356.58,Opposite Signal,-117.0,23287.66
3702,2025-08-12 07:30:00,2025-08-12 09:00:00,Long,3354.31,3349.13,0.38,3349.13,Stop Loss,-196.69,23090.98
3703,2025-08-12 09:00:00,2025-08-12 09:30:00,Short,3348.56,3348.94,0.35,3354.14,Opposite Signal,-13.3,23077.68
3704,2025-08-12 09:30:00,2025-08-12 11:15:00,Long,3348.94,3349.74,0.31,3342.5,Opposite Signal,24.8,23102.48
3705,2025-08-12 11:15:00,2025-08-12 14:45:00,Short,3349.74,3347.56,0.27,3357.0,Opposite Signal,58.86,23161.34
3706,2025-08-12 14:45:00,2025-08-12 15:15:00,Long,3347.56,3340.53,0.28,3340.53,Stop Loss,-196.8,22964.54
3707,2025-08-12 15:15:00,2025-08-12 15:30:00,Short,3338.54,3345.8,0.27,3345.8,Stop Loss,-196.02,22768.52
3708,2025-08-12 15:30:00,2025-08-12 16:30:00,Long,3349.59,3340.44,0.21,3340.44,Stop Loss,-192.24,22576.27
3709,2025-08-12 16:45:00,2025-08-12 18:15:00,Short,3345.6,3358.04,0.16,3358.04,Stop Loss,-199.01,22377.27
3710,2025-08-12 18:15:00,2025-08-13 03:00:00,Long,3354.72,3347.88,0.15,3341.61,Opposite Signal,-102.6,22274.67
3711,2025-08-13 03:00:00,2025-08-13 04:00:00,Short,3347.88,3348.48,0.52,3351.67,Opposite Signal,-31.2,22243.47
3712,2025-08-13 04:00:00,2025-08-13 04:15:00,Long,3348.48,3343.97,0.44,3343.97,Stop Loss,-198.33,22045.14
3713,2025-08-13 05:00:00,2025-08-13 05:15:00,Short,3346.79,3352.06,0.37,3352.15,Opposite Signal,-194.99,21850.15
3714,2025-08-13 05:15:00,2025-08-13 08:30:00,Long,3352.06,3346.42,0.35,3346.42,Stop Loss,-197.3,21652.85
3715,2025-08-13 08:30:00,2025-08-13 08:45:00,Short,3345.89,3349.1,0.41,3350.69,Opposite Signal,-131.61,21521.24
3716,2025-08-13 08:45:00,2025-08-13 10:00:00,Long (Partial 50%),3349.1,3358.96,0.2,3349.1,Partial TP 1:2,197.18,21718.42
3716,2025-08-13 08:45:00,2025-08-13 10:45:00,Long,3349.1,3355.57,0.2,3355.57,Stop Loss,129.4,21847.82
3717,2025-08-13 10:45:00,2025-08-13 11:30:00,Short,3354.72,3360.34,0.35,3360.34,Stop Loss,-196.55,21651.27
3718,2025-08-13 11:30:00,2025-08-13 14:15:00,Long,3360.15,3360.24,0.34,3354.29,Opposite Signal,3.06,21654.33
3719,2025-08-13 14:15:00,2025-08-13 16:30:00,Short,3360.24,3362.3,0.35,3365.81,Opposite Signal,-72.1,21582.23
3720,2025-08-13 16:30:00,2025-08-13 18:00:00,Long,3362.3,3358.32,0.3,3355.83,Opposite Signal,-119.4,21462.83
3721,2025-08-13 18:00:00,2025-08-13 19:15:00,Short,3358.32,3359.72,0.29,3365.18,Opposite Signal,-40.6,21422.23
3722,2025-08-13 19:15:00,2025-08-13 20:30:00,Long,3359.72,3354.17,0.36,3354.17,Stop Loss,-199.85,21222.38
3723,2025-08-13 20:30:00,2025-08-13 22:15:00,Short,3354.51,3355.63,0.39,3359.61,Opposite Signal,-43.68,21178.7
3724,2025-08-13 22:15:00,2025-08-14 03:00:00,Long (Partial 50%),3355.63,3364.52,0.22,3355.63,Partial TP 1:2,195.61,21374.31
3724,2025-08-13 22:15:00,2025-08-14 03:30:00,Long,3355.63,3370.3,0.22,3370.3,Stop Loss,322.64,21696.96
3725,2025-08-14 03:45:00,2025-08-14 06:00:00,Short (Partial 50%),3369.52,3360.56,0.22,3369.52,Partial TP 1:2,197.02,21893.98
3725,2025-08-14 03:45:00,2025-08-14 07:00:00,Short,3369.52,3360.99,0.22,3360.99,Stop Loss,187.74,22081.72
3726,2025-08-14 07:15:00,2025-08-14 09:00:00,Long,3361.15,3356.25,0.4,3356.25,Stop Loss,-196.02,21885.71
3727,2025-08-14 10:30:00,2025-08-14 11:15:00,Short,3352.39,3349.9,0.32,3358.5,Opposite Signal,79.68,21965.39
3728,2025-08-14 11:15:00,2025-08-14 15:15:00,Long,3349.9,3352.18,0.26,3342.32,Opposite Signal,59.28,22024.67
3729,2025-08-14 15:15:00,2025-08-14 17:00:00,Short (Partial 50%),3352.18,3340.28,0.16,3352.18,Partial TP 1:2,190.37,22215.04
3729,2025-08-14 15:15:00,2025-08-14 17:15:00,Short,3352.18,3344.9,0.17,3351.38,Opposite Signal,123.76,22338.8
3730,2025-08-14 17:15:00,2025-08-14 18:00:00,Long,3344.9,3336.93,0.2,3335.18,Opposite Signal,-159.4,22179.4
3731,2025-08-14 18:00:00,2025-08-14 21:30:00,Short,3336.93,3338.66,0.21,3346.15,Opposite Signal,-36.33,22143.07
3732,2025-08-14 21:30:00,2025-08-14 23:00:00,Long,3338.66,3335.15,0.34,3332.81,Opposite Signal,-119.34,22023.73
3733,2025-08-14 23:00:00,2025-08-15 02:30:00,Short,3335.15,3336.38,0.42,3339.88,Opposite Signal,-51.66,21972.07
3734,2025-08-15 02:30:00,2025-08-15 03:00:00,Long,3336.38,3332.98,0.58,3332.98,Stop Loss,-197.12,21774.95
3735,2025-08-15 03:00:00,2025-08-15 03:15:00,Short,3333.17,3335.94,0.56,3336.74,Opposite Signal,-155.12,21619.83
3736,2025-08-15 03:15:00,2025-08-15 06:30:00,Long (Partial 50%),3335.94,3343.29,0.27,3335.94,Partial TP 1:2,198.4,21818.23
3736,2025-08-15 03:15:00,2025-08-15 08:15:00,Long,3335.94,3343.59,0.27,3343.59,Stop Loss,206.57,22024.8
3737,2025-08-15 08:15:00,2025-08-15 08:30:00,Short,3343.43,3346.77,0.53,3347.17,Opposite Signal,-177.02,21847.78
3738,2025-08-15 08:30:00,2025-08-15 08:45:00,Long,3346.77,3343.92,0.48,3342.67,Opposite Signal,-136.8,21710.98
3739,2025-08-15 08:45:00,2025-08-15 10:15:00,Short,3343.92,3344.77,0.46,3348.19,Opposite Signal,-39.1,21671.88
3740,2025-08-15 10:15:00,2025-08-15 11:00:00,Long,3344.77,3341.6,0.44,3340.26,Opposite Signal,-139.48,21532.4
3741,2025-08-15 11:00:00,2025-08-15 12:15:00,Short,3341.6,3344.15,0.37,3346.99,Opposite Signal,-94.35,21438.05
3742,2025-08-15 12:15:00,2025-08-15 13:00:00,Long,3344.15,3339.83,0.34,3338.36,Opposite Signal,-146.88,21291.17
3743,2025-08-15 13:00:00,2025-08-15 14:30:00,Short,3339.83,3343.38,0.36,3345.38,Opposite Signal,-127.8,21163.37
3744,2025-08-15 14:30:00,2025-08-15 15:00:00,Long,3343.38,3338.88,0.37,3338.0,Opposite Signal,-166.5,20996.87
3745,2025-08-15 15:00:00,2025-08-15 15:30:00,Short,3338.88,3342.91,0.37,3344.17,Opposite Signal,-149.11,20847.76
3746,2025-08-15 15:30:00,2025-08-15 16:15:00,Long,3342.91,3336.7,0.32,3336.7,Stop Loss,-198.8,20648.97
3747,2025-08-15 16:15:00,2025-08-15 17:30:00,Short,3338.27,3342.05,0.3,3344.8,Opposite Signal,-113.4,20535.57
3748,2025-08-15 17:30:00,2025-08-15 19:15:00,Long,3342.05,3338.53,0.28,3335.15,Opposite Signal,-98.56,20437.01
3749,2025-08-15 19:15:00,2025-08-15 22:45:00,Short,3338.53,3338.96,0.36,3344.02,Opposite Signal,-15.48,20421.53
3750,2025-08-15 22:45:00,2025-08-15 23:30:00,Long,3338.96,3336.13,0.56,3335.42,Opposite Signal,-158.48,20263.05
3751,2025-08-15 23:30:00,2025-08-18 02:15:00,Short (Partial 50%),3336.13,3329.7,0.31,3336.13,Partial TP 1:2,199.26,20462.31
3751,2025-08-15 23:30:00,2025-08-18 03:00:00,Short,3336.13,3330.02,0.31,3330.02,Stop Loss,189.37,20651.68
3752,2025-08-18 03:00:00,2025-08-18 04:30:00,Long (Partial 50%),3334.92,3344.95,0.19,3334.92,Partial TP 1:2,190.5,20842.18
3752,2025-08-18 03:00:00,2025-08-18 05:15:00,Long,3334.92,3342.96,0.2,3342.96,Stop Loss,160.77,21002.95
3753,2025-08-18 05:15:00,2025-08-18 06:15:00,Short,3342.74,3346.87,0.36,3348.24,Opposite Signal,-148.68,20854.27
3754,2025-08-18 06:15:00,2025-08-18 07:45:00,Long (Partial 50%),3346.87,3356.58,0.2,3346.87,Partial TP 1:2,194.27,21048.55
3754,2025-08-18 06:15:00,2025-08-18 08:15:00,Long,3346.87,3351.71,0.2,3351.71,Stop Loss,96.7,21145.25
3755,2025-08-18 08:15:00,2025-08-18 10:00:00,Short,3351.12,3353.7,0.39,3356.22,Opposite Signal,-100.62,21044.63
3756,2025-08-18 10:00:00,2025-08-18 10:45:00,Long,3353.7,3348.34,0.37,3348.34,Stop Loss,-198.48,20846.16
3757,2025-08-18 10:45:00,2025-08-18 12:00:00,Short,3348.92,3350.31,0.36,3354.33,Opposite Signal,-50.04,20796.12
3758,2025-08-18 12:00:00,2025-08-18 13:45:00,Long,3350.31,3346.57,0.39,3345.22,Opposite Signal,-145.86,20650.26
3759,2025-08-18 13:45:00,2025-08-18 16:45:00,Short (Partial 50%),3346.57,3337.35,0.21,3346.57,Partial TP 1:2,193.68,20843.94
3759,2025-08-18 13:45:00,2025-08-18 22:45:00,Short,3346.57,3333.5,0.22,3333.5,Stop Loss,287.51,21131.44
3760,2025-08-18 23:00:00,2025-08-19 02:15:00,Long,3333.51,3332.3,0.64,3330.4,Opposite Signal,-77.44,21054.0
3761,2025-08-19 02:15:00,2025-08-19 03:00:00,Short,3332.3,3334.88,0.77,3334.88,Stop Loss,-198.61,20855.39
3762,2025-08-19 03:00:00,2025-08-19 04:00:00,Long,3336.23,3332.06,0.47,3332.06,Stop Loss,-196.1,20659.29
3763,2025-08-19 04:00:00,2025-08-19 05:45:00,Short,3331.44,3336.34,0.4,3336.34,Stop Loss,-196.02,20463.27
3764,2025-08-19 05:45:00,2025-08-19 07:00:00,Long,3338.04,3337.04,0.38,3332.88,Opposite Signal,-38.0,20425.27
3765,2025-08-19 07:00:00,2025-08-19 08:15:00,Short,3337.04,3339.89,0.43,3341.61,Opposite Signal,-122.55,20302.72
3766,2025-08-19 08:15:00,2025-08-19 08:45:00,Long,3339.89,3336.16,0.44,3335.38,Opposite Signal,-164.12,20138.6
3767,2025-08-19 08:45:00,2025-08-19 10:00:00,Short,3336.16,3340.73,0.43,3340.73,Stop Loss,-196.4,19942.2
3768,2025-08-19 10:00:00,2025-08-19 11:00:00,Long,3338.58,3336.84,0.4,3333.62,Opposite Signal,-69.6,19872.6
3769,2025-08-19 11:00:00,2025-08-19 13:00:00,Short,3336.84,3341.64,0.41,3341.64,Stop Loss,-196.62,19675.98
3770,2025-08-19 13:00:00,2025-08-19 14:45:00,Long,3342.82,3339.66,0.5,3338.86,Opposite Signal,-158.0,19517.98
3771,2025-08-19 14:45:00,2025-08-19 16:00:00,Short (Partial 50%),3339.66,3332.25,0.26,3339.66,Partial TP 1:2,192.62,19710.6
3771,2025-08-19 14:45:00,2025-08-19 16:30:00,Short,3339.66,3335.51,0.27,3335.51,Stop Loss,112.13,19822.73
3772,2025-08-19 16:30:00,2025-08-19 16:45:00,Long,3337.91,3333.88,0.34,3332.06,Opposite Signal,-137.02,19685.71
3773,2025-08-19 16:45:00,2025-08-19 17:45:00,Short (Partial 50%),3333.88,3321.7,0.16,3333.88,Partial TP 1:2,194.81,19880.52
3773,2025-08-19 16:45:00,2025-08-19 20:30:00,Short,3333.88,3319.57,0.16,3319.57,Stop Loss,228.9,20109.42
3774,2025-08-20 04:30:00,2025-08-20 05:30:00,Long,3317.22,3312.86,0.45,3312.86,Stop Loss,-196.41,19913.01
3775,2025-08-20 05:30:00,2025-08-20 06:00:00,Short,3312.75,3317.16,0.45,3317.16,Stop Loss,-198.63,19714.38
3776,2025-08-20 06:00:00,2025-08-20 09:00:00,Long (Partial 50%),3316.51,3325.51,0.22,3316.51,Partial TP 1:2,198.06,19912.44
3776,2025-08-20 06:00:00,2025-08-20 10:00:00,Long,3316.51,3321.72,0.22,3321.72,Stop Loss,114.67,20027.11
3777,2025-08-20 11:00:00,2025-08-20 11:45:00,Short,3322.93,3325.06,0.49,3326.94,Opposite Signal,-104.37,19922.74
3778,2025-08-20 11:45:00,2025-08-20 15:00:00,Long (Partial 50%),3325.06,3332.99,0.25,3325.06,Partial TP 1:2,198.13,20120.87
3778,2025-08-20 11:45:00,2025-08-20 16:15:00,Long,3325.06,3339.92,0.25,3339.92,Stop Loss,371.55,20492.41
3779,2025-08-20 17:00:00,2025-08-20 17:45:00,Short,3342.0,3348.3,0.31,3348.3,Stop Loss,-195.41,20297.0
3780,2025-08-20 17:45:00,2025-08-20 18:00:00,Long,3346.97,3342.76,0.32,3340.8,Opposite Signal,-134.72,20162.28
3781,2025-08-20 18:00:00,2025-08-20 19:30:00,Short,3342.76,3345.6,0.31,3349.04,Opposite Signal,-88.04,20074.24
3782,2025-08-20 19:30:00,2025-08-21 02:00:00,Long,3345.6,3347.96,0.37,3340.3,Opposite Signal,87.32,20161.56
3783,2025-08-21 02:00:00,2025-08-21 03:45:00,Short (Partial 50%),3347.96,3341.8,0.32,3347.96,Partial TP 1:2,197.19,20358.75
3783,2025-08-21 02:00:00,2025-08-21 04:30:00,Short,3347.96,3345.16,0.32,3345.16,Stop Loss,89.47,20448.23
3784,2025-08-21 04:30:00,2025-08-21 05:15:00,Long,3344.62,3340.86,0.53,3340.86,Stop Loss,-199.51,20248.72
3785,2025-08-21 05:15:00,2025-08-21 05:45:00,Short,3340.98,3344.76,0.52,3344.76,Stop Loss,-196.44,20052.28
3786,2025-08-21 05:45:00,2025-08-21 06:45:00,Long,3344.73,3341.01,0.53,3341.01,Stop Loss,-197.4,19854.88
3787,2025-08-21 06:45:00,2025-08-21 09:30:00,Short,3339.74,3337.4,0.56,3343.31,Opposite Signal,131.04,19985.92
3788,2025-08-21 09:30:00,2025-08-21 13:30:00,Long,3337.4,3333.78,0.55,3333.78,Stop Loss,-198.84,19787.08
3789,2025-08-21 13:30:00,2025-08-21 14:30:00,Short,3330.38,3333.78,0.41,3335.21,Opposite Signal,-139.4,19647.68
3790,2025-08-21 14:30:00,2025-08-21 15:15:00,Long,3333.78,3337.18,0.37,3328.46,Opposite Signal,125.8,19773.48
3791,2025-08-21 15:15:00,2025-08-21 15:30:00,Short,3337.18,3343.42,0.32,3343.42,Stop Loss,-199.79,19573.69
3792,2025-08-21 15:45:00,2025-08-21 16:45:00,Long,3341.98,3339.37,0.28,3334.98,Opposite Signal,-73.08,19500.61
3793,2025-08-21 16:45:00,2025-08-21 17:00:00,Short,3339.37,3344.83,0.27,3346.68,Opposite Signal,-147.42,19353.19
3794,2025-08-21 17:00:00,2025-08-21 18:00:00,Long,3344.83,3338.73,0.25,3337.12,Opposite Signal,-152.5,19200.69
3795,2025-08-21 18:00:00,2025-08-21 18:30:00,Short,3338.73,3345.67,0.26,3346.26,Opposite Signal,-180.44,19020.25
3796,2025-08-21 18:30:00,2025-08-21 19:45:00,Long,3345.67,3339.83,0.25,3337.92,Opposite Signal,-146.0,18874.25
3797,2025-08-21 19:45:00,2025-08-21 22:15:00,Short,3339.83,3341.58,0.32,3346.05,Opposite Signal,-56.0,18818.25
3798,2025-08-21 22:15:00,2025-08-21 22:45:00,Long,3341.58,3338.87,0.51,3337.72,Opposite Signal,-138.21,18680.04
3799,2025-08-21 22:45:00,2025-08-22 03:45:00,Short,3338.87,3339.32,0.52,3342.67,Opposite Signal,-23.4,18656.64
3800,2025-08-22 03:45:00,2025-08-22 04:30:00,Long,3339.32,3336.2,0.64,3336.2,Stop Loss,-200.0,18456.64
3801,2025-08-22 04:45:00,2025-08-22 08:30:00,Short,3334.02,3330.27,0.55,3337.6,Opposite Signal,206.25,18662.89
3802,2025-08-22 08:30:00,2025-08-22 09:15:00,Long,3330.27,3327.2,0.65,3327.2,Stop Loss,-199.55,18463.34
3803,2025-08-22 09:15:00,2025-08-22 09:45:00,Short,3327.5,3329.49,0.59,3330.86,Opposite Signal,-117.41,18345.93
3804,2025-08-22 09:45:00,2025-08-22 10:30:00,Long,3329.49,3328.32,0.57,3326.0,Opposite Signal,-66.69,18279.24
3805,2025-08-22 10:30:00,2025-08-22 12:00:00,Short,3328.32,3330.92,0.47,3332.55,Opposite Signal,-122.2,18157.04
3806,2025-08-22 12:00:00,2025-08-22 15:00:00,Long,3330.92,3326.39,0.44,3326.39,Stop Loss,-199.24,17957.79
3807,2025-08-22 15:00:00,2025-08-22 15:15:00,Short,3325.72,3329.67,0.5,3329.67,Stop Loss,-197.28,17760.51
3808,2025-08-22 16:15:00,2025-08-22 17:00:00,Long (Partial 50%),3328.87,3338.75,0.2,3328.87,Partial TP 1:2,197.59,17958.1
3808,2025-08-22 16:15:00,2025-08-22 18:45:00,Long,3328.87,3370.84,0.2,3370.84,Stop Loss,839.41,18797.5
3809,2025-08-22 18:45:00,2025-08-22 20:30:00,Short,3367.85,3374.28,0.21,3377.01,Opposite Signal,-135.03,18662.47
3810,2025-08-22 20:30:00,2025-08-22 22:30:00,Long,3374.28,3369.96,0.29,3367.51,Opposite Signal,-125.28,18537.19
3811,2025-08-22 22:30:00,2025-08-22 22:45:00,Short,3369.96,3373.3,0.43,3374.59,Opposite Signal,-143.62,18393.57
3812,2025-08-22 22:45:00,2025-08-25 01:00:00,Long,3373.3,3368.59,0.42,3368.59,Stop Loss,-197.98,18195.59
3813,2025-08-25 01:00:00,2025-08-25 02:45:00,Short,3367.22,3369.11,0.44,3371.76,Opposite Signal,-83.16,18112.43
3814,2025-08-25 02:45:00,2025-08-25 03:00:00,Long,3369.11,3365.32,0.52,3365.32,Stop Loss,-197.0,17915.43
3815,2025-08-25 03:00:00,2025-08-25 05:30:00,Short,3365.35,3363.99,0.47,3369.57,Opposite Signal,63.92,17979.35
3816,2025-08-25 05:30:00,2025-08-25 08:15:00,Long,3363.99,3363.91,0.49,3359.94,Opposite Signal,-3.92,17975.43
3817,2025-08-25 08:15:00,2025-08-25 09:00:00,Short,3363.91,3367.09,0.62,3367.09,Stop Loss,-196.92,17778.51
3818,2025-08-25 09:00:00,2025-08-25 10:45:00,Long,3367.78,3366.12,0.6,3364.5,Opposite Signal,-99.6,17678.91
3819,2025-08-25 10:45:00,2025-08-25 12:30:00,Short,3366.12,3366.34,0.57,3369.63,Opposite Signal,-12.54,17666.37
3820,2025-08-25 12:30:00,2025-08-25 13:15:00,Long,3366.34,3365.21,0.58,3362.94,Opposite Signal,-65.54,17600.83
3821,2025-08-25 13:15:00,2025-08-25 14:15:00,Short,3365.21,3367.84,0.58,3368.62,Opposite Signal,-152.54,17448.29
3822,2025-08-25 14:15:00,2025-08-25 15:30:00,Long,3367.84,3365.62,0.57,3364.36,Opposite Signal,-126.54,17321.75
3823,2025-08-25 15:30:00,2025-08-25 16:30:00,Short,3365.62,3368.17,0.54,3369.28,Opposite Signal,-137.7,17184.05
3824,2025-08-25 16:30:00,2025-08-25 20:45:00,Long,3368.17,3370.98,0.49,3364.11,Opposite Signal,137.69,17321.74
3825,2025-08-25 20:45:00,2025-08-25 23:45:00,Short (Partial 50%),3370.98,3364.24,0.29,3370.98,Partial TP 1:2,195.52,17517.26
3825,2025-08-25 20:45:00,2025-08-26 03:00:00,Short,3370.98,3356.5,0.3,3356.5,Stop Loss,434.32,17951.58
3826,2025-08-26 03:00:00,2025-08-26 03:30:00,Long (Partial 50%),3369.02,3382.06,0.15,3369.02,Partial TP 1:2,195.63,18147.22
3826,2025-08-26 03:00:00,2025-08-26 04:00:00,Long,3369.02,3377.97,0.15,3377.97,Stop Loss,134.27,18281.49
3827,2025-08-26 04:00:00,2025-08-26 07:15:00,Short,3375.85,3375.52,0.24,3384.15,Opposite Signal,7.92,18289.41
3828,2025-08-26 07:15:00,2025-08-26 08:15:00,Long,3375.52,3373.16,0.36,3370.09,Opposite Signal,-84.96,18204.45
3829,2025-08-26 08:15:00,2025-08-26 08:30:00,Short,3373.16,3377.28,0.39,3378.18,Opposite Signal,-160.68,18043.77
3830,2025-08-26 08:30:00,2025-08-26 09:15:00,Long,3377.28,3373.49,0.38,3372.02,Opposite Signal,-144.02,17899.75
3831,2025-08-26 09:15:00,2025-08-26 10:30:00,Short,3373.49,3377.56,0.39,3378.52,Opposite Signal,-158.73,17741.02
3832,2025-08-26 10:30:00,2025-08-26 12:30:00,Long,3377.56,3372.32,0.31,3371.23,Opposite Signal,-162.44,17578.58
3833,2025-08-26 12:30:00,2025-08-26 14:00:00,Short,3372.32,3376.31,0.36,3377.82,Opposite Signal,-143.64,17434.94
3834,2025-08-26 14:00:00,2025-08-26 15:45:00,Long,3376.31,3372.14,0.33,3370.42,Opposite Signal,-137.61,17297.33
3835,2025-08-26 15:45:00,2025-08-26 16:30:00,Short,3372.14,3378.11,0.33,3378.11,Stop Loss,-196.96,17100.37
3836,2025-08-26 16:30:00,2025-08-26 17:00:00,Long,3377.41,3371.44,0.33,3371.44,Stop Loss,-196.93,16903.44
3837,2025-08-26 17:00:00,2025-08-26 17:30:00,Short,3371.44,3376.6,0.31,3377.81,Opposite Signal,-159.96,16743.48
3838,2025-08-26 17:30:00,2025-08-26 20:30:00,Long,3376.6,3381.9,0.31,3370.15,Opposite Signal,164.3,16907.78
3839,2025-08-26 20:30:00,2025-08-26 21:45:00,Short,3381.9,3385.53,0.41,3386.7,Opposite Signal,-148.83,16758.95
3840,2025-08-26 21:45:00,2025-08-26 23:45:00,Long (Partial 50%),3385.53,3393.31,0.25,3385.53,Partial TP 1:2,194.44,16953.38
3840,2025-08-26 21:45:00,2025-08-27 01:00:00,Long,3385.53,3389.38,0.26,3386.96,Opposite Signal,100.1,17053.48
3841,2025-08-27 01:00:00,2025-08-27 03:00:00,Short,3389.38,3392.33,0.55,3393.01,Opposite Signal,-162.25,16891.23
3842,2025-08-27 03:00:00,2025-08-27 03:30:00,Long,3392.33,3389.13,0.62,3389.13,Stop Loss,-198.59,16692.64
3843,2025-08-27 03:30:00,2025-08-27 05:30:00,Short (Partial 50%),3389.42,3382.37,0.28,3389.42,Partial TP 1:2,197.29,16889.94
3843,2025-08-27 03:30:00,2025-08-27 08:15:00,Short,3389.42,3377.28,0.28,3377.28,Stop Loss,339.82,17229.75
3844,2025-08-27 08:30:00,2025-08-27 09:45:00,Long,3377.71,3377.48,0.51,3373.85,Opposite Signal,-11.73,17218.02
3845,2025-08-27 09:45:00,2025-08-27 10:30:00,Short,3377.48,3378.12,0.47,3381.67,Opposite Signal,-30.08,17187.94
3846,2025-08-27 10:30:00,2025-08-27 12:30:00,Long,3378.12,3381.75,0.44,3373.66,Opposite Signal,159.72,17347.66
3847,2025-08-27 12:30:00,2025-08-27 15:15:00,Short,3381.75,3381.63,0.49,3385.77,Opposite Signal,5.88,17353.54
3848,2025-08-27 15:15:00,2025-08-27 16:30:00,Long,3381.63,3378.1,0.42,3376.87,Opposite Signal,-148.26,17205.28
3849,2025-08-27 16:30:00,2025-08-27 17:15:00,Short,3378.1,3383.07,0.4,3383.07,Stop Loss,-198.74,17006.54
3850,2025-08-27 17:15:00,2025-08-27 19:30:00,Long (Partial 50%),3383.18,3393.55,0.19,3383.18,Partial TP 1:2,196.99,17203.53
3850,2025-08-27 17:15:00,2025-08-27 21:00:00,Long,3383.18,3393.2,0.19,3393.2,Stop Loss,190.3,17393.83
3851,2025-08-28 02:45:00,2025-08-28 03:30:00,Short,3395.77,3397.4,0.57,3399.24,Opposite Signal,-92.91,17300.92
3852,2025-08-28 03:30:00,2025-08-28 03:45:00,Long,3397.4,3393.66,0.53,3393.66,Stop Loss,-198.47,17102.45
3853,2025-08-28 03:45:00,2025-08-28 05:45:00,Short,3391.8,3391.42,0.45,3396.19,Opposite Signal,17.1,17119.55
3854,2025-08-28 05:45:00,2025-08-28 08:30:00,Long,3391.42,3388.11,0.44,3386.89,Opposite Signal,-145.64,16973.91
3855,2025-08-28 08:30:00,2025-08-28 09:00:00,Short,3388.11,3391.46,0.59,3391.46,Stop Loss,-197.39,16776.52
3856,2025-08-28 09:00:00,2025-08-28 11:30:00,Long (Partial 50%),3390.88,3397.75,0.28,3390.88,Partial TP 1:2,192.44,16968.96
3856,2025-08-28 09:00:00,2025-08-28 13:00:00,Long,3390.88,3398.11,0.29,3398.11,Stop Loss,209.65,17178.61
3857,2025-08-28 13:00:00,2025-08-28 14:15:00,Short,3395.09,3399.32,0.47,3399.32,Stop Loss,-198.7,16979.91
3858,2025-08-28 14:15:00,2025-08-28 15:30:00,Long,3404.13,3402.57,0.43,3399.48,Opposite Signal,-67.08,16912.83
3859,2025-08-28 15:30:00,2025-08-28 16:15:00,Short,3402.57,3404.82,0.39,3407.64,Opposite Signal,-87.75,16825.08
3860,2025-08-28 16:15:00,2025-08-28 18:15:00,Long,3404.82,3406.22,0.31,3398.5,Opposite Signal,43.4,16868.48
3861,2025-08-28 18:15:00,2025-08-28 18:45:00,Short,3406.22,3410.96,0.31,3412.67,Opposite Signal,-146.94,16721.54
3862,2025-08-28 18:45:00,2025-08-28 23:00:00,Long,3410.96,3419.35,0.31,3404.58,Opposite Signal,260.09,16981.63
3863,2025-08-28 23:00:00,2025-08-29 03:00:00,Short,3419.35,3417.24,0.49,3423.38,Opposite Signal,103.39,17085.02
3864,2025-08-29 03:00:00,2025-08-29 03:15:00,Long,3417.24,3414.39,0.7,3414.39,Stop Loss,-199.51,16885.52
3865,2025-08-29 03:15:00,2025-08-29 04:30:00,Short (Partial 50%),3414.67,3408.13,0.3,3414.67,Partial TP 1:2,196.12,17081.63
3865,2025-08-29 03:15:00,2025-08-29 05:00:00,Short,3414.67,3412.27,0.31,3412.27,Stop Loss,74.52,17156.15
3866,2025-08-29 05:00:00,2025-08-29 06:00:00,Long,3412.86,3410.06,0.56,3409.32,Opposite Signal,-156.8,16999.35
3867,2025-08-29 06:00:00,2025-08-29 06:30:00,Short,3410.06,3413.56,0.57,3413.56,Stop Loss,-199.6,16799.75
3868,2025-08-29 06:30:00,2025-08-29 07:00:00,Long,3412.51,3408.97,0.56,3408.97,Stop Loss,-198.4,16601.35
3869,2025-08-29 07:00:00,2025-08-29 08:45:00,Short,3409.33,3410.49,0.55,3412.92,Opposite Signal,-63.8,16537.55
3870,2025-08-29 08:45:00,2025-08-29 09:30:00,Long,3410.49,3409.39,0.65,3407.42,Opposite Signal,-71.5,16466.05
3871,2025-08-29 09:30:00,2025-08-29 10:00:00,Short,3409.39,3412.61,0.62,3412.61,Stop Loss,-199.39,16266.66
3872,2025-08-29 10:30:00,2025-08-29 11:45:00,Long,3409.86,3410.22,0.53,3406.09,Opposite Signal,19.08,16285.74
3873,2025-08-29 11:45:00,2025-08-29 14:30:00,Short,3410.22,3408.22,0.5,3414.17,Opposite Signal,100.0,16385.74
3874,2025-08-29 14:30:00,2025-08-29 15:15:00,Long,3408.22,3407.65,0.59,3404.85,Opposite Signal,-33.63,16352.11
3875,2025-08-29 15:15:00,2025-08-29 15:30:00,Short,3407.65,3411.56,0.51,3411.56,Stop Loss,-199.35,16152.77
3876,2025-08-29 15:30:00,2025-08-29 16:30:00,Long (Partial 50%),3412.78,3421.87,0.21,3412.78,Partial TP 1:2,190.97,16343.74
3876,2025-08-29 15:30:00,2025-08-29 19:15:00,Long,3412.78,3442.61,0.22,3442.61,Stop Loss,656.22,16999.96
3877,2025-08-29 20:30:00,2025-08-29 22:30:00,Short,3444.54,3447.87,0.33,3450.55,Opposite Signal,-109.89,16890.07
3878,2025-08-29 22:30:00,2025-08-29 23:00:00,Long,3447.87,3446.44,0.38,3442.72,Opposite Signal,-54.34,16835.73
3879,2025-08-29 23:00:00,2025-09-01 01:30:00,Short,3446.44,3452.52,0.32,3452.52,Stop Loss,-194.42,16641.31
3880,2025-09-01 04:30:00,2025-09-01 05:00:00,Long (Partial 50%),3447.07,3459.6,0.15,3447.07,Partial TP 1:2,187.88,16829.2
3880,2025-09-01 04:30:00,2025-09-01 06:00:00,Long,3447.07,3476.12,0.16,3476.12,Stop Loss,464.88,17294.08
3881,2025-09-01 06:00:00,2025-09-01 09:00:00,Short,3473.47,3482.38,0.15,3486.09,Opposite Signal,-133.65,17160.43
3882,2025-09-01 09:00:00,2025-09-01 09:45:00,Long,3482.38,3478.82,0.22,3473.53,Opposite Signal,-78.32,17082.11
3883,2025-09-01 09:45:00,2025-09-01 10:45:00,Short,3478.82,3477.97,0.21,3488.25,Opposite Signal,17.85,17099.96
3884,2025-09-01 10:45:00,2025-09-01 12:15:00,Long,3477.97,3471.25,0.21,3468.67,Opposite Signal,-141.12,16958.84
3885,2025-09-01 12:15:00,2025-09-01 16:00:00,Short,3471.25,3477.47,0.26,3478.77,Opposite Signal,-161.72,16797.12
3886,2025-09-01 16:00:00,2025-09-01 18:45:00,Long,3477.47,3474.09,0.31,3471.2,Opposite Signal,-104.78,16692.34
3887,2025-09-01 18:45:00,2025-09-01 19:45:00,Short,3474.09,3477.46,0.34,3479.87,Opposite Signal,-114.58,16577.76
3888,2025-09-01 19:45:00,2025-09-02 01:45:00,Long,3477.46,3475.12,0.42,3472.73,Opposite Signal,-98.28,16479.48
3889,2025-09-02 01:45:00,2025-09-02 02:15:00,Short,3475.12,3478.87,0.53,3478.87,Stop Loss,-198.91,16280.56
3890,2025-09-02 02:15:00,2025-09-02 03:45:00,Long,3477.74,3479.01,0.46,3473.44,Opposite Signal,58.42,16338.98
3891,2025-09-02 03:45:00,2025-09-02 04:00:00,Short,3479.01,3483.89,0.4,3483.89,Stop Loss,-195.29,16143.69
3892,2025-09-02 04:00:00,2025-09-02 04:30:00,Long (Partial 50%),3488.92,3501.51,0.15,3488.92,Partial TP 1:2,188.88,16332.57
3892,2025-09-02 04:00:00,2025-09-02 05:00:00,Long,3488.92,3494.19,0.16,3491.41,Opposite Signal,84.32,16416.89
3893,2025-09-02 05:00:00,2025-09-02 10:45:00,Short (Partial 50%),3494.19,3474.63,0.1,3494.19,Partial TP 1:2,195.59,16612.48
3893,2025-09-02 05:00:00,2025-09-02 13:00:00,Short,3494.19,3481.25,0.1,3481.25,Stop Loss,129.41,16741.89
3894,2025-09-02 13:30:00,2025-09-02 14:15:00,Long,3483.27,3479.39,0.27,3476.09,Opposite Signal,-104.76,16637.13
3895,2025-09-02 14:15:00,2025-09-02 14:30:00,Short,3479.39,3484.14,0.29,3486.25,Opposite Signal,-137.75,16499.38
3896,2025-09-02 14:30:00,2025-09-02 15:15:00,Long,3484.14,3482.54,0.27,3476.9,Opposite Signal,-43.2,16456.18
3897,2025-09-02 15:15:00,2025-09-02 16:00:00,Short,3482.54,3483.15,0.24,3490.74,Opposite Signal,-14.64,16441.54
3898,2025-09-02 16:00:00,2025-09-02 17:15:00,Long (Partial 50%),3483.15,3503.71,0.09,3483.15,Partial TP 1:2,185.02,16626.56
3898,2025-09-02 16:00:00,2025-09-02 22:45:00,Long,3483.15,3534.2,0.1,3534.2,Stop Loss,510.52,17137.08
3899,2025-09-02 23:45:00,2025-09-03 03:00:00,Short,3533.7,3530.61,0.31,3540.08,Opposite Signal,95.79,17232.87
3900,2025-09-03 03:00:00,2025-09-03 03:15:00,Long (Partial 50%),3530.61,3541.42,0.18,3530.61,Partial TP 1:2,194.58,17427.45
3900,2025-09-03 03:00:00,2025-09-03 04:00:00,Long,3530.61,3535.11,0.19,3535.11,Stop Loss,85.57,17513.02
3901,2025-09-03 05:45:00,2025-09-03 07:30:00,Short,3531.68,3537.14,0.22,3540.76,Opposite Signal,-120.12,17392.9
3902,2025-09-03 07:30:00,2025-09-03 08:30:00,Long,3537.14,3532.47,0.28,3530.22,Opposite Signal,-130.76,17262.14
3903,2025-09-03 08:30:00,2025-09-03 09:30:00,Short,3532.47,3536.9,0.32,3538.54,Opposite Signal,-141.76,17120.38
3904,2025-09-03 09:30:00,2025-09-03 10:15:00,Long,3536.9,3530.44,0.3,3530.44,Stop Loss,-193.72,16926.66
3905,2025-09-03 10:15:00,2025-09-03 11:00:00,Short,3532.03,3538.36,0.31,3538.36,Stop Loss,-196.26,16730.39
3906,2025-09-03 11:00:00,2025-09-03 12:45:00,Long,3536.61,3534.2,0.3,3530.16,Opposite Signal,-72.3,16658.09
3907,2025-09-03 12:45:00,2025-09-03 13:45:00,Short,3534.2,3540.15,0.33,3540.15,Stop Loss,-196.47,16461.63
3908,2025-09-03 13:45:00,2025-09-03 16:00:00,Long (Partial 50%),3540.15,3552.77,0.15,3540.15,Partial TP 1:2,189.25,16650.88
3908,2025-09-03 13:45:00,2025-09-03 16:30:00,Long,3540.15,3554.92,0.16,3554.92,Stop Loss,236.32,16887.19
3909,2025-09-03 16:30:00,2025-09-03 17:15:00,Short,3551.75,3560.72,0.22,3560.72,Stop Loss,-197.25,16689.95
3910,2025-09-03 17:15:00,2025-09-03 21:30:00,Long,3562.83,3569.43,0.19,3552.78,Opposite Signal,125.4,16815.35
3911,2025-09-03 21:30:00,2025-09-04 02:00:00,Short (Partial 50%),3569.43,3555.27,0.14,3569.43,Partial TP 1:2,198.25,17013.6
3911,2025-09-03 21:30:00,2025-09-04 02:45:00,Short,3569.43,3560.33,0.14,3562.22,Opposite Signal,127.4,17141.0
3912,2025-09-04 02:45:00,2025-09-04 03:00:00,Long,3560.33,3553.93,0.31,3553.93,Stop Loss,-198.41,16942.58
3913,2025-09-04 04:15:00,2025-09-04 05:45:00,Short (Partial 50%),3552.3,3536.45,0.12,3552.3,Partial TP 1:2,190.22,17132.8
3913,2025-09-04 04:15:00,2025-09-04 06:15:00,Short,3552.3,3523.43,0.13,3523.43,Stop Loss,375.34,17508.15
3914,2025-09-04 06:15:00,2025-09-04 12:45:00,Long,3529.88,3538.7,0.14,3516.51,Opposite Signal,123.48,17631.63
3915,2025-09-04 12:45:00,2025-09-04 13:00:00,Short,3538.7,3546.05,0.27,3546.05,Stop Loss,-198.43,17433.2
3916,2025-09-04 13:00:00,2025-09-04 14:00:00,Long,3545.4,3537.49,0.25,3537.49,Stop Loss,-197.8,17235.4
3917,2025-09-04 14:15:00,2025-09-04 14:30:00,Short,3539.99,3544.91,0.27,3547.33,Opposite Signal,-132.84,17102.56
3918,2025-09-04 14:30:00,2025-09-04 16:45:00,Long,3544.91,3545.78,0.26,3537.41,Opposite Signal,22.62,17125.18
3919,2025-09-04 16:45:00,2025-09-04 18:30:00,Short,3545.78,3549.9,0.19,3555.95,Opposite Signal,-78.28,17046.9
3920,2025-09-04 18:30:00,2025-09-04 20:30:00,Long,3549.9,3546.55,0.19,3539.68,Opposite Signal,-63.65,16983.25
3921,2025-09-04 20:30:00,2025-09-04 22:15:00,Short,3546.55,3549.31,0.25,3554.33,Opposite Signal,-69.0,16914.25
3922,2025-09-04 22:15:00,2025-09-04 23:30:00,Long,3549.31,3545.1,0.32,3543.21,Opposite Signal,-134.72,16779.53
3923,2025-09-04 23:30:00,2025-09-05 02:30:00,Short,3545.1,3550.22,0.39,3550.22,Stop Loss,-199.72,16579.81
3924,2025-09-05 02:30:00,2025-09-05 05:15:00,Long,3550.71,3550.16,0.35,3545.06,Opposite Signal,-19.25,16560.56
3925,2025-09-05 05:15:00,2025-09-05 06:15:00,Short,3550.16,3555.17,0.33,3556.12,Opposite Signal,-165.33,16395.23
3926,2025-09-05 06:15:00,2025-09-05 09:00:00,Long,3555.17,3551.11,0.32,3549.01,Opposite Signal,-129.92,16265.31
3927,2025-09-05 09:00:00,2025-09-05 12:30:00,Short,3551.11,3551.58,0.36,3556.64,Opposite Signal,-16.92,16248.39
3928,2025-09-05 12:30:00,2025-09-05 14:15:00,Long,3551.58,3548.78,0.36,3546.04,Opposite Signal,-100.8,16147.59
3929,2025-09-05 14:15:00,2025-09-05 14:45:00,Short,3548.78,3553.31,0.39,3553.86,Opposite Signal,-176.67,15970.92
3930,2025-09-05 14:45:00,2025-09-05 15:30:00,Long (Partial 50%),3553.31,3564.09,0.18,3553.31,Partial TP 1:2,194.0,16164.92
3930,2025-09-05 14:45:00,2025-09-05 17:15:00,Long,3553.31,3586.16,0.19,3586.16,Stop Loss,624.2,16789.12
3931,2025-09-05 17:15:00,2025-09-05 17:45:00,Short,3579.27,3590.12,0.14,3592.98,Opposite Signal,-151.9,16637.22
3932,2025-09-05 17:45:00,2025-09-05 23:00:00,Long,3590.12,3589.61,0.13,3575.63,Opposite Signal,-6.63,16630.59
3933,2025-09-05 23:00:00,2025-09-08 01:00:00,Short (Partial 50%),3589.61,3575.54,0.14,3589.61,Partial TP 1:2,197.03,16827.61
3933,2025-09-05 23:00:00,2025-09-08 01:15:00,Short,3589.61,3589.61,0.14,3589.61,Stop Loss,0.0,16827.61
3934,2025-09-08 04:00:00,2025-09-08 08:30:00,Short,3589.22,3587.4,0.23,3597.64,Opposite Signal,41.86,16869.47
3935,2025-09-08 08:30:00,2025-09-08 10:00:00,Long (Partial 50%),3587.4,3599.8,0.16,3587.4,Partial TP 1:2,198.33,17067.81
3935,2025-09-08 08:30:00,2025-09-08 10:45:00,Long,3587.4,3608.31,0.16,3608.31,Stop Loss,334.5,17402.3
3936,2025-09-08 14:00:00,2025-09-08 14:45:00,Short,3616.0,3619.89,0.29,3622.79,Opposite Signal,-112.81,17289.49
3937,2025-09-08 14:45:00,2025-09-08 16:15:00,Long,3619.89,3624.25,0.28,3612.93,Opposite Signal,122.08,17411.57
3938,2025-09-08 16:15:00,2025-09-08 16:30:00,Short,3624.25,3631.48,0.25,3632.2,Opposite Signal,-180.75,17230.82
3939,2025-09-08 16:30:00,2025-09-08 18:15:00,Long,3631.48,3636.41,0.22,3622.62,Opposite Signal,108.46,17339.28
3940,2025-09-08 18:15:00,2025-09-09 02:45:00,Short,3636.41,3634.96,0.2,3646.34,Opposite Signal,29.0,17368.28
3941,2025-09-09 02:45:00,2025-09-09 04:15:00,Long (Partial 50%),3634.96,3645.02,0.19,3634.96,Partial TP 1:2,191.17,17559.45
3941,2025-09-09 02:45:00,2025-09-09 05:45:00,Long,3634.96,3649.48,0.2,3649.48,Stop Loss,290.43,17849.89
3942,2025-09-09 05:45:00,2025-09-09 07:15:00,Short,3647.39,3651.81,0.29,3654.12,Opposite Signal,-128.18,17721.71
3943,2025-09-09 07:15:00,2025-09-09 09:00:00,Long,3651.81,3644.92,0.29,3644.92,Stop Loss,-199.77,17521.94
3944,2025-09-09 09:00:00,2025-09-09 09:30:00,Short,3643.37,3649.79,0.23,3651.73,Opposite Signal,-147.66,17374.28
3945,2025-09-09 09:30:00,2025-09-09 10:45:00,Long,3649.79,3644.31,0.2,3639.91,Opposite Signal,-109.6,17264.68
3946,2025-09-09 10:45:00,2025-09-09 11:30:00,Short,3644.31,3650.39,0.22,3653.27,Opposite Signal,-133.76,17130.92
3947,2025-09-09 11:30:00,2025-09-09 14:45:00,Long,3650.39,3648.06,0.22,3641.68,Opposite Signal,-51.26,17079.66
3948,2025-09-09 14:45:00,2025-09-09 15:00:00,Short,3648.06,3654.55,0.3,3654.55,Stop Loss,-194.65,16885.01
3949,2025-09-09 15:00:00,2025-09-09 15:15:00,Long,3654.67,3649.18,0.28,3647.59,Opposite Signal,-153.72,16731.29
3950,2025-09-09 15:15:00,2025-09-09 16:00:00,Short,3649.18,3652.72,0.27,3656.57,Opposite Signal,-95.58,16635.71
3951,2025-09-09 16:00:00,2025-09-09 17:00:00,Long,3652.72,3644.73,0.25,3644.73,Stop Loss,-199.81,16435.89
3952,2025-09-09 17:00:00,2025-09-09 18:45:00,Short,3651.58,3645.78,0.15,3664.6,Opposite Signal,87.0,16522.89
3953,2025-09-09 18:45:00,2025-09-09 22:00:00,Long,3645.78,3635.64,0.14,3631.69,Opposite Signal,-141.96,16380.93
3954,2025-09-09 22:00:00,2025-09-10 01:00:00,Short (Partial 50%),3635.64,3620.68,0.13,3635.64,Partial TP 1:2,194.46,16575.39
3954,2025-09-09 22:00:00,2025-09-10 01:30:00,Short,3635.64,3629.07,0.13,3629.07,Stop Loss,85.37,16660.76
3955,2025-09-10 01:30:00,2025-09-10 03:00:00,Long,3631.43,3630.39,0.22,3622.73,Opposite Signal,-22.88,16637.88
3956,2025-09-10 03:00:00,2025-09-10 04:30:00,Short,3630.39,3627.76,0.25,3638.25,Opposite Signal,65.75,16703.63
3957,2025-09-10 04:30:00,2025-09-10 09:00:00,Long (Partial 50%),3627.76,3645.84,0.11,3627.76,Partial TP 1:2,198.93,16902.56
3957,2025-09-10 04:30:00,2025-09-10 10:30:00,Long,3627.76,3642.54,0.11,3642.54,Stop Loss,162.54,17065.09
3958,2025-09-10 14:30:00,2025-09-10 15:30:00,Short,3649.07,3655.1,0.33,3655.1,Stop Loss,-199.05,16866.04
3959,2025-09-10 16:30:00,2025-09-10 17:45:00,Long,3650.33,3647.54,0.23,3641.96,Opposite Signal,-64.17,16801.87
3960,2025-09-10 17:45:00,2025-09-10 20:45:00,Short,3647.54,3647.43,0.24,3655.84,Opposite Signal,2.64,16804.51
3961,2025-09-10 20:45:00,2025-09-10 22:00:00,Long,3647.43,3643.8,0.31,3641.14,Opposite Signal,-112.53,16691.98
3962,2025-09-10 22:00:00,2025-09-10 22:45:00,Short,3643.8,3642.01,0.38,3649.05,Opposite Signal,68.02,16760.0
3963,2025-09-10 22:45:00,2025-09-11 04:30:00,Long,3642.01,3643.17,0.33,3636.04,Opposite Signal,38.28,16798.28
3964,2025-09-11 04:30:00,2025-09-11 06:30:00,Short (Partial 50%),3643.17,3631.97,0.17,3643.17,Partial TP 1:2,190.41,16988.7
3964,2025-09-11 04:30:00,2025-09-11 09:00:00,Short,3643.17,3628.79,0.17,3628.79,Stop Loss,244.51,17233.2
3965,2025-09-11 09:00:00,2025-09-11 10:00:00,Long,3632.76,3625.84,0.28,3625.84,Stop Loss,-193.64,17039.56
3966,2025-09-11 10:00:00,2025-09-11 12:45:00,Short,3627.7,3622.05,0.26,3635.15,Opposite Signal,146.9,17186.46
3967,2025-09-11 12:45:00,2025-09-11 14:30:00,Long,3622.05,3615.71,0.28,3615.03,Opposite Signal,-177.52,17008.94
3968,2025-09-11 14:30:00,2025-09-11 15:00:00,Short,3615.71,3619.83,0.32,3621.83,Opposite Signal,-131.84,16877.1
3969,2025-09-11 15:00:00,2025-09-11 15:30:00,Long,3619.83,3613.94,0.33,3613.94,Stop Loss,-194.22,16682.88
3970,2025-09-11 15:45:00,2025-09-11 16:45:00,Short,3628.9,3630.0,0.17,3640.12,Opposite Signal,-18.7,16664.18
3971,2025-09-11 16:45:00,2025-09-11 20:00:00,Long,3630.0,3632.72,0.15,3617.23,Opposite Signal,40.8,16704.98
3972,2025-09-11 20:00:00,2025-09-11 22:45:00,Short,3632.72,3636.9,0.22,3641.71,Opposite Signal,-91.96,16613.02
3973,2025-09-11 22:45:00,2025-09-12 02:45:00,Long,3636.9,3631.92,0.35,3631.27,Opposite Signal,-174.3,16438.72
3974,2025-09-12 02:45:00,2025-09-12 03:45:00,Short,3631.92,3636.08,0.48,3636.08,Stop Loss,-199.58,16239.14
3975,2025-09-12 03:45:00,2025-09-12 04:30:00,Long (Partial 50%),3636.5,3645.4,0.22,3636.5,Partial TP 1:2,195.84,16434.98
3975,2025-09-12 03:45:00,2025-09-12 05:45:00,Long,3636.5,3646.25,0.22,3646.25,Stop Loss,214.41,16649.38
3976,2025-09-12 08:15:00,2025-09-12 11:00:00,Short (Partial 50%),3652.92,3643.88,0.22,3652.92,Partial TP 1:2,198.91,16848.29
3976,2025-09-12 08:15:00,2025-09-12 12:00:00,Short,3652.92,3644.83,0.22,3644.83,Stop Loss,178.02,17026.32
3977,2025-09-12 12:15:00,2025-09-12 14:45:00,Long,3646.24,3647.04,0.29,3639.55,Opposite Signal,23.2,17049.52
3978,2025-09-12 14:45:00,2025-09-12 15:45:00,Short,3647.04,3645.36,0.38,3652.2,Opposite Signal,63.84,17113.36
3979,2025-09-12 15:45:00,2025-09-12 17:45:00,Long,3645.36,3647.99,0.29,3638.69,Opposite Signal,76.27,17189.63
3980,2025-09-12 17:45:00,2025-09-12 19:45:00,Short,3647.99,3649.28,0.3,3654.5,Opposite Signal,-38.7,17150.93
3981,2025-09-12 19:45:00,2025-09-12 22:15:00,Long,3649.28,3645.99,0.36,3643.82,Opposite Signal,-118.44,17032.49
3982,2025-09-12 22:15:00,2025-09-15 02:15:00,Short (Partial 50%),3645.99,3638.77,0.27,3645.99,Partial TP 1:2,195.05,17227.54
3982,2025-09-12 22:15:00,2025-09-15 03:00:00,Short,3645.99,3640.18,0.28,3640.18,Stop Loss,162.74,17390.28
3983,2025-09-15 03:00:00,2025-09-15 03:30:00,Long,3641.02,3636.61,0.45,3636.61,Stop Loss,-198.59,17191.69
3984,2025-09-15 03:30:00,2025-09-15 04:45:00,Short,3633.86,3634.58,0.4,3638.82,Opposite Signal,-28.8,17162.89
3985,2025-09-15 04:45:00,2025-09-15 07:00:00,Long (Partial 50%),3634.58,3646.87,0.16,3634.58,Partial TP 1:2,196.61,17359.5
3985,2025-09-15 04:45:00,2025-09-15 08:00:00,Long,3634.58,3642.58,0.16,3642.58,Stop Loss,128.01,17487.51
3986,2025-09-15 09:00:00,2025-09-15 10:15:00,Short (Partial 50%),3642.43,3633.72,0.22,3642.43,Partial TP 1:2,191.56,17679.07
3986,2025-09-15 09:00:00,2025-09-15 10:30:00,Short,3642.43,3641.27,0.23,3642.43,Opposite Signal,26.68,17705.75
3987,2025-09-15 10:30:00,2025-09-15 12:15:00,Long,3641.27,3640.21,0.37,3635.95,Opposite Signal,-39.22,17666.53
3988,2025-09-15 12:15:00,2025-09-15 13:00:00,Short,3640.21,3644.45,0.35,3645.83,Opposite Signal,-148.4,17518.13
3989,2025-09-15 13:00:00,2025-09-15 13:45:00,Long,3644.45,3639.92,0.33,3638.46,Opposite Signal,-149.49,17368.64
3990,2025-09-15 13:45:00,2025-09-15 14:15:00,Short,3639.92,3645.7,0.34,3645.7,Stop Loss,-196.61,17172.03
3991,2025-09-15 14:15:00,2025-09-15 14:45:00,Long,3644.53,3642.64,0.35,3638.82,Opposite Signal,-66.15,17105.88
3992,2025-09-15 14:45:00,2025-09-15 15:30:00,Short,3642.64,3644.7,0.35,3648.28,Opposite Signal,-72.1,17033.78
3993,2025-09-15 15:30:00,2025-09-15 16:30:00,Long (Partial 50%),3644.7,3656.89,0.16,3644.7,Partial TP 1:2,195.11,17228.89
3993,2025-09-15 15:30:00,2025-09-15 16:45:00,Long,3644.7,3657.13,0.16,3651.73,Opposite Signal,198.88,17427.77
3994,2025-09-15 16:45:00,2025-09-15 17:45:00,Short,3657.13,3663.47,0.24,3665.22,Opposite Signal,-152.16,17275.61
3995,2025-09-15 17:45:00,2025-09-15 18:45:00,Long (Partial 50%),3663.47,3678.95,0.12,3663.47,Partial TP 1:2,185.73,17461.34
3995,2025-09-15 17:45:00,2025-09-15 19:30:00,Long,3663.47,3678.84,0.13,3678.84,Stop Loss,199.76,17661.1
3996,2025-09-15 19:30:00,2025-09-15 22:30:00,Short,3678.74,3681.99,0.23,3687.28,Opposite Signal,-74.75,17586.35
3997,2025-09-15 22:30:00,2025-09-16 01:00:00,Long,3681.99,3678.02,0.34,3676.28,Opposite Signal,-134.98,17451.37
3998,2025-09-16 01:00:00,2025-09-16 03:00:00,Short,3678.02,3679.56,0.4,3682.97,Opposite Signal,-61.6,17389.77
3999,2025-09-16 03:00:00,2025-09-16 04:00:00,Long (Partial 50%),3679.56,3687.36,0.25,3679.56,Partial TP 1:2,195.0,17584.77
3999,2025-09-16 03:00:00,2025-09-16 04:15:00,Long,3679.56,3679.56,0.26,3679.56,Stop Loss,0.0,17584.77
4000,2025-09-16 05:00:00,2025-09-16 05:30:00,Long,3681.87,3676.47,0.37,3676.47,Stop Loss,-199.79,17384.98
4001,2025-09-16 05:30:00,2025-09-16 06:15:00,Short,3677.88,3681.75,0.37,3683.27,Opposite Signal,-143.19,17241.79
4002,2025-09-16 06:15:00,2025-09-16 08:30:00,Long,3681.75,3681.37,0.36,3676.33,Opposite Signal,-13.68,17228.11
4003,2025-09-16 08:30:00,2025-09-16 09:15:00,Short,3681.37,3685.58,0.47,3685.58,Stop Loss,-198.02,17030.09
4004,2025-09-16 09:15:00,2025-09-16 10:30:00,Long,3685.34,3688.19,0.44,3680.81,Opposite Signal,125.4,17155.49
4005,2025-09-16 10:30:00,2025-09-16 11:00:00,Short,3688.19,3693.84,0.35,3693.84,Stop Loss,-197.76,16957.73
4006,2025-09-16 11:00:00,2025-09-16 13:30:00,Long,3695.91,3694.35,0.3,3689.44,Opposite Signal,-46.8,16910.93
4007,2025-09-16 13:30:00,2025-09-16 14:30:00,Short,3694.35,3696.4,0.39,3699.43,Opposite Signal,-79.95,16830.98
4008,2025-09-16 14:30:00,2025-09-16 15:15:00,Long,3696.4,3691.37,0.39,3691.37,Stop Loss,-196.2,16634.78
4009,2025-09-16 15:15:00,2025-09-16 16:15:00,Short,3690.71,3694.32,0.36,3696.19,Opposite Signal,-129.96,16504.82
4010,2025-09-16 16:15:00,2025-09-16 17:15:00,Long,3694.32,3692.79,0.3,3687.71,Opposite Signal,-45.9,16458.92
4011,2025-09-16 17:15:00,2025-09-16 18:45:00,Short,3692.79,3686.27,0.24,3700.96,Opposite Signal,156.48,16615.4
4012,2025-09-16 18:45:00,2025-09-16 23:45:00,Long,3686.27,3689.92,0.23,3677.58,Opposite Signal,83.95,16699.35
4013,2025-09-16 23:45:00,2025-09-17 01:30:00,Short,3689.92,3692.73,0.48,3694.05,Opposite Signal,-134.88,16564.47
4014,2025-09-17 01:30:00,2025-09-17 03:45:00,Long,3692.73,3691.19,0.53,3689.01,Opposite Signal,-81.62,16482.85
4015,2025-09-17 03:45:00,2025-09-17 04:30:00,Short (Partial 50%),3691.19,3684.5,0.29,3691.19,Partial TP 1:2,194.15,16677.01
4015,2025-09-17 03:45:00,2025-09-17 05:00:00,Short,3691.19,3681.25,0.3,3682.82,Opposite Signal,298.2,16975.21
4016,2025-09-17 05:00:00,2025-09-17 05:15:00,Long,3681.25,3677.44,0.37,3675.9,Opposite Signal,-140.97,16834.24
4017,2025-09-17 05:15:00,2025-09-17 05:45:00,Short,3677.44,3682.89,0.36,3682.89,Stop Loss,-196.25,16637.98
4018,2025-09-17 05:45:00,2025-09-17 08:30:00,Long,3682.22,3676.36,0.34,3676.36,Stop Loss,-199.08,16438.9
4019,2025-09-17 08:30:00,2025-09-17 10:15:00,Short (Partial 50%),3678.75,3668.6,0.19,3678.75,Partial TP 1:2,192.89,16631.79
4019,2025-09-17 08:30:00,2025-09-17 12:00:00,Short,3678.75,3668.24,0.2,3668.24,Stop Loss,210.14,16841.93
4020,2025-09-17 12:00:00,2025-09-17 13:00:00,Long,3668.3,3662.02,0.31,3662.02,Stop Loss,-194.6,16647.33
4021,2025-09-17 13:45:00,2025-09-17 14:15:00,Short,3661.5,3667.87,0.31,3667.87,Stop Loss,-197.5,16449.83
4022,2025-09-17 14:15:00,2025-09-17 16:30:00,Long (Partial 50%),3667.92,3681.33,0.14,3667.92,Partial TP 1:2,187.7,16637.53
4022,2025-09-17 14:15:00,2025-09-17 19:45:00,Long,3667.92,3684.22,0.14,3684.22,Stop Loss,228.14,16865.67
4023,2025-09-17 20:00:00,2025-09-17 21:00:00,Short,3683.24,3688.42,0.38,3688.42,Stop Loss,-196.7,16668.97
4024,2025-09-17 21:00:00,2025-09-17 21:30:00,Long,3688.0,3674.68,0.15,3674.68,Stop Loss,-199.75,16469.22
4025,2025-09-17 21:30:00,2025-09-17 22:15:00,Short,3663.51,3663.58,0.12,3679.94,Opposite Signal,-0.84,16468.38
4026,2025-09-17 22:15:00,2025-09-18 03:15:00,Long,3663.58,3662.26,0.1,3644.12,Opposite Signal,-13.2,16455.18
4027,2025-09-18 03:15:00,2025-09-18 05:00:00,Short,3662.26,3662.58,0.21,3671.61,Opposite Signal,-6.72,16448.46
4028,2025-09-18 05:00:00,2025-09-18 06:45:00,Long,3662.58,3658.52,0.19,3652.28,Opposite Signal,-77.14,16371.32
4029,2025-09-18 06:45:00,2025-09-18 09:00:00,Short (Partial 50%),3658.52,3643.57,0.13,3658.52,Partial TP 1:2,194.39,16565.71
4029,2025-09-18 06:45:00,2025-09-18 10:00:00,Short,3658.52,3642.9,0.13,3642.9,Stop Loss,203.11,16768.82
4030,2025-09-18 10:00:00,2025-09-18 11:30:00,Long (Partial 50%),3644.45,3661.92,0.11,3644.45,Partial TP 1:2,192.14,16960.96
4030,2025-09-18 10:00:00,2025-09-18 13:15:00,Long,3644.45,3666.34,0.11,3666.34,Stop Loss,240.79,17201.75
4031,2025-09-18 13:30:00,2025-09-18 16:30:00,Short (Partial 50%),3665.7,3650.53,0.13,3665.7,Partial TP 1:2,197.19,17398.94
4031,2025-09-18 13:30:00,2025-09-18 16:45:00,Short,3665.7,3642.28,0.13,3650.64,Opposite Signal,304.46,17703.4
4032,2025-09-18 16:45:00,2025-09-19 01:00:00,Long,3642.28,3642.47,0.15,3629.74,Opposite Signal,2.85,17706.25
4033,2025-09-19 01:00:00,2025-09-19 04:00:00,Short,3642.47,3646.52,0.49,3646.52,Stop Loss,-198.62,17507.62
4034,2025-09-19 04:00:00,2025-09-19 04:45:00,Long,3648.23,3642.75,0.36,3642.75,Stop Loss,-197.29,17310.33
4035,2025-09-19 04:45:00,2025-09-19 05:00:00,Short,3639.8,3646.81,0.28,3646.81,Stop Loss,-196.18,17114.15
4036,2025-09-19 05:00:00,2025-09-19 08:45:00,Long,3646.85,3652.42,0.26,3639.29,Opposite Signal,144.82,17258.97
4037,2025-09-19 08:45:00,2025-09-19 10:15:00,Short,3652.42,3652.98,0.3,3658.87,Opposite Signal,-16.8,17242.17
4038,2025-09-19 10:15:00,2025-09-19 14:00:00,Long,3652.98,3652.82,0.28,3645.84,Opposite Signal,-4.48,17237.69
4039,2025-09-19 14:00:00,2025-09-19 16:00:00,Short,3652.82,3653.54,0.41,3657.66,Opposite Signal,-29.52,17208.17
4040,2025-09-19 16:00:00,2025-09-19 17:45:00,Long (Partial 50%),3653.54,3666.61,0.15,3653.54,Partial TP 1:2,196.06,17404.23
4040,2025-09-19 16:00:00,2025-09-19 19:15:00,Long,3653.54,3666.95,0.15,3666.95,Stop Loss,201.2,17605.44
4041,2025-09-22 02:00:00,2025-09-22 03:00:00,Short,3686.93,3690.51,0.4,3691.85,Opposite Signal,-143.2,17462.24
4042,2025-09-22 03:00:00,2025-09-22 04:15:00,Long,3690.51,3689.97,0.39,3685.42,Opposite Signal,-21.06,17441.18
4043,2025-09-22 04:15:00,2025-09-22 06:15:00,Short,3689.97,3691.54,0.32,3696.11,Opposite Signal,-50.24,17390.94
4044,2025-09-22 06:15:00,2025-09-22 07:15:00,Long,3691.54,3691.27,0.31,3685.16,Opposite Signal,-8.37,17382.57
4045,2025-09-22 07:15:00,2025-09-22 08:15:00,Short,3691.27,3697.1,0.34,3697.1,Stop Loss,-198.34,17184.23
4046,2025-09-22 08:15:00,2025-09-22 09:30:00,Long (Partial 50%),3696.3,3706.67,0.19,3696.3,Partial TP 1:2,197.01,17381.24
4046,2025-09-22 08:15:00,2025-09-22 10:00:00,Long,3696.3,3711.52,0.19,3709.3,Opposite Signal,289.18,17670.42
4047,2025-09-22 10:00:00,2025-09-22 11:00:00,Short,3711.52,3719.0,0.26,3719.0,Stop Loss,-194.35,17476.06
4048,2025-09-22 11:00:00,2025-09-22 14:30:00,Long,3717.32,3722.12,0.27,3709.93,Opposite Signal,129.6,17605.66
4049,2025-09-22 14:30:00,2025-09-22 15:45:00,Short,3722.12,3721.61,0.33,3728.08,Opposite Signal,16.83,17622.49
4050,2025-09-22 15:45:00,2025-09-22 16:30:00,Long,3721.61,3717.83,0.26,3713.99,Opposite Signal,-98.28,17524.21
4051,2025-09-22 16:30:00,2025-09-22 17:45:00,Short,3717.83,3725.96,0.24,3725.96,Stop Loss,-195.17,17329.05
4052,2025-09-22 17:45:00,2025-09-22 20:30:00,Long (Partial 50%),3725.9,3743.27,0.11,3725.9,Partial TP 1:2,191.07,17520.11
4052,2025-09-22 17:45:00,2025-09-22 22:15:00,Long,3725.9,3744.1,0.12,3744.1,Stop Loss,218.45,17738.57
4053,2025-09-22 22:15:00,2025-09-22 22:45:00,Short,3743.74,3747.53,0.37,3749.12,Opposite Signal,-140.23,17598.34
4054,2025-09-22 22:45:00,2025-09-23 01:15:00,Long,3747.53,3743.57,0.36,3742.05,Opposite Signal,-142.56,17455.78
4055,2025-09-23 01:15:00,2025-09-23 02:15:00,Short,3743.57,3748.5,0.4,3748.5,Stop Loss,-197.4,17258.38
4056,2025-09-23 02:15:00,2025-09-23 04:15:00,Long,3746.92,3750.06,0.35,3741.21,Opposite Signal,109.9,17368.28
4057,2025-09-23 04:15:00,2025-09-23 04:30:00,Short,3750.06,3757.31,0.27,3757.31,Stop Loss,-195.83,17172.45
4058,2025-09-23 04:30:00,2025-09-23 05:00:00,Long,3756.72,3748.55,0.24,3748.55,Stop Loss,-196.19,16976.26
4059,2025-09-23 05:00:00,2025-09-23 06:45:00,Short,3743.7,3746.57,0.21,3753.22,Opposite Signal,-60.27,16915.99
4060,2025-09-23 06:45:00,2025-09-23 11:30:00,Long (Partial 50%),3746.57,3762.31,0.12,3746.57,Partial TP 1:2,188.86,17104.84
4060,2025-09-23 06:45:00,2025-09-23 12:30:00,Long,3746.57,3780.94,0.13,3780.94,Stop Loss,446.85,17551.7
4061,2025-09-23 12:30:00,2025-09-23 12:45:00,Short,3778.21,3784.64,0.2,3787.84,Opposite Signal,-128.6,17423.1
4062,2025-09-23 12:45:00,2025-09-23 15:00:00,Long,3784.64,3779.48,0.2,3774.77,Opposite Signal,-103.2,17319.9
4063,2025-09-23 15:00:00,2025-09-23 16:00:00,Short,3779.48,3786.74,0.23,3788.09,Opposite Signal,-166.98,17152.92
4064,2025-09-23 16:00:00,2025-09-23 16:45:00,Long,3786.74,3778.65,0.24,3778.65,Stop Loss,-194.09,16958.83
4065,2025-09-23 17:00:00,2025-09-23 18:00:00,Short,3776.95,3778.95,0.19,3787.22,Opposite Signal,-38.0,16920.83
4066,2025-09-23 18:00:00,2025-09-23 19:30:00,Long,3778.95,3768.94,0.19,3768.94,Stop Loss,-190.12,16730.71
4067,2025-09-23 19:30:00,2025-09-23 20:00:00,Short,3773.66,3781.11,0.2,3783.65,Opposite Signal,-149.0,16581.71
4068,2025-09-23 20:00:00,2025-09-23 21:45:00,Long,3781.11,3771.48,0.2,3771.48,Stop Loss,-192.6,16389.11
4069,2025-09-23 21:45:00,2025-09-23 22:30:00,Short,3756.76,3765.4,0.18,3767.75,Opposite Signal,-155.52,16233.59
4070,2025-09-23 22:30:00,2025-09-24 02:30:00,Long,3765.4,3763.57,0.17,3753.95,Opposite Signal,-31.11,16202.48
4071,2025-09-24 02:30:00,2025-09-24 03:45:00,Short,3763.57,3764.92,0.27,3770.92,Opposite Signal,-36.45,16166.03
4072,2025-09-24 03:45:00,2025-09-24 04:15:00,Long,3764.92,3758.72,0.28,3757.96,Opposite Signal,-173.6,15992.43
4073,2025-09-24 04:15:00,2025-09-24 06:00:00,Short,3758.72,3757.77,0.25,3766.64,Opposite Signal,23.75,16016.18
4074,2025-09-24 06:00:00,2025-09-24 08:15:00,Long (Partial 50%),3757.77,3772.93,0.13,3757.77,Partial TP 1:2,197.06,16213.25
4074,2025-09-24 06:00:00,2025-09-24 09:15:00,Long,3757.77,3770.58,0.13,3770.58,Stop Loss,166.53,16379.77
4075,2025-09-24 11:00:00,2025-09-24 13:15:00,Short (Partial 50%),3772.64,3759.85,0.15,3772.64,Partial TP 1:2,191.91,16571.68
4075,2025-09-24 11:00:00,2025-09-24 14:30:00,Short,3772.64,3766.45,0.16,3766.45,Stop Loss,99.08,16670.76
4076,2025-09-24 14:30:00,2025-09-24 16:30:00,Long,3768.2,3762.13,0.32,3762.13,Stop Loss,-194.14,16476.63
4077,2025-09-24 16:30:00,2025-09-24 18:30:00,Short (Partial 50%),3762.75,3748.54,0.14,3762.75,Partial TP 1:2,198.88,16675.51
4077,2025-09-24 16:30:00,2025-09-24 22:30:00,Short,3762.75,3723.33,0.14,3723.33,Stop Loss,551.83,17227.34
4078,2025-09-24 22:30:00,2025-09-25 01:15:00,Long (Partial 50%),3727.42,3744.26,0.11,3727.42,Partial TP 1:2,185.2,17412.54
4078,2025-09-24 22:30:00,2025-09-25 02:15:00,Long,3727.42,3739.62,0.12,3736.99,Opposite Signal,146.4,17558.94
4079,2025-09-25 02:15:00,2025-09-25 03:00:00,Short,3739.62,3746.02,0.31,3746.02,Stop Loss,-198.3,17360.64
4080,2025-09-25 03:00:00,2025-09-25 04:00:00,Long,3749.99,3743.23,0.29,3743.23,Stop Loss,-195.93,17164.71
4081,2025-09-25 04:00:00,2025-09-25 05:30:00,Short,3741.55,3742.1,0.27,3748.74,Opposite Signal,-14.85,17149.86
4082,2025-09-25 05:30:00,2025-09-25 06:00:00,Long,3742.1,3735.14,0.23,3733.77,Opposite Signal,-160.08,16989.78
4083,2025-09-25 06:00:00,2025-09-25 07:30:00,Short,3735.14,3739.71,0.23,3743.5,Opposite Signal,-105.11,16884.67
4084,2025-09-25 07:30:00,2025-09-25 11:00:00,Long (Partial 50%),3739.71,3755.14,0.12,3739.71,Partial TP 1:2,185.16,17069.83
4084,2025-09-25 07:30:00,2025-09-25 11:30:00,Long,3739.71,3751.97,0.13,3751.97,Stop Loss,159.36,17229.19
4085,2025-09-25 12:15:00,2025-09-25 12:45:00,Short,3750.92,3759.04,0.24,3759.04,Stop Loss,-194.97,17034.22
4086,2025-09-25 12:45:00,2025-09-25 14:00:00,Long,3757.06,3748.88,0.24,3748.88,Stop Loss,-196.25,16837.97
4087,2025-09-25 14:00:00,2025-09-25 14:15:00,Short,3743.6,3749.73,0.22,3752.54,Opposite Signal,-134.86,16703.11
4088,2025-09-25 14:15:00,2025-09-25 15:30:00,Long,3749.73,3740.56,0.21,3740.56,Stop Loss,-192.62,16510.49
4089,2025-09-25 15:30:00,2025-09-25 18:00:00,Short,3741.69,3734.92,0.19,3751.74,Opposite Signal,128.63,16639.12
4090,2025-09-25 18:00:00,2025-09-25 19:45:00,Long,3734.92,3733.74,0.14,3721.14,Opposite Signal,-16.52,16622.6
4091,2025-09-25 19:45:00,2025-09-25 20:45:00,Short,3733.74,3741.79,0.18,3744.64,Opposite Signal,-144.9,16477.7
4092,2025-09-25 20:45:00,2025-09-25 22:30:00,Long,3741.79,3747.44,0.19,3731.71,Opposite Signal,107.35,16585.05
4093,2025-09-25 22:30:00,2025-09-26 03:00:00,Short,3747.44,3746.63,0.19,3757.94,Opposite Signal,15.39,16600.44
4094,2025-09-26 03:00:00,2025-09-26 04:00:00,Long,3746.63,3743.87,0.26,3739.08,Opposite Signal,-71.76,16528.68
4095,2025-09-26 04:00:00,2025-09-26 06:15:00,Short,3743.87,3742.69,0.23,3752.42,Opposite Signal,27.14,16555.82
4096,2025-09-26 06:15:00,2025-09-26 08:45:00,Long,3742.69,3742.08,0.25,3734.97,Opposite Signal,-15.25,16540.57
4097,2025-09-26 08:45:00,2025-09-26 09:00:00,Short,3742.08,3748.21,0.32,3748.21,Stop Loss,-196.15,16344.42
4098,2025-09-26 09:00:00,2025-09-26 09:30:00,Long,3751.53,3744.85,0.28,3744.51,Opposite Signal,-187.04,16157.38
4099,2025-09-26 09:30:00,2025-09-26 10:30:00,Short,3744.85,3748.19,0.26,3752.28,Opposite Signal,-86.84,16070.54
4100,2025-09-26 10:30:00,2025-09-26 12:15:00,Long,3748.19,3748.68,0.27,3740.93,Opposite Signal,13.23,16083.77
4101,2025-09-26 12:15:00,2025-09-26 13:00:00,Short,3748.68,3754.9,0.32,3754.9,Stop Loss,-199.02,15884.76
4102,2025-09-26 14:15:00,2025-09-26 16:00:00,Long (Partial 50%),3751.08,3763.11,0.16,3751.08,Partial TP 1:2,192.47,16077.23
4102,2025-09-26 14:15:00,2025-09-26 16:15:00,Long,3751.08,3757.73,0.17,3751.6,Opposite Signal,113.05,16190.28
4103,2025-09-26 16:15:00,2025-09-26 17:00:00,Short,3757.73,3766.92,0.21,3766.92,Stop Loss,-193.0,15997.28
4104,2025-09-26 17:00:00,2025-09-26 19:15:00,Long,3772.18,3773.74,0.19,3761.83,Opposite Signal,29.64,16026.92
4105,2025-09-26 19:15:00,2025-09-26 20:30:00,Short,3773.74,3782.68,0.2,3783.55,Opposite Signal,-178.8,15848.12
4106,2025-09-26 20:30:00,2025-09-26 21:00:00,Long,3782.68,3776.28,0.23,3774.2,Opposite Signal,-147.2,15700.92
4107,2025-09-26 21:00:00,2025-09-29 01:00:00,Short (Partial 50%),3776.28,3759.26,0.11,3776.28,Partial TP 1:2,187.19,15888.11
4107,2025-09-26 21:00:00,2025-09-29 03:00:00,Short,3776.28,3771.8,0.12,3771.8,Stop Loss,53.8,15941.91
4108,2025-09-29 04:00:00,2025-09-29 05:00:00,Short,3776.29,3785.93,0.2,3785.93,Stop Loss,-192.74,15749.17
4109,2025-09-29 05:00:00,2025-09-29 07:45:00,Long (Partial 50%),3785.85,3807.62,0.09,3785.85,Partial TP 1:2,195.92,15945.09
4109,2025-09-29 05:00:00,2025-09-29 10:30:00,Long,3785.85,3811.9,0.09,3811.9,Stop Loss,234.49,16179.58
4110,2025-09-29 10:30:00,2025-09-29 11:00:00,Short,3810.61,3815.78,0.18,3821.14,Opposite Signal,-93.06,16086.52
4111,2025-09-29 11:00:00,2025-09-29 12:30:00,Long,3815.78,3810.17,0.18,3804.91,Opposite Signal,-100.98,15985.54
4112,2025-09-29 12:30:00,2025-09-29 13:15:00,Short,3810.17,3815.73,0.2,3819.71,Opposite Signal,-111.2,15874.34
4113,2025-09-29 13:15:00,2025-09-29 15:15:00,Long,3815.73,3817.41,0.21,3806.63,Opposite Signal,35.28,15909.62
4114,2025-09-29 15:15:00,2025-09-29 16:15:00,Short,3817.41,3821.77,0.21,3826.69,Opposite Signal,-91.56,15818.06
4115,2025-09-29 16:15:00,2025-09-29 21:45:00,Long,3821.77,3824.58,0.2,3812.05,Opposite Signal,56.2,15874.26
4116,2025-09-29 21:45:00,2025-09-29 23:00:00,Short,3824.58,3829.74,0.26,3832.19,Opposite Signal,-134.16,15740.1
4117,2025-09-29 23:00:00,2025-09-30 01:15:00,Long,3829.74,3826.82,0.3,3823.21,Opposite Signal,-87.6,15652.5
4118,2025-09-30 01:15:00,2025-09-30 02:45:00,Short,3826.82,3833.09,0.31,3833.09,Stop Loss,-194.33,15458.17
4119,2025-09-30 02:45:00,2025-09-30 04:00:00,Long (Partial 50%),3832.83,3843.27,0.19,3832.83,Partial TP 1:2,198.31,15656.48
4119,2025-09-30 02:45:00,2025-09-30 05:15:00,Long,3832.83,3843.46,0.19,3843.46,Stop Loss,202.04,15858.52
4120,2025-09-30 09:45:00,2025-09-30 11:00:00,Short (Partial 50%),3855.61,3837.33,0.1,3855.61,Partial TP 1:2,182.77,16041.3
4120,2025-09-30 09:45:00,2025-09-30 13:15:00,Short,3855.61,3808.88,0.1,3808.88,Stop Loss,467.31,16508.61
4121,2025-09-30 13:30:00,2025-09-30 17:00:00,Long (Partial 50%),3809.59,3837.6,0.07,3809.59,Partial TP 1:2,196.09,16704.7
4121,2025-09-30 13:30:00,2025-09-30 18:00:00,Long,3809.59,3844.34,0.07,3844.34,Stop Loss,243.28,16947.98
4122,2025-09-30 18:00:00,2025-09-30 19:30:00,Short,3835.27,3845.71,0.12,3851.6,Opposite Signal,-125.28,16822.7
4123,2025-09-30 19:30:00,2025-09-30 23:00:00,Long,3845.71,3853.01,0.15,3833.18,Opposite Signal,109.5,16932.2
4124,2025-09-30 23:00:00,2025-09-30 23:45:00,Short,3853.01,3858.93,0.24,3861.29,Opposite Signal,-142.08,16790.12
4125,2025-09-30 23:45:00,2025-10-01 01:15:00,Long,3858.93,3854.9,0.26,3851.25,Opposite Signal,-104.78,16685.34
4126,2025-10-01 01:15:00,2025-10-01 02:00:00,Short,3854.9,3861.88,0.25,3862.74,Opposite Signal,-174.5,16510.84
4127,2025-10-01 02:00:00,2025-10-01 03:15:00,Long,3861.88,3861.26,0.28,3854.94,Opposite Signal,-17.36,16493.48
4128,2025-10-01 03:15:00,2025-10-01 04:15:00,Short,3861.26,3864.95,0.35,3866.96,Opposite Signal,-129.15,16364.33
4129,2025-10-01 04:15:00,2025-10-01 05:45:00,Long,3864.95,3858.93,0.33,3858.93,Stop Loss,-198.67,16165.66
4130,2025-10-01 05:45:00,2025-10-01 07:45:00,Short,3863.49,3864.94,0.27,3870.64,Opposite Signal,-39.15,16126.51
4131,2025-10-01 07:45:00,2025-10-01 09:00:00,Long,3864.94,3858.49,0.26,3857.33,Opposite Signal,-167.7,15958.81
4132,2025-10-01 09:00:00,2025-10-01 09:30:00,Short,3858.49,3863.63,0.27,3865.77,Opposite Signal,-138.78,15820.03
4133,2025-10-01 09:30:00,2025-10-01 10:45:00,Long (Partial 50%),3863.63,3879.42,0.12,3863.63,Partial TP 1:2,189.43,16009.46
4133,2025-10-01 09:30:00,2025-10-01 12:15:00,Long,3863.63,3887.83,0.13,3887.83,Stop Loss,314.66,16324.12
4134,2025-10-01 12:15:00,2025-10-01 15:45:00,Short (Partial 50%),3886.12,3867.13,0.1,3886.12,Partial TP 1:2,189.93,16514.05
4134,2025-10-01 12:15:00,2025-10-01 16:30:00,Short,3886.12,3872.59,0.1,3872.59,Stop Loss,135.25,16649.3
4135,2025-10-01 16:45:00,2025-10-01 17:45:00,Long,3872.68,3862.05,0.18,3862.05,Stop Loss,-191.32,16457.98
4136,2025-10-01 18:00:00,2025-10-01 19:15:00,Short,3869.51,3870.38,0.15,3882.42,Opposite Signal,-13.05,16444.93
4137,2025-10-01 19:15:00,2025-10-01 20:30:00,Long,3870.38,3863.92,0.16,3858.33,Opposite Signal,-103.36,16341.57
4138,2025-10-01 20:30:00,2025-10-01 22:30:00,Short,3863.92,3869.3,0.21,3873.35,Opposite Signal,-112.98,16228.59
4139,2025-10-01 22:30:00,2025-10-01 23:00:00,Long,3869.3,3860.93,0.23,3860.93,Stop Loss,-192.62,16035.97
4140,2025-10-01 23:00:00,2025-10-02 02:15:00,Short,3862.39,3865.64,0.23,3870.97,Opposite Signal,-74.75,15961.22
4141,2025-10-02 02:15:00,2025-10-02 02:30:00,Long,3865.64,3858.6,0.28,3858.6,Stop Loss,-197.09,15764.14
4142,2025-10-02 02:30:00,2025-10-02 04:15:00,Short,3860.84,3863.96,0.26,3868.46,Opposite Signal,-81.12,15683.02
4143,2025-10-02 04:15:00,2025-10-02 05:15:00,Long,3863.96,3864.02,0.25,3856.0,Opposite Signal,1.5,15684.52
4144,2025-10-02 05:15:00,2025-10-02 08:00:00,Short,3864.02,3867.91,0.24,3872.06,Opposite Signal,-93.36,15591.16
4145,2025-10-02 08:00:00,2025-10-02 09:45:00,Long,3867.91,3862.25,0.35,3862.25,Stop Loss,-198.22,15392.94
4146,2025-10-02 09:45:00,2025-10-02 10:00:00,Short,3864.21,3870.39,0.32,3870.39,Stop Loss,-197.88,15195.06
4147,2025-10-02 10:00:00,2025-10-02 10:15:00,Long,3873.28,3866.27,0.28,3866.27,Stop Loss,-196.27,14998.79
4148,2025-10-02 10:15:00,2025-10-02 11:30:00,Short,3864.79,3872.78,0.25,3872.78,Stop Loss,-199.79,14798.99
4149,2025-10-02 11:30:00,2025-10-02 15:00:00,Long (Partial 50%),3875.47,3891.11,0.12,3875.47,Partial TP 1:2,187.71,14986.7
4149,2025-10-02 11:30:00,2025-10-02 16:30:00,Long,3875.47,3888.25,0.13,3888.25,Stop Loss,166.09,15152.79
4150,2025-10-02 16:30:00,2025-10-02 17:15:00,Short (Partial 50%),3883.13,3863.84,0.1,3883.13,Partial TP 1:2,192.92,15345.71
4150,2025-10-02 16:30:00,2025-10-02 19:00:00,Short,3883.13,3839.46,0.1,3839.46,Stop Loss,436.72,15782.42
4151,2025-10-02 19:30:00,2025-10-03 03:15:00,Long,3843.06,3858.65,0.12,3826.81,Opposite Signal,187.08,15969.5
4152,2025-10-03 03:15:00,2025-10-03 04:45:00,Short,3858.65,3858.49,0.32,3864.72,Opposite Signal,5.12,15974.62
4153,2025-10-03 04:45:00,2025-10-03 05:30:00,Long,3858.49,3850.82,0.26,3850.82,Stop Loss,-199.31,15775.31
4154,2025-10-03 05:30:00,2025-10-03 07:00:00,Short,3849.66,3845.51,0.27,3857.05,Opposite Signal,112.05,15887.36
4155,2025-10-03 07:00:00,2025-10-03 10:15:00,Long (Partial 50%),3845.51,3860.97,0.12,3845.51,Partial TP 1:2,185.49,16072.85
4155,2025-10-03 07:00:00,2025-10-03 12:00:00,Long,3845.51,3860.83,0.13,3860.83,Stop Loss,199.2,16272.05
4156,2025-10-03 12:00:00,2025-10-03 12:45:00,Short,3860.72,3864.46,0.31,3867.06,Opposite Signal,-115.94,16156.11
4157,2025-10-03 12:45:00,2025-10-03 14:15:00,Long,3864.46,3858.01,0.31,3858.01,Stop Loss,-199.9,15956.21
4158,2025-10-03 14:15:00,2025-10-03 15:00:00,Short,3858.8,3864.32,0.3,3865.3,Opposite Signal,-165.6,15790.61
4159,2025-10-03 15:00:00,2025-10-03 16:15:00,Long (Partial 50%),3864.32,3877.92,0.14,3864.32,Partial TP 1:2,190.38,15981.0
4159,2025-10-03 15:00:00,2025-10-03 16:45:00,Long,3864.32,3880.51,0.14,3880.51,Stop Loss,226.61,16207.61
4160,2025-10-03 17:00:00,2025-10-03 17:15:00,Short,3867.37,3879.51,0.16,3879.51,Stop Loss,-194.19,16013.42
4161,2025-10-03 17:15:00,2025-10-06 02:00:00,Long (Partial 50%),3879.12,3904.84,0.07,3879.12,Partial TP 1:2,180.02,16193.43
4161,2025-10-03 17:15:00,2025-10-06 03:00:00,Long,3879.12,3904.61,0.07,3904.61,Stop Loss,178.4,16371.83
4162,2025-10-06 03:00:00,2025-10-06 04:30:00,Short,3904.5,3910.19,0.21,3913.94,Opposite Signal,-119.49,16252.34
4163,2025-10-06 04:30:00,2025-10-06 06:45:00,Long (Partial 50%),3910.19,3930.53,0.09,3910.19,Partial TP 1:2,183.1,16435.44
4163,2025-10-06 04:30:00,2025-10-06 08:15:00,Long,3910.19,3933.94,0.1,3933.94,Stop Loss,237.5,16672.95
4164,2025-10-06 08:30:00,2025-10-06 09:45:00,Short,3930.21,3934.35,0.19,3940.44,Opposite Signal,-78.66,16594.29
4165,2025-10-06 09:45:00,2025-10-06 11:30:00,Long,3934.35,3938.09,0.19,3924.34,Opposite Signal,71.06,16665.35
4166,2025-10-06 11:30:00,2025-10-06 13:30:00,Short,3938.09,3946.75,0.18,3949.1,Opposite Signal,-155.88,16509.47
4167,2025-10-06 13:30:00,2025-10-06 14:00:00,Long,3946.75,3936.16,0.18,3936.16,Stop Loss,-190.59,16318.88
4168,2025-10-06 14:00:00,2025-10-06 16:30:00,Short,3936.78,3944.91,0.19,3947.27,Opposite Signal,-154.47,16164.41
4169,2025-10-06 16:30:00,2025-10-06 19:00:00,Long (Partial 50%),3944.91,3969.48,0.08,3944.91,Partial TP 1:2,196.59,16361.0
4169,2025-10-06 16:30:00,2025-10-06 23:30:00,Long,3944.91,3958.31,0.08,3958.31,Stop Loss,107.18,16468.18
4170,2025-10-07 01:30:00,2025-10-07 02:30:00,Short,3963.91,3972.07,0.2,3973.76,Opposite Signal,-163.2,16304.98
4171,2025-10-07 02:30:00,2025-10-07 03:30:00,Long,3972.07,3965.94,0.2,3962.54,Opposite Signal,-122.6,16182.38
4172,2025-10-07 03:30:00,2025-10-07 05:15:00,Short,3965.94,3964.79,0.19,3976.32,Opposite Signal,21.85,16204.23
4173,2025-10-07 05:15:00,2025-10-07 08:00:00,Long,3964.79,3965.53,0.22,3956.03,Opposite Signal,16.28,16220.51
4174,2025-10-07 08:00:00,2025-10-07 10:15:00,Short (Partial 50%),3965.53,3947.19,0.1,3965.53,Partial TP 1:2,183.41,16403.92
4174,2025-10-07 08:00:00,2025-10-07 11:15:00,Short,3965.53,3952.73,0.1,3952.73,Stop Loss,127.96,16531.88
4175,2025-10-07 11:30:00,2025-10-07 15:30:00,Long (Partial 50%),3952.88,3972.79,0.1,3952.88,Partial TP 1:2,199.15,16731.03
4175,2025-10-07 11:30:00,2025-10-07 16:30:00,Long,3952.88,3976.83,0.1,3976.83,Stop Loss,239.48,16970.52
4176,2025-10-07 16:30:00,2025-10-07 17:30:00,Short,3972.63,3983.58,0.18,3983.58,Stop Loss,-197.05,16773.47
4177,2025-10-07 17:45:00,2025-10-07 18:30:00,Long,3985.46,3973.51,0.16,3973.51,Stop Loss,-191.17,16582.3
4178,2025-10-07 18:30:00,2025-10-07 19:30:00,Short,3972.09,3977.17,0.15,3984.76,Opposite Signal,-76.2,16506.1
4179,2025-10-07 19:30:00,2025-10-08 03:45:00,Long,3977.17,3992.26,0.14,3963.11,Opposite Signal,211.26,16717.36
4180,2025-10-08 03:45:00,2025-10-08 04:15:00,Short,3992.26,3994.1,0.28,3999.24,Opposite Signal,-51.52,16665.84
4181,2025-10-08 04:15:00,2025-10-08 05:45:00,Long (Partial 50%),3994.1,4010.72,0.12,3994.1,Partial TP 1:2,199.43,16865.27
4181,2025-10-08 04:15:00,2025-10-08 08:45:00,Long,3994.1,4028.19,0.12,4028.19,Stop Loss,409.07,17274.34
4182,2025-10-08 09:00:00,2025-10-08 10:00:00,Short,4027.26,4035.48,0.24,4035.48,Stop Loss,-197.2,17077.13
4183,2025-10-08 10:00:00,2025-10-08 13:15:00,Long,4037.04,4040.42,0.22,4028.34,Opposite Signal,74.36,17151.49
4184,2025-10-08 13:15:00,2025-10-08 15:00:00,Short,4040.42,4045.28,0.21,4049.76,Opposite Signal,-102.06,17049.43
4185,2025-10-08 15:00:00,2025-10-08 15:15:00,Long,4045.28,4036.23,0.22,4036.23,Stop Loss,-199.12,16850.32
4186,2025-10-08 15:30:00,2025-10-08 16:00:00,Short,4033.84,4044.17,0.19,4044.17,Stop Loss,-196.26,16654.06
4187,2025-10-08 16:00:00,2025-10-08 16:30:00,Long,4045.81,4034.97,0.18,4034.97,Stop Loss,-195.18,16458.88
4188,2025-10-08 16:30:00,2025-10-08 16:45:00,Short,4029.97,4038.22,0.16,4041.84,Opposite Signal,-132.0,16326.88
4189,2025-10-08 16:45:00,2025-10-08 18:00:00,Long,4038.22,4039.52,0.16,4025.73,Opposite Signal,20.8,16347.68
4190,2025-10-08 18:00:00,2025-10-08 19:00:00,Short,4039.52,4052.34,0.15,4052.34,Stop Loss,-192.33,16155.35
4191,2025-10-08 19:00:00,2025-10-08 20:15:00,Long,4055.32,4048.98,0.16,4042.99,Opposite Signal,-101.44,16053.91
4192,2025-10-08 20:15:00,2025-10-09 01:00:00,Short (Partial 50%),4048.98,4027.88,0.09,4048.98,Partial TP 1:2,189.94,16243.85
4192,2025-10-08 20:15:00,2025-10-09 03:15:00,Short,4048.98,4019.21,0.09,4019.21,Stop Loss,267.91,16511.75
4193,2025-10-09 03:15:00,2025-10-09 04:00:00,Long,4027.26,4013.15,0.14,4013.15,Stop Loss,-197.57,16314.18
4194,2025-10-09 04:45:00,2025-10-09 06:15:00,Short,4019.58,4024.2,0.12,4035.21,Opposite Signal,-55.44,16258.74
4195,2025-10-09 06:15:00,2025-10-09 09:15:00,Long,4024.2,4031.66,0.14,4010.04,Opposite Signal,104.44,16363.18
4196,2025-10-09 09:15:00,2025-10-09 11:00:00,Short,4031.66,4034.62,0.19,4041.76,Opposite Signal,-56.24,16306.94
4197,2025-10-09 11:00:00,2025-10-09 14:00:00,Long,4034.62,4038.2,0.21,4025.26,Opposite Signal,75.18,16382.12
4198,2025-10-09 14:00:00,2025-10-09 14:30:00,Short,4038.2,4044.42,0.26,4045.79,Opposite Signal,-161.72,16220.4
4199,2025-10-09 14:30:00,2025-10-09 16:30:00,Long,4044.42,4036.17,0.24,4036.17,Stop Loss,-197.98,16022.42
4200,2025-10-09 16:30:00,2025-10-09 17:30:00,Short (Partial 50%),4030.95,4005.98,0.08,4030.95,Partial TP 1:2,199.77,16222.19
4200,2025-10-09 16:30:00,2025-10-09 17:45:00,Short,4030.95,4024.46,0.08,4030.95,Opposite Signal,51.92,16274.11
4201,2025-10-09 17:45:00,2025-10-09 18:30:00,Long,4024.46,4008.49,0.1,4006.19,Opposite Signal,-159.7,16114.41
4202,2025-10-09 18:30:00,2025-10-09 19:45:00,Short (Partial 50%),4008.49,3972.68,0.05,4008.49,Partial TP 1:2,179.04,16293.45
4202,2025-10-09 18:30:00,2025-10-09 20:15:00,Short,4008.49,3967.18,0.06,3967.18,Stop Loss,247.85,16541.3
4203,2025-10-09 22:00:00,2025-10-10 04:15:00,Long,3971.84,3981.51,0.09,3951.28,Opposite Signal,87.03,16628.33
4204,2025-10-10 04:15:00,2025-10-10 05:00:00,Short,3981.51,3982.21,0.16,3993.48,Opposite Signal,-11.2,16617.13
4205,2025-10-10 05:00:00,2025-10-10 06:00:00,Long,3982.21,3971.31,0.15,3969.46,Opposite Signal,-163.5,16453.63
4206,2025-10-10 06:00:00,2025-10-10 07:00:00,Short (Partial 50%),3971.31,3947.81,0.08,3971.31,Partial TP 1:2,188.03,16641.66
4206,2025-10-10 06:00:00,2025-10-10 07:15:00,Short,3971.31,3959.06,0.09,3968.54,Opposite Signal,110.25,16751.91
4207,2025-10-10 07:15:00,2025-10-10 10:00:00,Long,3959.06,3958.79,0.14,3944.84,Opposite Signal,-3.78,16748.13
4208,2025-10-10 10:00:00,2025-10-10 10:45:00,Short,3958.79,3972.22,0.14,3972.22,Stop Loss,-187.96,16560.17
4209,2025-10-10 10:45:00,2025-10-10 12:00:00,Long (Partial 50%),3971.93,3998.42,0.07,3971.93,Partial TP 1:2,185.43,16745.6
4209,2025-10-10 10:45:00,2025-10-10 13:00:00,Long,3971.93,3993.66,0.07,3993.66,Stop Loss,152.09,16897.68
4210,2025-10-10 13:00:00,2025-10-10 16:30:00,Short,3992.69,3993.48,0.15,4005.98,Opposite Signal,-11.85,16885.83
4211,2025-10-10 16:30:00,2025-10-10 16:45:00,Long,3993.48,3980.98,0.15,3980.98,Stop Loss,-187.51,16698.32
4212,2025-10-10 16:45:00,2025-10-10 17:45:00,Short,3980.39,3989.95,0.14,3994.44,Opposite Signal,-133.84,16564.48
4213,2025-10-10 17:45:00,2025-10-10 18:15:00,Long (Partial 50%),3989.95,4019.63,0.06,3989.95,Partial TP 1:2,178.07,16742.55
4213,2025-10-10 17:45:00,2025-10-10 18:45:00,Long,3989.95,3995.94,0.07,3995.94,Stop Loss,41.96,16784.51
4214,2025-10-10 18:45:00,2025-10-10 21:00:00,Short,3997.83,3995.45,0.1,4017.04,Opposite Signal,23.8,16808.31
4215,2025-10-10 21:00:00,2025-10-10 23:00:00,Long,3995.45,4005.7,0.11,3978.33,Opposite Signal,112.75,16921.06
4216,2025-10-10 23:00:00,2025-10-13 01:00:00,Short,4005.7,4021.84,0.12,4021.84,Stop Loss,-193.62,16727.44
4217,2025-10-13 01:00:00,2025-10-13 02:00:00,Long (Partial 50%),4021.0,4058.11,0.05,4021.0,Partial TP 1:2,185.53,16912.97
4217,2025-10-13 01:00:00,2025-10-13 02:45:00,Long,4021.0,4035.62,0.05,4035.62,Stop Loss,73.08,16986.05
4218,2025-10-13 02:45:00,2025-10-13 03:30:00,Short,4034.7,4054.43,0.1,4054.43,Stop Loss,-197.28,16788.77
4219,2025-10-13 03:30:00,2025-10-13 04:15:00,Long,4056.68,4042.18,0.09,4035.75,Opposite Signal,-130.5,16658.27
4220,2025-10-13 04:15:00,2025-10-13 07:30:00,Short,4042.18,4057.56,0.09,4063.25,Opposite Signal,-138.42,16519.85
4221,2025-10-13 07:30:00,2025-10-13 08:45:00,Long,4057.56,4063.59,0.16,4045.29,Opposite Signal,96.48,16616.33
4222,2025-10-13 08:45:00,2025-10-13 10:15:00,Short,4063.59,4074.53,0.14,4077.01,Opposite Signal,-153.16,16463.17
4223,2025-10-13 10:15:00,2025-10-13 14:45:00,Long,4074.53,4073.93,0.16,4062.63,Opposite Signal,-9.6,16453.57
4224,2025-10-13 14:45:00,2025-10-13 15:15:00,Short,4073.93,4083.05,0.21,4083.05,Stop Loss,-191.45,16262.12
4225,2025-10-13 15:15:00,2025-10-13 17:45:00,Long (Partial 50%),4083.9,4102.84,0.1,4083.9,Partial TP 1:2,189.45,16451.57
4225,2025-10-13 15:15:00,2025-10-13 19:30:00,Long,4083.9,4108.01,0.1,4108.01,Stop Loss,241.09,16692.66
4226,2025-10-13 19:30:00,2025-10-13 22:45:00,Short,4105.88,4108.59,0.17,4117.42,Opposite Signal,-46.07,16646.59
4227,2025-10-13 22:45:00,2025-10-14 02:30:00,Long (Partial 50%),4108.59,4130.43,0.09,4108.59,Partial TP 1:2,196.55,16843.14
4227,2025-10-13 22:45:00,2025-10-14 03:00:00,Long,4108.59,4121.04,0.09,4121.04,Stop Loss,112.08,16955.22
4228,2025-10-14 04:45:00,2025-10-14 05:30:00,Short,4137.06,4149.94,0.15,4149.94,Stop Loss,-193.17,16762.05
4229,2025-10-14 05:30:00,2025-10-14 08:00:00,Long (Partial 50%),4147.37,4171.64,0.08,4147.37,Partial TP 1:2,194.17,16956.22
4229,2025-10-14 05:30:00,2025-10-14 08:30:00,Long,4147.37,4171.26,0.08,4171.26,Stop Loss,191.13,17147.35
4230,2025-10-14 08:30:00,2025-10-14 10:15:00,Short,4119.63,4123.85,0.1,4139.42,Opposite Signal,-42.2,17105.15
4231,2025-10-14 10:15:00,2025-10-14 12:45:00,Long,4123.85,4127.09,0.07,4098.37,Opposite Signal,22.68,17127.83
4232,2025-10-14 12:45:00,2025-10-14 16:30:00,Short,4127.09,4127.02,0.1,4146.44,Opposite Signal,0.7,17128.53
4233,2025-10-14 16:30:00,2025-10-14 22:30:00,Long,4127.02,4139.3,0.1,4107.97,Opposite Signal,122.8,17251.33
4234,2025-10-14 22:30:00,2025-10-15 01:00:00,Short,4139.3,4152.07,0.15,4152.07,Stop Loss,-191.5,17059.83
4235,2025-10-15 01:00:00,2025-10-15 01:15:00,Long,4160.45,4152.04,0.16,4148.24,Opposite Signal,-134.56,16925.27
4236,2025-10-15 01:15:00,2025-10-15 02:15:00,Short,4152.04,4163.1,0.15,4164.95,Opposite Signal,-165.9,16759.37
4237,2025-10-15 02:15:00,2025-10-15 03:15:00,Long,4163.1,4155.79,0.17,4151.5,Opposite Signal,-124.27,16635.1
4238,2025-10-15 03:15:00,2025-10-15 03:30:00,Short,4155.79,4167.13,0.15,4168.76,Opposite Signal,-170.1,16465.0
4239,2025-10-15 03:30:00,2025-10-15 05:30:00,Long,4167.13,4171.52,0.14,4153.43,Opposite Signal,61.46,16526.46
4240,2025-10-15 05:30:00,2025-10-15 06:00:00,Short,4171.52,4183.93,0.13,4186.3,Opposite Signal,-161.33,16365.13
4241,2025-10-15 06:00:00,2025-10-15 07:15:00,Long,4183.93,4176.32,0.13,4169.43,Opposite Signal,-98.93,16266.2
4242,2025-10-15 07:15:00,2025-10-15 08:00:00,Short,4176.32,4189.52,0.15,4189.52,Stop Loss,-198.01,16068.19
4243,2025-10-15 08:00:00,2025-10-15 11:00:00,Long (Partial 50%),4189.67,4215.38,0.07,4189.67,Partial TP 1:2,179.98,16248.17
4243,2025-10-15 08:00:00,2025-10-15 11:45:00,Long,4189.67,4207.94,0.07,4207.94,Stop Loss,127.89,16376.06
4244,2025-10-15 12:00:00,2025-10-15 12:15:00,Short (Partial 50%),4202.74,4179.13,0.08,4202.74,Partial TP 1:2,188.89,16564.95
4244,2025-10-15 12:00:00,2025-10-15 13:15:00,Short,4202.74,4202.74,0.08,4202.74,Stop Loss,0.0,16564.95
4245,2025-10-15 13:15:00,2025-10-15 15:00:00,Long,4201.46,4192.68,0.12,4186.07,Opposite Signal,-105.36,16459.59
4246,2025-10-15 15:00:00,2025-10-15 15:45:00,Short,4192.68,4190.55,0.14,4206.41,Opposite Signal,29.82,16489.41
4247,2025-10-15 15:45:00,2025-10-15 18:30:00,Long,4190.55,4194.82,0.13,4175.37,Opposite Signal,55.51,16544.92
4248,2025-10-15 18:30:00,2025-10-15 20:45:00,Short,4194.82,4197.95,0.11,4211.97,Opposite Signal,-34.43,16510.49
4249,2025-10-15 20:45:00,2025-10-16 02:30:00,Long,4197.95,4207.86,0.12,4182.36,Opposite Signal,118.92,16629.41
4250,2025-10-16 02:30:00,2025-10-16 03:00:00,Short,4207.86,4215.03,0.19,4218.2,Opposite Signal,-136.23,16493.18
4251,2025-10-16 03:00:00,2025-10-16 03:45:00,Long,4215.03,4210.47,0.18,4204.42,Opposite Signal,-82.08,16411.1
4252,2025-10-16 03:45:00,2025-10-16 04:00:00,Short,4210.47,4222.27,0.16,4222.27,Stop Loss,-188.81,16222.29
4253,2025-10-16 04:00:00,2025-10-16 08:00:00,Long,4220.4,4226.87,0.15,4207.86,Opposite Signal,97.05,16319.34
4254,2025-10-16 08:00:00,2025-10-16 08:30:00,Short (Partial 50%),4226.87,4205.38,0.09,4226.87,Partial TP 1:2,193.43,16512.77
4254,2025-10-16 08:00:00,2025-10-16 09:00:00,Short,4226.87,4213.2,0.09,4213.2,Stop Loss,123.03,16635.8
4255,2025-10-16 09:00:00,2025-10-16 12:15:00,Long,4221.7,4223.19,0.13,4207.29,Opposite Signal,19.37,16655.17
4256,2025-10-16 12:15:00,2025-10-16 12:45:00,Short,4223.19,4233.86,0.18,4233.86,Stop Loss,-192.09,16463.09
4257,2025-10-16 12:45:00,2025-10-16 15:15:00,Long,4239.67,4238.48,0.17,4228.01,Opposite Signal,-20.23,16442.86
4258,2025-10-16 15:15:00,2025-10-16 15:30:00,Short,4238.48,4248.85,0.19,4248.85,Stop Loss,-197.02,16245.84
4259,2025-10-16 16:00:00,2025-10-16 18:15:00,Long (Partial 50%),4245.68,4272.02,0.07,4245.68,Partial TP 1:2,184.39,16430.23
4259,2025-10-16 16:00:00,2025-10-16 19:30:00,Long,4245.68,4279.74,0.07,4279.74,Stop Loss,238.39,16668.62
4260,2025-10-16 19:30:00,2025-10-16 20:00:00,Short,4271.31,4289.07,0.11,4289.07,Stop Loss,-195.36,16473.26
4261,2025-10-16 20:00:00,2025-10-16 23:45:00,Long (Partial 50%),4289.24,4325.46,0.05,4289.24,Partial TP 1:2,181.08,16654.34
4261,2025-10-16 20:00:00,2025-10-17 01:30:00,Long,4289.24,4353.13,0.06,4353.13,Stop Loss,383.37,17037.71
4262,2025-10-17 01:45:00,2025-10-17 02:15:00,Short,4346.55,4363.41,0.08,4370.51,Opposite Signal,-134.88,16902.83
4263,2025-10-17 02:15:00,2025-10-17 04:00:00,Long,4363.41,4347.13,0.08,4339.46,Opposite Signal,-130.24,16772.59
4264,2025-10-17 04:00:00,2025-10-17 04:30:00,Short (Partial 50%),4347.13,4300.07,0.04,4347.13,Partial TP 1:2,188.23,16960.82
4264,2025-10-17 04:00:00,2025-10-17 04:45:00,Short,4347.13,4314.21,0.04,4336.47,Opposite Signal,131.68,17092.5
4265,2025-10-17 04:45:00,2025-10-17 08:15:00,Long,4314.21,4359.21,0.05,4280.82,Opposite Signal,225.0,17317.5
4266,2025-10-17 08:15:00,2025-10-17 10:15:00,Short (Partial 50%),4359.21,4315.76,0.04,4359.21,Partial TP 1:2,173.81,17491.3
4266,2025-10-17 08:15:00,2025-10-17 15:00:00,Short,4359.21,4302.73,0.04,4302.73,Stop Loss,225.92,17717.22
4267,2025-10-17 15:00:00,2025-10-17 15:15:00,Long,4314.84,4292.87,0.07,4288.67,Opposite Signal,-153.79,17563.43
4268,2025-10-17 15:15:00,2025-10-17 15:30:00,Short,4292.87,4314.31,0.07,4319.95,Opposite Signal,-150.08,17413.35
4269,2025-10-17 15:30:00,2025-10-17 16:30:00,Long,4314.31,4286.28,0.07,4286.28,Stop Loss,-196.22,17217.13
4270,2025-10-17 16:30:00,2025-10-17 17:00:00,Short (Partial 50%),4286.41,4222.83,0.03,4286.41,Partial TP 1:2,190.75,17407.87
4270,2025-10-17 16:30:00,2025-10-17 17:30:00,Short,4286.41,4266.0,0.03,4266.0,Stop Loss,61.23,17469.11
4271,2025-10-17 17:30:00,2025-10-17 19:15:00,Long,4258.79,4219.24,0.05,4219.24,Stop Loss,-197.73,17271.38
4272,2025-10-17 19:15:00,2025-10-17 20:30:00,Short,4216.08,4222.19,0.05,4250.07,Opposite Signal,-30.55,17240.83
4273,2025-10-17 20:30:00,2025-10-17 22:00:00,Long,4222.19,4223.63,0.05,4188.67,Opposite Signal,7.2,17248.03
4274,2025-10-17 22:00:00,2025-10-17 23:15:00,Short,4223.63,4245.37,0.07,4250.93,Opposite Signal,-152.18,17095.85
4275,2025-10-17 23:15:00,2025-10-20 02:45:00,Long,4245.37,4237.85,0.08,4220.98,Opposite Signal,-60.16,17035.69
4276,2025-10-20 02:45:00,2025-10-20 03:30:00,Short,4237.85,4240.51,0.1,4257.45,Opposite Signal,-26.6,17009.09
4277,2025-10-20 03:30:00,2025-10-20 08:30:00,Long,4240.51,4254.95,0.08,4218.07,Opposite Signal,115.52,17124.61
4278,2025-10-20 08:30:00,2025-10-20 09:30:00,Short (Partial 50%),4254.95,4225.07,0.06,4254.95,Partial TP 1:2,179.29,17303.9
4278,2025-10-20 08:30:00,2025-10-20 10:00:00,Short,4254.95,4247.89,0.07,4247.89,Stop Loss,49.41,17353.31
4279,2025-10-20 10:00:00,2025-10-20 15:15:00,Long (Partial 50%),4254.8,4294.09,0.05,4254.8,Partial TP 1:2,196.44,17549.75
4279,2025-10-20 10:00:00,2025-10-20 16:30:00,Long,4254.8,4310.83,0.05,4310.83,Stop Loss,280.14,17829.89
4280,2025-10-20 16:30:00,2025-10-20 17:00:00,Short,4308.2,4316.2,0.1,4327.1,Opposite Signal,-80.0,17749.89
4281,2025-10-20 17:00:00,2025-10-20 21:30:00,Long (Partial 50%),4316.2,4358.82,0.04,4316.2,Partial TP 1:2,170.49,17920.38
4281,2025-10-20 17:00:00,2025-10-20 23:00:00,Long,4316.2,4369.57,0.04,4369.57,Stop Loss,213.46,18133.84
4282,2025-10-20 23:00:00,2025-10-21 01:15:00,Short,4359.85,4374.6,0.13,4374.6,Stop Loss,-191.72,17942.12
4283,2025-10-21 01:15:00,2025-10-21 01:30:00,Long,4371.73,4359.2,0.11,4354.97,Opposite Signal,-137.83,17804.29
4284,2025-10-21 01:30:00,2025-10-21 03:30:00,Short,4359.2,4369.92,0.11,4376.45,Opposite Signal,-117.92,17686.37
4285,2025-10-21 03:30:00,2025-10-21 04:00:00,Long,4369.92,4358.71,0.14,4355.75,Opposite Signal,-156.94,17529.43
4286,2025-10-21 04:00:00,2025-10-21 08:15:00,Short (Partial 50%),4358.71,4329.92,0.06,4358.71,Partial TP 1:2,172.75,17702.18
4286,2025-10-21 04:00:00,2025-10-21 09:30:00,Short,4358.71,4331.98,0.07,4331.98,Stop Loss,187.13,17889.31
4287,2025-10-21 09:30:00,2025-10-21 10:00:00,Long,4337.61,4331.26,0.13,4322.87,Opposite Signal,-82.55,17806.76
4288,2025-10-21 10:00:00,2025-10-21 10:30:00,Short (Partial 50%),4331.26,4301.02,0.06,4331.26,Partial TP 1:2,181.47,17988.23
4288,2025-10-21 10:00:00,2025-10-21 11:15:00,Short,4331.26,4261.09,0.07,4261.09,Stop Loss,491.2,18479.43
4289,2025-10-21 11:15:00,2025-10-21 12:00:00,Long,4267.34,4258.12,0.07,4240.87,Opposite Signal,-64.54,18414.89
4290,2025-10-21 12:00:00,2025-10-21 14:00:00,Short,4258.12,4267.86,0.08,4282.98,Opposite Signal,-77.92,18336.97
4291,2025-10-21 14:00:00,2025-10-21 14:45:00,Long,4267.86,4246.71,0.09,4246.71,Stop Loss,-190.35,18146.61
4292,2025-10-21 14:45:00,2025-10-21 15:45:00,Short (Partial 50%),4253.54,4211.06,0.04,4253.54,Partial TP 1:2,169.9,18316.52
4292,2025-10-21 14:45:00,2025-10-21 16:30:00,Short,4253.54,4214.14,0.04,4214.14,Stop Loss,157.61,18474.13
4293,2025-10-21 17:45:00,2025-10-21 19:30:00,Long,4139.02,4113.79,0.04,4095.38,Opposite Signal,-100.92,18373.21
4294,2025-10-21 19:30:00,2025-10-21 23:15:00,Short,4113.79,4122.75,0.05,4150.31,Opposite Signal,-44.8,18328.41
4295,2025-10-21 23:15:00,2025-10-22 02:45:00,Long,4122.75,4100.36,0.08,4100.36,Stop Loss,-179.13,18149.28
4296,2025-10-22 02:45:00,2025-10-22 03:00:00,Short (Partial 50%),4092.6,4050.78,0.04,4092.6,Partial TP 1:2,167.3,18316.58
4296,2025-10-22 02:45:00,2025-10-22 03:30:00,Short,4092.6,4070.71,0.04,4070.71,Stop Loss,87.56,18404.14
4297,2025-10-22 03:30:00,2025-10-22 04:45:00,Long,4074.9,4086.58,0.05,4038.64,Opposite Signal,58.4,18462.54
4298,2025-10-22 04:45:00,2025-10-22 05:00:00,Short,4086.58,4114.83,0.05,4126.51,Opposite Signal,-141.25,18321.29
4299,2025-10-22 05:00:00,2025-10-22 10:00:00,Long,4114.83,4137.58,0.04,4074.27,Opposite Signal,91.0,18412.29
4300,2025-10-22 10:00:00,2025-10-22 11:00:00,Short (Partial 50%),4137.58,4091.46,0.04,4137.58,Partial TP 1:2,184.48,18596.77
4300,2025-10-22 10:00:00,2025-10-22 12:00:00,Short,4137.58,4092.28,0.04,4092.28,Stop Loss,181.19,18777.96
4301,2025-10-22 15:15:00,2025-10-22 17:30:00,Long,4044.76,4029.79,0.06,4011.82,Opposite Signal,-89.82,18688.14
4302,2025-10-22 17:30:00,2025-10-22 19:15:00,Short,4029.79,4043.69,0.05,4066.35,Opposite Signal,-69.5,18618.64
4303,2025-10-22 19:15:00,2025-10-22 22:30:00,Long (Partial 50%),4043.69,4106.44,0.03,4043.69,Partial TP 1:2,188.26,18806.9
4303,2025-10-22 19:15:00,2025-10-22 23:15:00,Long,4043.69,4091.04,0.03,4091.04,Stop Loss,142.05,18948.95
4304,2025-10-23 02:00:00,2025-10-23 06:00:00,Short,4090.4,4088.42,0.09,4110.99,Opposite Signal,17.82,18966.77
4305,2025-10-23 06:00:00,2025-10-23 09:00:00,Long (Partial 50%),4088.42,4122.51,0.05,4088.42,Partial TP 1:2,170.44,19137.21
4305,2025-10-23 06:00:00,2025-10-23 09:30:00,Long,4088.42,4114.14,0.06,4114.14,Stop Loss,154.34,19291.55
4306,2025-10-23 09:45:00,2025-10-23 11:00:00,Short,4113.59,4110.88,0.11,4131.18,Opposite Signal,29.81,19321.36
4307,2025-10-23 11:00:00,2025-10-23 13:15:00,Long,4110.88,4110.04,0.1,4091.35,Opposite Signal,-8.4,19312.96
4308,2025-10-23 13:15:00,2025-10-23 15:30:00,Short,4110.04,4127.14,0.11,4127.14,Stop Loss,-188.06,19124.9
4309,2025-10-23 15:30:00,2025-10-23 17:00:00,Long (Partial 50%),4118.94,4153.48,0.05,4118.94,Partial TP 1:2,172.7,19297.61
4309,2025-10-23 15:30:00,2025-10-23 19:15:00,Long,4118.94,4136.17,0.06,4136.17,Stop Loss,103.39,19401.0
4310,2025-10-23 19:30:00,2025-10-23 21:00:00,Short,4128.45,4140.69,0.11,4145.25,Opposite Signal,-134.64,19266.36
4311,2025-10-23 21:00:00,2025-10-23 22:15:00,Long,4140.69,4128.59,0.12,4125.18,Opposite Signal,-145.2,19121.16
4312,2025-10-23 22:15:00,2025-10-23 23:45:00,Short,4128.59,4125.19,0.15,4141.88,Opposite Signal,51.0,19172.16
4313,2025-10-23 23:45:00,2025-10-24 01:30:00,Long,4125.19,4111.63,0.14,4111.63,Stop Loss,-189.78,18982.37
4314,2025-10-24 01:30:00,2025-10-24 02:45:00,Short,4111.41,4121.17,0.13,4125.75,Opposite Signal,-126.88,18855.49
4315,2025-10-24 02:45:00,2025-10-24 04:30:00,Long,4121.17,4125.83,0.15,4108.03,Opposite Signal,69.9,18925.39
4316,2025-10-24 04:30:00,2025-10-24 06:45:00,Short,4125.83,4122.22,0.12,4141.39,Opposite Signal,43.32,18968.71
4317,2025-10-24 06:45:00,2025-10-24 07:15:00,Long,4122.22,4109.15,0.15,4109.15,Stop Loss,-196.05,18772.67
4318,2025-10-24 07:15:00,2025-10-24 09:30:00,Short,4106.98,4093.33,0.15,4120.28,Opposite Signal,204.75,18977.42
4319,2025-10-24 09:30:00,2025-10-24 10:45:00,Long,4093.33,4077.99,0.13,4077.99,Stop Loss,-199.42,18778.0
4320,2025-10-24 10:45:00,2025-10-24 12:00:00,Short,4074.14,4071.53,0.12,4089.54,Opposite Signal,31.32,18809.32
4321,2025-10-24 12:00:00,2025-10-24 12:45:00,Long,4071.53,4053.8,0.11,4053.8,Stop Loss,-195.01,18614.31
4322,2025-10-24 13:15:00,2025-10-24 15:30:00,Short,4059.15,4076.07,0.11,4076.07,Stop Loss,-186.11,18428.19
4323,2025-10-24 15:30:00,2025-10-24 16:15:00,Long (Partial 50%),4083.37,4117.67,0.05,4083.37,Partial TP 1:2,171.5,18599.69
4323,2025-10-24 15:30:00,2025-10-24 17:45:00,Long,4083.37,4116.78,0.06,4116.78,Stop Loss,200.47,18800.17
4324,2025-10-24 20:15:00,2025-10-24 23:30:00,Short,4121.4,4108.61,0.11,4138.79,Opposite Signal,140.69,18940.86
4325,2025-10-24 23:30:00,2025-10-27 01:00:00,Long,4108.61,4095.71,0.15,4095.71,Stop Loss,-193.46,18747.4
4326,2025-10-27 01:15:00,2025-10-27 03:45:00,Short,4091.13,4080.86,0.1,4110.73,Opposite Signal,102.7,18850.1
4327,2025-10-27 03:45:00,2025-10-27 05:00:00,Long,4080.86,4078.65,0.1,4062.3,Opposite Signal,-22.1,18828.0
4328,2025-10-27 05:00:00,2025-10-27 07:45:00,Short,4078.65,4068.83,0.1,4097.05,Opposite Signal,98.2,18926.2
4329,2025-10-27 07:45:00,2025-10-27 10:00:00,Long,4068.83,4071.57,0.12,4052.68,Opposite Signal,32.88,18959.08
4330,2025-10-27 10:00:00,2025-10-27 11:45:00,Short (Partial 50%),4071.57,4045.12,0.07,4071.57,Partial TP 1:2,185.14,19144.22
4330,2025-10-27 10:00:00,2025-10-27 12:30:00,Short,4071.57,4048.52,0.07,4048.52,Stop Loss,161.36,19305.58
4331,2025-10-27 15:00:00,2025-10-27 16:15:00,Long,4032.78,4032.98,0.1,4014.44,Opposite Signal,2.0,19307.58
4332,2025-10-27 16:15:00,2025-10-27 17:15:00,Short (Partial 50%),4032.98,3998.04,0.05,4032.98,Partial TP 1:2,174.71,19482.28
4332,2025-10-27 16:15:00,2025-10-27 19:00:00,Short,4032.98,3993.84,0.06,3993.84,Stop Loss,234.84,19717.12
4333,2025-10-27 19:45:00,2025-10-27 22:15:00,Long,3999.32,3989.07,0.1,3980.46,Opposite Signal,-102.5,19614.62
4334,2025-10-27 22:15:00,2025-10-27 23:15:00,Short,3989.07,3999.77,0.12,4004.91,Opposite Signal,-128.4,19486.22
4335,2025-10-27 23:15:00,2025-10-27 23:30:00,Long,3999.77,3987.6,0.14,3986.08,Opposite Signal,-170.38,19315.84
4336,2025-10-27 23:30:00,2025-10-28 01:15:00,Short,3987.6,3991.9,0.14,4001.79,Opposite Signal,-60.2,19255.64
4337,2025-10-28 01:15:00,2025-10-28 03:00:00,Long,3991.9,3985.98,0.13,3976.72,Opposite Signal,-76.96,19178.68
4338,2025-10-28 03:00:00,2025-10-28 03:30:00,Short,3985.98,4000.47,0.13,4000.47,Stop Loss,-188.41,18990.27
4339,2025-10-28 03:30:00,2025-10-28 05:00:00,Long,3999.56,4004.79,0.12,3982.97,Opposite Signal,62.76,19053.03
4340,2025-10-28 05:00:00,2025-10-28 07:15:00,Short (Partial 50%),4004.79,3972.99,0.06,4004.79,Partial TP 1:2,190.78,19243.81
4340,2025-10-28 05:00:00,2025-10-28 12:30:00,Short,4004.79,3910.16,0.06,3910.16,Stop Loss,567.78,19811.59
4341,2025-10-28 13:30:00,2025-10-28 15:45:00,Long,3915.56,3912.84,0.1,3896.52,Opposite Signal,-27.2,19784.39
4342,2025-10-28 15:45:00,2025-10-28 16:15:00,Short,3912.84,3929.65,0.11,3929.65,Stop Loss,-184.92,19599.46
4343,2025-10-28 16:15:00,2025-10-28 18:45:00,Long (Partial 50%),3932.36,3967.42,0.05,3932.36,Partial TP 1:2,175.3,19774.77
4343,2025-10-28 16:15:00,2025-10-28 19:30:00,Long,3932.36,3953.17,0.06,3953.17,Stop Loss,124.86,19899.63
4344,2025-10-28 21:15:00,2025-10-29 01:00:00,Short (Partial 50%),3954.63,3926.19,0.07,3954.63,Partial TP 1:2,199.06,20098.69
4344,2025-10-28 21:15:00,2025-10-29 02:00:00,Short,3954.63,3945.76,0.07,3945.76,Stop Loss,62.06,20160.75
4345,2025-10-29 02:00:00,2025-10-29 04:30:00,Long,3946.97,3967.24,0.1,3928.13,Opposite Signal,202.7,20363.45
4346,2025-10-29 04:30:00,2025-10-29 06:30:00,Short,3967.24,3969.35,0.11,3983.91,Opposite Signal,-23.21,20340.24
4347,2025-10-29 06:30:00,2025-10-29 07:00:00,Long,3969.35,3955.82,0.12,3953.32,Opposite Signal,-162.36,20177.88
4348,2025-10-29 07:00:00,2025-10-29 08:30:00,Short,3955.82,3964.52,0.12,3971.33,Opposite Signal,-104.4,20073.48
4349,2025-10-29 08:30:00,2025-10-29 10:00:00,Long (Partial 50%),3964.52,3994.69,0.06,3964.52,Partial TP 1:2,181.04,20254.52
4349,2025-10-29 08:30:00,2025-10-29 14:30:00,Long,3964.52,4017.59,0.07,4017.59,Stop Loss,371.52,20626.04
4350,2025-10-29 14:45:00,2025-10-29 15:00:00,Short,4016.07,4027.71,0.17,4027.71,Stop Loss,-197.94,20428.1
4351,2025-10-29 15:00:00,2025-10-29 16:00:00,Long,4028.37,4015.56,0.15,4015.56,Stop Loss,-192.15,20235.94
4352,2025-10-29 16:00:00,2025-10-29 17:00:00,Short,4012.53,4017.04,0.15,4025.52,Opposite Signal,-67.65,20168.29
4353,2025-10-29 17:00:00,2025-10-29 18:15:00,Long,4017.04,4002.56,0.13,4002.56,Stop Loss,-188.18,19980.11
4354,2025-10-29 18:15:00,2025-10-29 21:00:00,Short (Partial 50%),4006.64,3979.54,0.07,4006.64,Partial TP 1:2,189.71,20169.82
4354,2025-10-29 18:15:00,2025-10-29 21:45:00,Short,4006.64,3967.56,0.07,3967.56,Stop Loss,273.58,20443.4
4355,2025-10-29 21:45:00,2025-10-29 22:15:00,Long,3969.4,3953.3,0.08,3946.48,Opposite Signal,-128.8,20314.6
4356,2025-10-29 22:15:00,2025-10-29 23:15:00,Short,3953.3,3948.58,0.07,3978.96,Opposite Signal,33.04,20347.64
4357,2025-10-29 23:15:00,2025-10-29 23:45:00,Long,3948.58,3928.82,0.07,3921.38,Opposite Signal,-138.32,20209.32
4358,2025-10-29 23:45:00,2025-10-30 02:15:00,Short,3928.82,3949.79,0.07,3954.86,Opposite Signal,-146.79,20062.53
4359,2025-10-30 02:15:00,2025-10-30 03:30:00,Long,3949.79,3941.18,0.08,3927.34,Opposite Signal,-68.88,19993.65
4360,2025-10-30 03:30:00,2025-10-30 04:00:00,Short,3941.18,3961.88,0.09,3961.88,Stop Loss,-186.32,19807.33
4361,2025-10-30 04:30:00,2025-10-30 05:00:00,Long,3957.57,3936.32,0.09,3936.32,Stop Loss,-191.21,19616.13
4362,2025-10-30 05:00:00,2025-10-30 06:45:00,Short,3936.56,3937.94,0.09,3958.71,Opposite Signal,-12.42,19603.71
4363,2025-10-30 06:45:00,2025-10-30 07:30:00,Long (Partial 50%),3937.94,3974.92,0.05,3937.94,Partial TP 1:2,184.92,19788.63
4363,2025-10-30 06:45:00,2025-10-30 08:00:00,Long,3937.94,3962.3,0.05,3959.42,Opposite Signal,121.8,19910.43
4364,2025-10-30 08:00:00,2025-10-30 08:45:00,Short,3962.3,3963.91,0.09,3982.79,Opposite Signal,-14.49,19895.94
4365,2025-10-30 08:45:00,2025-10-30 10:30:00,Long,3963.91,3962.16,0.09,3942.82,Opposite Signal,-15.75,19880.19
4366,2025-10-30 10:30:00,2025-10-30 11:30:00,Short,3962.16,3973.98,0.1,3981.8,Opposite Signal,-118.2,19761.99
4367,2025-10-30 11:30:00,2025-10-30 12:15:00,Long (Partial 50%),3973.98,4007.91,0.05,3973.98,Partial TP 1:2,169.64,19931.63
4367,2025-10-30 11:30:00,2025-10-30 12:45:00,Long,3973.98,3993.68,0.06,3993.68,Stop Loss,118.22,20049.84
4368,2025-10-30 13:15:00,2025-10-30 15:00:00,Short,3986.87,3982.25,0.11,4005.02,Opposite Signal,50.82,20100.66
4369,2025-10-30 15:00:00,2025-10-30 15:15:00,Long,3982.25,3970.54,0.12,3965.88,Opposite Signal,-140.52,19960.14
4370,2025-10-30 15:15:00,2025-10-30 16:00:00,Short,3970.54,3975.54,0.11,3987.55,Opposite Signal,-55.0,19905.14
4371,2025-10-30 16:00:00,2025-10-30 17:00:00,Long (Partial 50%),3975.54,4013.56,0.05,3975.54,Partial TP 1:2,190.11,20095.25
4371,2025-10-30 16:00:00,2025-10-30 17:30:00,Long,3975.54,3993.32,0.05,3983.74,Opposite Signal,88.9,20184.15
4372,2025-10-30 17:30:00,2025-10-30 20:30:00,Short,3993.32,4010.45,0.09,4015.2,Opposite Signal,-154.17,20029.98
4373,2025-10-30 20:30:00,2025-10-31 01:45:00,Long (Partial 50%),4010.45,4041.59,0.06,4010.45,Partial TP 1:2,186.83,20216.81
4373,2025-10-30 20:30:00,2025-10-31 02:00:00,Long,4010.45,4027.5,0.06,4017.36,Opposite Signal,102.3,20319.11
4374,2025-10-31 02:00:00,2025-10-31 02:45:00,Short,4027.5,4042.71,0.13,4042.71,Stop Loss,-197.7,20121.41
4375,2025-10-31 07:45:00,2025-10-31 10:30:00,Long,4005.71,4011.96,0.13,3990.83,Opposite Signal,81.25,20202.66
4376,2025-10-31 10:30:00,2025-10-31 11:00:00,Short,4011.96,4026.32,0.13,4026.32,Stop Loss,-186.63,20016.03
4377,2025-10-31 11:00:00,2025-10-31 11:45:00,Long,4022.96,4008.53,0.13,4008.53,Stop Loss,-187.57,19828.45
4378,2025-10-31 11:45:00,2025-10-31 13:00:00,Short,4010.75,4015.91,0.13,4025.09,Opposite Signal,-67.08,19761.37
4379,2025-10-31 13:00:00,2025-10-31 14:00:00,Long,4015.91,4006.04,0.14,4002.21,Opposite Signal,-138.18,19623.19
4380,2025-10-31 14:00:00,2025-10-31 15:15:00,Short,4006.04,4018.17,0.16,4018.17,Stop Loss,-194.01,19429.18
4381,2025-10-31 15:15:00,2025-10-31 16:30:00,Long,4019.78,4015.89,0.17,4008.04,Opposite Signal,-66.13,19363.05
4382,2025-10-31 16:30:00,2025-10-31 19:00:00,Short (Partial 50%),4015.89,3985.39,0.06,4015.89,Partial TP 1:2,183.01,19546.05
4382,2025-10-31 16:30:00,2025-10-31 20:30:00,Short,4015.89,3992.68,0.07,3992.68,Stop Loss,162.45,19708.5
4383,2025-10-31 20:30:00,2025-11-03 01:00:00,Long,3998.51,3995.87,0.11,3980.4,Opposite Signal,-29.04,19679.46
4384,2025-11-03 01:00:00,2025-11-03 02:00:00,Short (Partial 50%),3995.87,3969.08,0.07,3995.87,Partial TP 1:2,187.5,19866.96
4384,2025-11-03 01:00:00,2025-11-03 03:00:00,Short,3995.87,3981.24,0.07,3981.24,Stop Loss,102.43,19969.39
4385,2025-11-03 03:00:00,2025-11-03 09:45:00,Long (Partial 50%),3986.34,4023.29,0.05,3986.34,Partial TP 1:2,184.73,20154.12
4385,2025-11-03 03:00:00,2025-11-03 10:15:00,Long,3986.34,4014.36,0.05,4014.36,Stop Loss,140.11,20294.24
4386,2025-11-03 10:15:00,2025-11-03 11:00:00,Short,4014.34,4025.94,0.17,4025.94,Stop Loss,-197.24,20097.0
4387,2025-11-03 13:15:00,2025-11-03 17:15:00,Long,4006.38,4011.54,0.16,3994.02,Opposite Signal,82.56,20179.56
4388,2025-11-03 17:15:00,2025-11-03 17:30:00,Short,4011.54,4021.36,0.14,4025.82,Opposite Signal,-137.48,20042.08
4389,2025-11-03 17:30:00,2025-11-03 17:45:00,Long,4021.36,4005.97,0.12,4005.97,Stop Loss,-184.68,19857.4
4390,2025-11-03 17:45:00,2025-11-03 22:00:00,Short,4008.66,4010.26,0.11,4025.47,Opposite Signal,-17.6,19839.8
4391,2025-11-03 22:00:00,2025-11-03 23:15:00,Long,4010.26,4001.91,0.17,3999.05,Opposite Signal,-141.95,19697.85
4392,2025-11-03 23:15:00,2025-11-04 01:00:00,Short (Partial 50%),4001.91,3982.49,0.1,4001.91,Partial TP 1:2,194.17,19892.02
4392,2025-11-03 23:15:00,2025-11-04 01:30:00,Short,4001.91,3997.51,0.1,4001.91,Opposite Signal,44.0,19936.02
4393,2025-11-04 01:30:00,2025-11-04 02:30:00,Long,3997.51,3986.33,0.17,3986.33,Stop Loss,-190.11,19745.91
4394,2025-11-04 02:30:00,2025-11-04 03:00:00,Short,3980.36,3989.9,0.16,3992.81,Opposite Signal,-152.64,19593.27
4395,2025-11-04 03:00:00,2025-11-04 04:00:00,Long,3989.9,3977.31,0.15,3977.31,Stop Loss,-188.81,19404.45
4396,2025-11-04 04:00:00,2025-11-04 04:45:00,Short,3977.32,3986.64,0.15,3990.53,Opposite Signal,-139.8,19264.65
4397,2025-11-04 04:45:00,2025-11-04 06:45:00,Long,3986.64,3985.5,0.15,3973.43,Opposite Signal,-17.1,19247.55
4398,2025-11-04 06:45:00,2025-11-04 08:45:00,Short,3985.5,3984.87,0.17,3996.94,Opposite Signal,10.71,19258.26
4399,2025-11-04 08:45:00,2025-11-04 11:00:00,Long,3984.87,3991.65,0.16,3972.99,Opposite Signal,108.48,19366.74
4400,2025-11-04 11:00:00,2025-11-04 15:00:00,Short,3991.65,3992.82,0.18,4002.55,Opposite Signal,-21.06,19345.68
4401,2025-11-04 15:00:00,2025-11-04 15:15:00,Long,3992.82,3983.77,0.19,3982.41,Opposite Signal,-171.95,19173.73
4402,2025-11-04 15:15:00,2025-11-04 16:15:00,Short (Partial 50%),3983.77,3961.16,0.08,3983.77,Partial TP 1:2,180.92,19354.65
4402,2025-11-04 15:15:00,2025-11-04 16:45:00,Short,3983.77,3943.47,0.09,3943.47,Stop Loss,362.71,19717.36
4403,2025-11-04 16:45:00,2025-11-04 19:15:00,Long,3956.95,3959.08,0.09,3936.05,Opposite Signal,19.17,19736.53
4404,2025-11-04 19:15:00,2025-11-05 02:00:00,Short,3959.08,3940.06,0.11,3976.05,Opposite Signal,209.22,19945.75
4405,2025-11-05 02:00:00,2025-11-05 02:30:00,Long,3940.06,3931.85,0.18,3929.47,Opposite Signal,-147.78,19797.97
4406,2025-11-05 02:30:00,2025-11-05 02:45:00,Short,3931.85,3939.94,0.17,3943.0,Opposite Signal,-137.53,19660.44
4407,2025-11-05 02:45:00,2025-11-05 03:45:00,Long,3939.94,3937.31,0.17,3928.4,Opposite Signal,-44.71,19615.73
4408,2025-11-05 03:45:00,2025-11-05 04:45:00,Short,3937.31,3949.25,0.16,3949.25,Stop Loss,-191.06,19424.67
4409,2025-11-05 04:45:00,2025-11-05 06:45:00,Long (Partial 50%),3948.52,3972.42,0.08,3948.52,Partial TP 1:2,191.24,19615.91
4409,2025-11-05 04:45:00,2025-11-05 07:45:00,Long,3948.52,3968.44,0.08,3968.44,Stop Loss,159.39,19775.3
4410,2025-11-05 07:45:00,2025-11-05 09:45:00,Short,3965.12,3972.48,0.18,3975.74,Opposite Signal,-132.48,19642.82
4411,2025-11-05 09:45:00,2025-11-05 11:15:00,Long,3972.48,3965.36,0.2,3962.56,Opposite Signal,-142.4,19500.42
4412,2025-11-05 11:15:00,2025-11-05 13:45:00,Short,3965.36,3966.93,0.18,3976.38,Opposite Signal,-28.26,19472.16
4413,2025-11-05 13:45:00,2025-11-05 16:30:00,Long,3966.93,3976.25,0.18,3956.15,Opposite Signal,167.76,19639.92
4414,2025-11-05 16:30:00,2025-11-05 17:15:00,Short,3976.25,3979.07,0.17,3987.62,Opposite Signal,-47.94,19591.98
4415,2025-11-05 17:15:00,2025-11-05 23:15:00,Long,3979.07,3981.74,0.15,3965.83,Opposite Signal,40.05,19632.03
4416,2025-11-05 23:15:00,2025-11-06 01:00:00,Short (Partial 50%),3981.74,3967.72,0.14,3981.74,Partial TP 1:2,196.28,19828.31
4416,2025-11-05 23:15:00,2025-11-06 01:45:00,Short,3981.74,3975.45,0.14,3975.45,Stop Loss,88.02,19916.33
4417,2025-11-06 02:00:00,2025-11-06 03:00:00,Long,3975.19,3967.59,0.26,3967.59,Stop Loss,-197.48,19718.85
4418,2025-11-06 03:00:00,2025-11-06 03:45:00,Short,3970.35,3976.67,0.22,3979.07,Opposite Signal,-139.04,19579.81
4419,2025-11-06 03:45:00,2025-11-06 08:30:00,Long,3976.67,3984.39,0.22,3967.63,Opposite Signal,169.84,19749.65
4420,2025-11-06 08:30:00,2025-11-06 08:45:00,Short,3984.39,3990.77,0.31,3990.77,Stop Loss,-197.76,19551.89
4421,2025-11-06 08:45:00,2025-11-06 09:15:00,Long (Partial 50%),3991.62,4006.18,0.13,3991.62,Partial TP 1:2,189.22,19741.1
4421,2025-11-06 08:45:00,2025-11-06 10:30:00,Long,3991.62,4010.04,0.14,4010.04,Stop Loss,257.87,19998.97
4422,2025-11-06 10:30:00,2025-11-06 13:30:00,Short,4009.94,4015.81,0.22,4018.7,Opposite Signal,-129.14,19869.83
4423,2025-11-06 13:30:00,2025-11-06 14:00:00,Long,4015.81,4012.55,0.27,4008.46,Opposite Signal,-88.02,19781.81
4424,2025-11-06 14:00:00,2025-11-06 15:00:00,Short,4012.55,4011.93,0.25,4020.33,Opposite Signal,15.5,19797.31
4425,2025-11-06 15:00:00,2025-11-06 16:15:00,Long,4011.93,4003.17,0.22,4003.17,Stop Loss,-192.81,19604.5
4426,2025-11-06 16:15:00,2025-11-06 16:30:00,Short,3991.76,4002.74,0.18,4002.74,Stop Loss,-197.59,19406.91
4427,2025-11-06 19:30:00,2025-11-06 21:45:00,Long,3981.76,3985.24,0.14,3967.78,Opposite Signal,48.72,19455.63
4428,2025-11-06 21:45:00,2025-11-07 01:15:00,Short,3985.24,3983.16,0.18,3996.14,Opposite Signal,37.44,19493.07
4429,2025-11-07 01:15:00,2025-11-07 03:00:00,Long (Partial 50%),3983.16,3999.38,0.12,3983.16,Partial TP 1:2,194.61,19687.68
4429,2025-11-07 01:15:00,2025-11-07 04:15:00,Long,3983.16,3995.85,0.12,3995.85,Stop Loss,152.26,19839.94
4430,2025-11-07 04:15:00,2025-11-07 06:15:00,Short,3995.58,3996.29,0.23,4004.05,Opposite Signal,-16.33,19823.61
4431,2025-11-07 06:15:00,2025-11-07 12:30:00,Long,3996.29,4004.14,0.21,3987.19,Opposite Signal,164.85,19988.46
4432,2025-11-07 12:30:00,2025-11-07 13:00:00,Short,4004.14,4011.6,0.26,4011.6,Stop Loss,-194.09,19794.37
4433,2025-11-07 14:00:00,2025-11-07 14:15:00,Long,4005.69,3998.43,0.22,3996.79,Opposite Signal,-159.72,19634.65
4434,2025-11-07 14:15:00,2025-11-07 16:00:00,Short,3998.43,4003.05,0.21,4007.63,Opposite Signal,-97.02,19537.63
4435,2025-11-07 16:00:00,2025-11-07 16:30:00,Long,4003.05,3993.01,0.19,3993.01,Stop Loss,-190.79,19346.84
4436,2025-11-07 16:30:00,2025-11-07 18:00:00,Short,3990.52,3999.33,0.17,4002.04,Opposite Signal,-149.77,19197.07
4437,2025-11-07 18:00:00,2025-11-07 18:30:00,Long (Partial 50%),3999.33,4024.22,0.08,3999.33,Partial TP 1:2,199.11,19396.18
4437,2025-11-07 18:00:00,2025-11-07 18:45:00,Long,3999.33,4007.7,0.08,3999.33,Opposite Signal,66.96,19463.14
4438,2025-11-07 18:45:00,2025-11-10 01:00:00,Short,4007.7,4010.69,0.12,4023.44,Opposite Signal,-35.88,19427.26
4439,2025-11-10 01:00:00,2025-11-10 03:15:00,Long (Partial 50%),4010.69,4030.27,0.1,4010.69,Partial TP 1:2,195.79,19623.05
4439,2025-11-10 01:00:00,2025-11-10 03:45:00,Long,4010.69,4042.53,0.1,4042.53,Stop Loss,318.43,19941.48
4440,2025-11-10 04:15:00,2025-11-10 05:15:00,Short,4040.95,4050.62,0.15,4053.97,Opposite Signal,-145.05,19796.43
4441,2025-11-10 05:15:00,2025-11-10 08:30:00,Long (Partial 50%),4050.62,4073.61,0.08,4050.62,Partial TP 1:2,183.94,19980.37
4441,2025-11-10 05:15:00,2025-11-10 11:00:00,Long,4050.62,4076.13,0.09,4076.13,Stop Loss,229.62,20209.99
4442,2025-11-10 11:00:00,2025-11-10 11:30:00,Short,4074.92,4084.51,0.2,4084.51,Stop Loss,-191.73,20018.27
4443,2025-11-10 13:30:00,2025-11-10 15:00:00,Long (Partial 50%),4082.66,4100.32,0.11,4082.66,Partial TP 1:2,194.23,20212.5
4443,2025-11-10 13:30:00,2025-11-10 15:30:00,Long,4082.66,4096.0,0.11,4096.0,Stop Loss,146.71,20359.21
4444,2025-11-10 15:45:00,2025-11-10 17:15:00,Short,4091.62,4089.22,0.2,4101.18,Opposite Signal,48.0,20407.21
4445,2025-11-10 17:15:00,2025-11-10 17:45:00,Long,4089.22,4077.92,0.17,4077.92,Stop Loss,-192.17,20215.05
4446,2025-11-11 07:00:00,2025-11-11 08:15:00,Short,4140.73,4137.69,0.24,4148.88,Opposite Signal,72.96,20288.01
4447,2025-11-11 08:15:00,2025-11-11 08:30:00,Long,4137.69,4129.25,0.21,4128.17,Opposite Signal,-177.24,20110.77
4448,2025-11-11 08:30:00,2025-11-11 10:00:00,Short,4129.25,4136.87,0.2,4139.19,Opposite Signal,-152.4,19958.37
4449,2025-11-11 10:00:00,2025-11-11 14:45:00,Long,4136.87,4134.4,0.2,4127.19,Opposite Signal,-49.4,19908.97
4450,2025-11-11 14:45:00,2025-11-11 15:00:00,Short,4134.4,4140.33,0.25,4142.29,Opposite Signal,-148.25,19760.72
4451,2025-11-11 15:00:00,2025-11-11 16:15:00,Long,4140.33,4132.19,0.24,4132.19,Stop Loss,-195.26,19565.45
4452,2025-11-11 16:15:00,2025-11-11 17:15:00,Short (Partial 50%),4130.32,4111.73,0.1,4130.32,Partial TP 1:2,185.87,19751.33
4452,2025-11-11 16:15:00,2025-11-11 18:00:00,Short,4130.32,4113.42,0.1,4115.87,Opposite Signal,169.0,19920.33
4453,2025-11-11 18:00:00,2025-11-12 01:30:00,Long (Partial 50%),4113.42,4140.56,0.07,4113.42,Partial TP 1:2,190.01,20110.34
4453,2025-11-11 18:00:00,2025-11-12 02:45:00,Long,4113.42,4138.73,0.07,4138.73,Stop Loss,177.2,20287.54
4454,2025-11-12 02:45:00,2025-11-12 05:45:00,Short (Partial 50%),4133.03,4116.25,0.11,4133.03,Partial TP 1:2,184.55,20472.08
4454,2025-11-12 02:45:00,2025-11-12 08:15:00,Short,4133.03,4111.03,0.12,4111.03,Stop Loss,263.96,20736.04
4455,2025-11-12 08:15:00,2025-11-12 09:30:00,Long,4115.05,4114.45,0.19,4104.91,Opposite Signal,-11.4,20724.64
4456,2025-11-12 09:30:00,2025-11-12 10:15:00,Short,4114.45,4125.02,0.18,4125.02,Stop Loss,-190.27,20534.37
4457,2025-11-12 10:15:00,2025-11-12 12:15:00,Long,4128.09,4120.65,0.17,4116.75,Opposite Signal,-126.48,20407.89
4458,2025-11-12 12:15:00,2025-11-12 12:45:00,Short,4120.65,4127.76,0.19,4130.82,Opposite Signal,-135.09,20272.8
4459,2025-11-12 12:45:00,2025-11-12 13:15:00,Long,4127.76,4124.25,0.19,4117.44,Opposite Signal,-66.69,20206.11
4460,2025-11-12 13:15:00,2025-11-12 14:15:00,Short,4124.25,4134.44,0.19,4134.44,Stop Loss,-193.68,20012.43
4461,2025-11-12 14:15:00,2025-11-12 15:00:00,Long,4136.35,4126.55,0.2,4126.55,Stop Loss,-195.92,19816.51
4462,2025-11-12 15:00:00,2025-11-12 16:00:00,Short,4125.71,4135.83,0.19,4135.83,Stop Loss,-192.23,19624.28
4463,2025-11-12 16:00:00,2025-11-12 17:00:00,Long (Partial 50%),4135.03,4156.57,0.09,4135.03,Partial TP 1:2,193.83,19818.11
4463,2025-11-12 16:00:00,2025-11-12 20:00:00,Long,4135.03,4192.94,0.09,4192.94,Stop Loss,521.22,20339.32
4464,2025-11-12 21:00:00,2025-11-13 02:30:00,Short,4195.69,4202.05,0.14,4209.83,Opposite Signal,-89.04,20250.28
4465,2025-11-13 02:30:00,2025-11-13 03:00:00,Long,4202.05,4190.5,0.17,4190.5,Stop Loss,-196.41,20053.88
4466,2025-11-13 03:00:00,2025-11-13 05:00:00,Short,4191.01,4199.42,0.14,4204.61,Opposite Signal,-117.74,19936.14
4467,2025-11-13 05:00:00,2025-11-13 06:30:00,Long,4199.42,4207.87,0.13,4184.56,Opposite Signal,109.85,20045.99
4468,2025-11-13 06:30:00,2025-11-13 07:00:00,Short,4207.87,4217.55,0.14,4221.78,Opposite Signal,-135.52,19910.47
4469,2025-11-13 07:00:00,2025-11-13 08:00:00,Long,4217.55,4205.97,0.14,4204.09,Opposite Signal,-162.12,19748.35
4470,2025-11-13 08:00:00,2025-11-13 09:15:00,Short,4205.97,4216.31,0.15,4218.5,Opposite Signal,-155.1,19593.25
4471,2025-11-13 09:15:00,2025-11-13 10:30:00,Long (Partial 50%),4216.31,4238.82,0.08,4216.31,Partial TP 1:2,180.08,19773.32
4471,2025-11-13 09:15:00,2025-11-13 11:15:00,Long,4216.31,4227.08,0.09,4225.46,Opposite Signal,96.93,19870.25
4472,2025-11-13 11:15:00,2025-11-13 12:00:00,Short,4227.08,4237.58,0.16,4239.13,Opposite Signal,-168.0,19702.25
4473,2025-11-13 12:00:00,2025-11-13 12:45:00,Long,4237.58,4225.78,0.16,4225.78,Stop Loss,-188.76,19513.49
4474,2025-11-13 12:45:00,2025-11-13 13:30:00,Short,4225.55,4231.95,0.16,4237.99,Opposite Signal,-102.4,19411.09
4475,2025-11-13 13:30:00,2025-11-13 15:00:00,Long,4231.95,4230.37,0.15,4218.91,Opposite Signal,-23.7,19387.39
4476,2025-11-13 15:00:00,2025-11-13 16:30:00,Short (Partial 50%),4230.37,4204.02,0.07,4230.37,Partial TP 1:2,184.43,19571.82
4476,2025-11-13 15:00:00,2025-11-13 17:00:00,Short,4230.37,4201.68,0.07,4208.99,Opposite Signal,200.83,19772.65
4477,2025-11-13 17:00:00,2025-11-13 19:00:00,Long,4201.68,4194.99,0.09,4181.25,Opposite Signal,-60.21,19712.44
4478,2025-11-13 19:00:00,2025-11-13 20:30:00,Short (Partial 50%),4194.99,4157.22,0.05,4194.99,Partial TP 1:2,188.86,19901.31
4478,2025-11-13 19:00:00,2025-11-13 21:30:00,Short,4194.99,4168.27,0.05,4168.27,Stop Loss,133.6,20034.91
4479,2025-11-13 21:30:00,2025-11-14 03:15:00,Long,4169.73,4174.61,0.09,4149.39,Opposite Signal,43.92,20078.83
4480,2025-11-14 03:15:00,2025-11-14 03:45:00,Short,4174.61,4188.27,0.14,4188.27,Stop Loss,-191.2,19887.63
4481,2025-11-14 03:45:00,2025-11-14 06:00:00,Long,4189.95,4199.9,0.13,4175.43,Opposite Signal,129.35,20016.98
4482,2025-11-14 06:00:00,2025-11-14 08:15:00,Short (Partial 50%),4199.9,4176.78,0.08,4199.9,Partial TP 1:2,184.96,20201.94
4482,2025-11-14 06:00:00,2025-11-14 09:30:00,Short,4199.9,4172.67,0.09,4172.67,Stop Loss,245.03,20446.97
4483,2025-11-14 09:30:00,2025-11-14 11:15:00,Long,4173.82,4170.09,0.13,4159.44,Opposite Signal,-48.49,20398.48
4484,2025-11-14 11:15:00,2025-11-14 13:45:00,Short (Partial 50%),4170.09,4139.5,0.06,4170.09,Partial TP 1:2,183.52,20582.0
4484,2025-11-14 11:15:00,2025-11-14 16:30:00,Short,4170.09,4067.04,0.07,4067.04,Stop Loss,721.38,21303.37
4485,2025-11-14 16:30:00,2025-11-14 21:30:00,Long,4068.01,4090.19,0.07,4039.73,Opposite Signal,155.26,21458.63
4486,2025-11-14 21:30:00,2025-11-17 01:00:00,Short,4090.19,4098.92,0.11,4107.85,Opposite Signal,-96.03,21362.6
4487,2025-11-17 01:00:00,2025-11-17 02:00:00,Long,4098.92,4084.98,0.11,4081.01,Opposite Signal,-153.34,21209.26
4488,2025-11-17 02:00:00,2025-11-17 03:15:00,Short,4084.98,4095.88,0.11,4102.18,Opposite Signal,-119.9,21089.36
4489,2025-11-17 03:15:00,2025-11-17 04:45:00,Long,4095.88,4081.7,0.11,4079.09,Opposite Signal,-155.98,20933.38
4490,2025-11-17 04:45:00,2025-11-17 07:30:00,Short (Partial 50%),4081.7,4052.28,0.06,4081.7,Partial TP 1:2,176.54,21109.92
4490,2025-11-17 04:45:00,2025-11-17 08:30:00,Short,4081.7,4067.03,0.07,4067.03,Stop Loss,102.66,21212.59
4491,2025-11-17 08:30:00,2025-11-17 10:00:00,Long (Partial 50%),4066.78,4093.81,0.07,4066.78,Partial TP 1:2,189.2,21401.78
4491,2025-11-17 08:30:00,2025-11-17 10:15:00,Long,4066.78,4081.05,0.07,4072.62,Opposite Signal,99.89,21501.67
4492,2025-11-17 10:15:00,2025-11-17 11:30:00,Short,4081.05,4086.19,0.15,4093.69,Opposite Signal,-77.1,21424.57
4493,2025-11-17 11:30:00,2025-11-17 12:45:00,Long,4086.19,4074.1,0.16,4074.1,Stop Loss,-193.52,21231.05
4494,2025-11-17 12:45:00,2025-11-17 13:30:00,Short,4070.18,4082.66,0.16,4082.66,Stop Loss,-199.74,21031.31
4495,2025-11-17 13:30:00,2025-11-17 15:30:00,Long,4080.25,4069.43,0.13,4065.9,Opposite Signal,-140.66,20890.65
4496,2025-11-17 15:30:00,2025-11-17 16:45:00,Short,4069.43,4076.06,0.13,4084.15,Opposite Signal,-86.19,20804.46
4497,2025-11-17 16:45:00,2025-11-17 17:45:00,Long,4076.06,4064.43,0.12,4060.18,Opposite Signal,-139.56,20664.9
4498,2025-11-17 17:45:00,2025-11-17 19:00:00,Short,4064.43,4074.07,0.12,4080.85,Opposite Signal,-115.68,20549.22
4499,2025-11-17 19:00:00,2025-11-17 20:45:00,Long,4074.07,4062.68,0.13,4059.67,Opposite Signal,-148.07,20401.15
4500,2025-11-17 20:45:00,2025-11-17 21:30:00,Short (Partial 50%),4062.68,4038.15,0.08,4062.68,Partial TP 1:2,196.24,20597.39
4500,2025-11-17 20:45:00,2025-11-17 22:15:00,Short,4062.68,4023.44,0.08,4023.44,Stop Loss,313.9,20911.29
4501,2025-11-17 22:15:00,2025-11-18 01:30:00,Long,4026.99,4037.53,0.1,4008.23,Opposite Signal,105.4,21016.69
4502,2025-11-18 01:30:00,2025-11-18 03:00:00,Short,4037.53,4040.84,0.14,4051.72,Opposite Signal,-46.34,20970.35
4503,2025-11-18 03:00:00,2025-11-18 03:45:00,Long,4040.84,4026.02,0.13,4026.02,Stop Loss,-192.69,20777.66
4504,2025-11-18 03:45:00,2025-11-18 07:30:00,Short,4025.1,4023.77,0.13,4040.15,Opposite Signal,17.29,20794.95
4505,2025-11-18 07:30:00,2025-11-18 08:00:00,Long,4023.77,4012.67,0.14,4009.84,Opposite Signal,-155.4,20639.55
4506,2025-11-18 08:00:00,2025-11-18 09:30:00,Short,4012.67,4011.66,0.14,4026.44,Opposite Signal,14.14,20653.69
4507,2025-11-18 09:30:00,2025-11-18 10:30:00,Long (Partial 50%),4011.66,4039.75,0.07,4011.66,Partial TP 1:2,196.62,20850.31
4507,2025-11-18 09:30:00,2025-11-18 13:45:00,Long,4011.66,4040.38,0.07,4040.38,Stop Loss,201.07,21051.37
4508,2025-11-18 13:45:00,2025-11-18 15:00:00,Short,4039.56,4042.96,0.16,4051.54,Opposite Signal,-54.4,20996.97
4509,2025-11-18 15:00:00,2025-11-18 15:45:00,Long (Partial 50%),4042.96,4068.81,0.07,4042.96,Partial TP 1:2,180.92,21177.9
4509,2025-11-18 15:00:00,2025-11-18 16:45:00,Long,4042.96,4065.01,0.07,4065.01,Stop Loss,154.33,21332.23
4510,2025-11-18 17:00:00,2025-11-18 18:15:00,Short,4059.52,4064.75,0.11,4076.46,Opposite Signal,-57.53,21274.7
4511,2025-11-18 18:15:00,2025-11-18 22:15:00,Long,4064.75,4072.24,0.1,4046.52,Opposite Signal,74.9,21349.6
4512,2025-11-18 22:15:00,2025-11-19 01:30:00,Short,4072.24,4073.42,0.16,4084.63,Opposite Signal,-18.88,21330.72
4513,2025-11-19 01:30:00,2025-11-19 02:45:00,Long,4073.42,4069.34,0.22,4064.63,Opposite Signal,-89.76,21240.96
4514,2025-11-19 02:45:00,2025-11-19 04:30:00,Short,4069.34,4078.6,0.21,4078.6,Stop Loss,-194.48,21046.48
4515,2025-11-19 04:30:00,2025-11-19 05:45:00,Long,4078.39,4066.67,0.17,4066.67,Stop Loss,-199.32,20847.16
4516,2025-11-19 05:45:00,2025-11-19 06:30:00,Short,4066.98,4074.91,0.18,4077.88,Opposite Signal,-142.74,20704.42
4517,2025-11-19 06:30:00,2025-11-19 07:30:00,Long (Partial 50%),4074.91,4095.72,0.09,4074.91,Partial TP 1:2,187.28,20891.7
4517,2025-11-19 06:30:00,2025-11-19 08:15:00,Long,4074.91,4089.96,0.1,4089.96,Stop Loss,150.52,21042.23
4518,2025-11-19 09:00:00,2025-11-19 09:30:00,Short,4087.41,4094.83,0.19,4097.91,Opposite Signal,-140.98,20901.25
4519,2025-11-19 09:30:00,2025-11-19 09:45:00,Long,4094.83,4086.92,0.19,4084.37,Opposite Signal,-150.29,20750.96
4520,2025-11-19 09:45:00,2025-11-19 11:00:00,Short,4086.92,4089.99,0.18,4097.91,Opposite Signal,-55.26,20695.7
4521,2025-11-19 11:00:00,2025-11-19 11:45:00,Long (Partial 50%),4089.99,4112.73,0.08,4089.99,Partial TP 1:2,181.93,20877.62
4521,2025-11-19 11:00:00,2025-11-19 15:00:00,Long,4089.99,4110.59,0.09,4110.59,Stop Loss,185.36,21062.98
4522,2025-11-19 15:00:00,2025-11-19 15:30:00,Short,4103.17,4114.52,0.17,4114.52,Stop Loss,-192.91,20870.07
4523,2025-11-19 15:30:00,2025-11-19 16:15:00,Long,4114.48,4106.8,0.17,4102.82,Opposite Signal,-130.56,20739.51
4524,2025-11-19 16:15:00,2025-11-19 16:45:00,Short,4106.8,4119.72,0.15,4119.72,Stop Loss,-193.76,20545.75
4525,2025-11-19 16:45:00,2025-11-19 17:15:00,Long,4127.91,4116.3,0.12,4112.4,Opposite Signal,-139.32,20406.43
4526,2025-11-19 17:15:00,2025-11-19 18:15:00,Short (Partial 50%),4116.3,4083.54,0.06,4116.3,Partial TP 1:2,196.59,20603.02
4526,2025-11-19 17:15:00,2025-11-19 19:45:00,Short,4116.3,4079.04,0.06,4079.04,Stop Loss,223.56,20826.58
4527,2025-11-19 20:00:00,2025-11-19 21:15:00,Long,4083.95,4071.87,0.1,4065.34,Opposite Signal,-120.8,20705.78
4528,2025-11-19 21:15:00,2025-11-20 01:00:00,Short,4071.87,4089.52,0.11,4089.52,Stop Loss,-194.18,20511.6
4529,2025-11-20 01:00:00,2025-11-20 03:15:00,Long,4088.24,4094.35,0.14,4074.79,Opposite Signal,85.54,20597.14
4530,2025-11-20 03:15:00,2025-11-20 04:00:00,Short (Partial 50%),4094.35,4069.31,0.07,4094.35,Partial TP 1:2,175.25,20772.39
4530,2025-11-20 03:15:00,2025-11-20 04:45:00,Short,4094.35,4066.94,0.07,4066.94,Stop Loss,191.88,20964.27
4531,2025-11-20 04:45:00,2025-11-20 05:30:00,Long,4067.01,4065.94,0.11,4050.13,Opposite Signal,-11.77,20952.5
4532,2025-11-20 05:30:00,2025-11-20 06:00:00,Short,4065.94,4077.95,0.11,4083.04,Opposite Signal,-132.11,20820.39
4533,2025-11-20 06:00:00,2025-11-20 07:30:00,Long,4077.95,4067.15,0.12,4061.44,Opposite Signal,-129.6,20690.79
4534,2025-11-20 07:30:00,2025-11-20 09:00:00,Short,4067.15,4073.68,0.15,4080.38,Opposite Signal,-97.95,20592.84
4535,2025-11-20 09:00:00,2025-11-20 09:15:00,Long,4073.68,4062.87,0.13,4059.25,Opposite Signal,-140.53,20452.31
4536,2025-11-20 09:15:00,2025-11-20 10:45:00,Short,4062.87,4063.47,0.13,4077.87,Opposite Signal,-7.8,20444.51
4537,2025-11-20 10:45:00,2025-11-20 13:15:00,Long,4063.47,4056.58,0.11,4045.67,Opposite Signal,-75.79,20368.72
4538,2025-11-20 13:15:00,2025-11-20 13:30:00,Short,4056.58,4066.6,0.14,4070.43,Opposite Signal,-140.28,20228.44
4539,2025-11-20 13:30:00,2025-11-20 15:30:00,Long (Partial 50%),4066.6,4095.71,0.06,4066.6,Partial TP 1:2,174.64,20403.07
4539,2025-11-20 13:30:00,2025-11-20 16:00:00,Long,4066.6,4078.86,0.07,4068.09,Opposite Signal,85.82,20488.89
4540,2025-11-20 16:00:00,2025-11-20 16:45:00,Short,4078.86,4097.14,0.1,4097.14,Stop Loss,-182.78,20306.12
4541,2025-11-20 16:45:00,2025-11-20 17:45:00,Long,4093.44,4073.51,0.1,4073.51,Stop Loss,-199.33,20106.78
4542,2025-11-20 17:45:00,2025-11-20 19:45:00,Short,4070.39,4066.04,0.09,4092.15,Opposite Signal,39.15,20145.93
4543,2025-11-20 19:45:00,2025-11-21 02:15:00,Long,4066.04,4074.98,0.09,4044.87,Opposite Signal,80.46,20226.39
4544,2025-11-21 02:15:00,2025-11-21 04:00:00,Short,4074.98,4073.6,0.14,4088.46,Opposite Signal,19.32,20245.71
4545,2025-11-21 04:00:00,2025-11-21 04:45:00,Long,4073.6,4060.76,0.15,4060.76,Stop Loss,-192.66,20053.05
4546,2025-11-21 04:45:00,2025-11-21 07:45:00,Short,4057.19,4058.57,0.14,4071.21,Opposite Signal,-19.32,20033.73
4547,2025-11-21 07:45:00,2025-11-21 08:15:00,Long,4058.57,4044.69,0.14,4044.69,Stop Loss,-194.34,19839.39
4548,2025-11-21 08:15:00,2025-11-21 10:15:00,Short,4031.32,4047.54,0.12,4047.54,Stop Loss,-194.63,19644.76
4549,2025-11-21 10:15:00,2025-11-21 12:00:00,Long,4042.64,4038.91,0.12,4026.81,Opposite Signal,-44.76,19600.0
4550,2025-11-21 12:00:00,2025-11-21 14:00:00,Short,4038.91,4044.34,0.12,4055.54,Opposite Signal,-65.16,19534.84
4551,2025-11-21 14:00:00,2025-11-21 15:45:00,Long (Partial 50%),4044.34,4072.69,0.07,4044.34,Partial TP 1:2,198.42,19733.26
4551,2025-11-21 14:00:00,2025-11-21 16:15:00,Long,4044.34,4066.25,0.07,4066.25,Stop Loss,153.35,19886.61
4552,2025-11-21 16:15:00,2025-11-21 18:30:00,Short,4066.68,4079.37,0.13,4081.95,Opposite Signal,-164.97,19721.64
4553,2025-11-21 18:30:00,2025-11-21 19:00:00,Long,4079.37,4084.61,0.13,4064.05,Opposite Signal,68.12,19789.76
4554,2025-11-21 19:00:00,2025-11-21 21:15:00,Short,4084.61,4090.58,0.1,4102.98,Opposite Signal,-59.7,19730.06
4555,2025-11-21 21:15:00,2025-11-21 22:00:00,Long,4090.58,4081.18,0.15,4077.52,Opposite Signal,-141.0,19589.06
4556,2025-11-21 22:00:00,2025-11-21 22:30:00,Short (Partial 50%),4081.18,4056.72,0.08,4081.18,Partial TP 1:2,195.65,19784.71
4556,2025-11-21 22:00:00,2025-11-24 01:00:00,Short,4081.18,4069.22,0.08,4069.22,Stop Loss,95.66,19880.38
4557,2025-11-24 01:00:00,2025-11-24 02:00:00,Long,4074.99,4061.11,0.14,4061.11,Stop Loss,-194.37,19686.01
4558,2025-11-24 02:00:00,2025-11-24 05:30:00,Short,4062.15,4056.22,0.13,4076.61,Opposite Signal,77.09,19763.1
4559,2025-11-24 05:30:00,2025-11-24 06:30:00,Long,4056.22,4046.85,0.17,4044.64,Opposite Signal,-159.29,19603.81
4560,2025-11-24 06:30:00,2025-11-24 08:15:00,Short,4046.85,4052.89,0.15,4059.51,Opposite Signal,-90.6,19513.21
4561,2025-11-24 08:15:00,2025-11-24 12:00:00,Long (Partial 50%),4052.89,4076.23,0.08,4052.89,Partial TP 1:2,186.71,19699.92
4561,2025-11-24 08:15:00,2025-11-24 12:45:00,Long,4052.89,4063.54,0.09,4063.54,Stop Loss,95.89,19795.81
4562,2025-11-24 12:45:00,2025-11-24 14:30:00,Short,4063.94,4074.31,0.19,4074.31,Stop Loss,-197.05,19598.76
4563,2025-11-24 14:30:00,2025-11-24 16:30:00,Long,4079.04,4069.59,0.21,4069.59,Stop Loss,-198.37,19400.39
4564,2025-11-24 16:30:00,2025-11-24 16:45:00,Short,4073.14,4084.07,0.18,4084.07,Stop Loss,-196.69,19203.7
4565,2025-11-24 16:45:00,2025-11-24 20:00:00,Long,4082.05,4090.12,0.16,4070.16,Opposite Signal,129.12,19332.82
4566,2025-11-24 20:00:00,2025-11-24 20:30:00,Short,4090.12,4099.7,0.2,4099.7,Stop Loss,-191.68,19141.13
4567,2025-11-24 20:30:00,2025-11-24 23:30:00,Long (Partial 50%),4112.68,4135.62,0.08,4112.68,Partial TP 1:2,183.52,19324.65
4567,2025-11-24 20:30:00,2025-11-25 01:00:00,Long,4112.68,4127.65,0.09,4127.65,Stop Loss,134.76,19459.41
4568,2025-11-25 01:00:00,2025-11-25 01:45:00,Short,4129.16,4139.67,0.19,4139.67,Stop Loss,-199.6,19259.81
4569,2025-11-25 01:45:00,2025-11-25 02:00:00,Long,4143.78,4136.55,0.18,4133.17,Opposite Signal,-130.14,19129.67
4570,2025-11-25 02:00:00,2025-11-25 03:30:00,Short,4136.55,4136.71,0.18,4147.32,Opposite Signal,-2.88,19126.79
4571,2025-11-25 03:30:00,2025-11-25 05:45:00,Long,4136.71,4143.23,0.16,4124.92,Opposite Signal,104.32,19231.11
4572,2025-11-25 05:45:00,2025-11-25 07:45:00,Short,4143.23,4150.93,0.18,4153.88,Opposite Signal,-138.6,19092.51
4573,2025-11-25 07:45:00,2025-11-25 08:15:00,Long,4150.93,4141.39,0.2,4141.39,Stop Loss,-190.82,18901.69
4574,2025-11-25 08:15:00,2025-11-25 10:45:00,Short (Partial 50%),4140.94,4121.16,0.1,4140.94,Partial TP 1:2,197.83,19099.52
4574,2025-11-25 08:15:00,2025-11-25 11:00:00,Short,4140.94,4126.97,0.1,4135.98,Opposite Signal,139.7,19239.22
4575,2025-11-25 11:00:00,2025-11-25 14:30:00,Long,4126.97,4117.82,0.14,4113.46,Opposite Signal,-128.1,19111.12
4576,2025-11-25 14:30:00,2025-11-25 14:45:00,Short,4117.82,4129.96,0.16,4130.18,Opposite Signal,-194.24,18916.88
4577,2025-11-25 14:45:00,2025-11-25 16:15:00,Long,4129.96,4134.33,0.15,4116.74,Opposite Signal,65.55,18982.43
4578,2025-11-25 16:15:00,2025-11-25 17:30:00,Short,4134.33,4130.65,0.15,4147.62,Opposite Signal,55.2,19037.63
4579,2025-11-25 17:30:00,2025-11-25 20:15:00,Long,4130.65,4142.35,0.13,4115.35,Opposite Signal,152.1,19189.73
4580,2025-11-25 20:15:00,2025-11-26 02:00:00,Short,4142.35,4138.62,0.14,4156.46,Opposite Signal,52.22,19241.95
4581,2025-11-26 02:00:00,2025-11-26 04:15:00,Long (Partial 50%),4138.62,4155.87,0.11,4138.62,Partial TP 1:2,189.74,19431.69
4581,2025-11-26 02:00:00,2025-11-26 06:00:00,Long,4138.62,4159.54,0.12,4159.54,Stop Loss,251.05,19682.74
4582,2025-11-26 06:15:00,2025-11-26 07:00:00,Short,4157.24,4166.24,0.2,4167.18,Opposite Signal,-180.0,19502.74
4583,2025-11-26 07:00:00,2025-11-26 08:00:00,Long,4166.24,4156.81,0.21,4156.81,Stop Loss,-197.99,19304.75
4584,2025-11-26 08:00:00,2025-11-26 09:45:00,Short,4157.29,4157.11,0.22,4166.37,Opposite Signal,3.96,19308.71
4585,2025-11-26 09:45:00,2025-11-26 10:30:00,Long,4157.11,4157.98,0.21,4147.76,Opposite Signal,18.27,19326.98
4586,2025-11-26 10:30:00,2025-11-26 13:15:00,Short,4157.98,4164.71,0.19,4168.29,Opposite Signal,-127.87,19199.11
4587,2025-11-26 13:15:00,2025-11-26 14:15:00,Long,4164.71,4161.8,0.23,4156.36,Opposite Signal,-66.93,19132.18
4588,2025-11-26 14:15:00,2025-11-26 15:15:00,Short,4161.8,4165.43,0.2,4171.48,Opposite Signal,-72.6,19059.58
4589,2025-11-26 15:15:00,2025-11-26 15:30:00,Long,4165.43,4154.23,0.17,4154.23,Stop Loss,-190.45,18869.13
4590,2025-11-26 15:30:00,2025-11-26 17:00:00,Short,4154.01,4152.05,0.16,4165.91,Opposite Signal,31.36,18900.49
4591,2025-11-26 17:00:00,2025-11-26 20:30:00,Long,4152.05,4159.33,0.13,4137.24,Opposite Signal,94.64,18995.13
4592,2025-11-26 20:30:00,2025-11-26 21:00:00,Short,4159.33,4166.82,0.2,4168.97,Opposite Signal,-149.8,18845.33
4593,2025-11-26 21:00:00,2025-11-27 03:00:00,Long,4166.82,4157.33,0.21,4157.33,Stop Loss,-199.29,18646.04
4594,2025-11-27 03:00:00,2025-11-27 06:00:00,Short (Partial 50%),4157.52,4143.68,0.14,4157.52,Partial TP 1:2,193.77,18839.81
4594,2025-11-27 03:00:00,2025-11-27 06:30:00,Short,4157.52,4154.47,0.14,4154.47,Stop Loss,42.72,18882.53
4595,2025-11-27 06:30:00,2025-11-27 07:45:00,Long,4152.0,4147.01,0.27,4144.67,Opposite Signal,-134.73,18747.8
4596,2025-11-27 07:45:00,2025-11-27 08:00:00,Short,4147.01,4154.13,0.28,4154.13,Stop Loss,-199.29,18548.5
4597,2025-11-27 08:00:00,2025-11-27 11:00:00,Long,4153.28,4155.07,0.26,4145.68,Opposite Signal,46.54,18595.04
4598,2025-11-27 11:00:00,2025-11-27 13:15:00,Short,4155.07,4158.84,0.26,4162.71,Opposite Signal,-98.02,18497.02
4599,2025-11-27 13:15:00,2025-11-27 14:30:00,Long,4158.84,4155.85,0.28,4151.92,Opposite Signal,-83.72,18413.3
4600,2025-11-27 14:30:00,2025-11-27 15:30:00,Short,4155.85,4156.05,0.31,4162.17,Opposite Signal,-6.2,18407.1
4601,2025-11-27 15:30:00,2025-11-27 16:45:00,Long,4156.05,4153.29,0.29,4149.21,Opposite Signal,-80.04,18327.06
4602,2025-11-27 16:45:00,2025-11-27 17:15:00,Short,4153.29,4160.37,0.28,4160.37,Stop Loss,-198.24,18128.83
4603,2025-11-27 17:15:00,2025-11-27 18:00:00,Long,4160.98,4153.79,0.27,4153.79,Stop Loss,-194.08,17934.74
4604,2025-11-27 18:00:00,2025-11-28 01:00:00,Short,4155.37,4162.19,0.29,4162.19,Stop Loss,-197.87,17736.87
4605,2025-11-28 01:00:00,2025-11-28 02:30:00,Long (Partial 50%),4162.65,4172.28,0.2,4162.65,Partial TP 1:2,192.68,17929.55
4605,2025-11-28 01:00:00,2025-11-28 04:00:00,Long,4162.65,4186.97,0.2,4186.97,Stop Loss,486.49,18416.03
4606,2025-11-28 05:15:00,2025-11-28 06:45:00,Short,4186.73,4187.91,0.27,4193.88,Opposite Signal,-31.86,18384.17
4607,2025-11-28 06:45:00,2025-11-28 07:00:00,Long,4187.91,4179.61,0.24,4179.61,Stop Loss,-199.12,18185.06
4608,2025-11-28 07:00:00,2025-11-28 10:00:00,Short (Partial 50%),4182.23,4163.46,0.1,4182.23,Partial TP 1:2,187.71,18372.77
4608,2025-11-28 07:00:00,2025-11-28 10:30:00,Short,4182.23,4159.83,0.1,4159.83,Stop Loss,223.97,18596.74
4609,2025-11-28 10:45:00,2025-11-28 16:30:00,Long (Partial 50%),4161.16,4204.53,0.04,4161.16,Partial TP 1:2,173.49,18770.23
4609,2025-11-28 10:45:00,2025-11-28 17:00:00,Long,4161.16,4189.62,0.04,4189.62,Stop Loss,113.84,18884.07
4610,2025-11-28 17:00:00,2025-11-28 17:45:00,Short,4189.57,4203.8,0.14,4203.8,Stop Loss,-199.19,18684.88
4611,2025-11-28 17:45:00,2025-12-01 02:15:00,Long (Partial 50%),4203.63,4231.2,0.07,4203.63,Partial TP 1:2,193.0,18877.88
4611,2025-11-28 17:45:00,2025-12-01 03:00:00,Long,4203.63,4223.62,0.07,4223.62,Stop Loss,139.9,19017.77
4612,2025-12-01 04:15:00,2025-12-01 06:45:00,Short,4241.1,4245.79,0.13,4256.2,Opposite Signal,-60.97,18956.8
4613,2025-12-01 06:45:00,2025-12-01 07:00:00,Long,4245.79,4235.37,0.19,4235.37,Stop Loss,-198.04,18758.76
4614,2025-12-01 07:00:00,2025-12-01 07:45:00,Short,4232.7,4229.8,0.16,4244.68,Opposite Signal,46.4,18805.16
4615,2025-12-01 07:45:00,2025-12-01 10:30:00,Long,4229.8,4242.2,0.14,4216.26,Opposite Signal,173.6,18978.76
4616,2025-12-01 10:30:00,2025-12-01 11:15:00,Short,4242.2,4251.75,0.17,4253.46,Opposite Signal,-162.35,18816.41
4617,2025-12-01 11:15:00,2025-12-01 14:00:00,Long,4251.75,4249.07,0.19,4241.31,Opposite Signal,-50.92,18765.49
4618,2025-12-01 14:00:00,2025-12-01 15:00:00,Short,4249.07,4254.37,0.19,4259.34,Opposite Signal,-100.7,18664.79
4619,2025-12-01 15:00:00,2025-12-01 15:45:00,Long,4254.37,4247.34,0.18,4243.45,Opposite Signal,-126.54,18538.25
4620,2025-12-01 15:45:00,2025-12-01 16:30:00,Short (Partial 50%),4247.34,4222.54,0.08,4247.34,Partial TP 1:2,198.41,18736.66
4620,2025-12-01 15:45:00,2025-12-01 16:45:00,Short,4247.34,4240.06,0.08,4247.34,Opposite Signal,58.24,18794.9
4621,2025-12-01 16:45:00,2025-12-01 17:15:00,Long,4240.06,4223.33,0.11,4223.33,Stop Loss,-184.06,18610.84
4622,2025-12-01 17:15:00,2025-12-01 19:30:00,Short,4228.13,4238.96,0.11,4245.45,Opposite Signal,-119.13,18491.71
4623,2025-12-01 19:30:00,2025-12-01 23:45:00,Long,4238.96,4231.63,0.12,4222.57,Opposite Signal,-87.96,18403.75
4624,2025-12-01 23:45:00,2025-12-02 03:00:00,Short (Partial 50%),4231.63,4212.14,0.1,4231.63,Partial TP 1:2,194.87,18598.62
4624,2025-12-01 23:45:00,2025-12-02 03:15:00,Short,4231.63,4213.78,0.1,4222.5,Opposite Signal,178.5,18777.12
4625,2025-12-02 03:15:00,2025-12-02 08:15:00,Long,4213.78,4205.8,0.15,4200.7,Opposite Signal,-119.7,18657.42
4626,2025-12-02 08:15:00,2025-12-02 08:45:00,Short,4205.8,4212.74,0.19,4215.89,Opposite Signal,-131.86,18525.56
4627,2025-12-02 08:45:00,2025-12-02 10:45:00,Long,4212.74,4210.25,0.19,4202.43,Opposite Signal,-47.31,18478.25
4628,2025-12-02 10:45:00,2025-12-02 11:30:00,Short (Partial 50%),4210.25,4191.89,0.1,4210.25,Partial TP 1:2,183.55,18661.8
4628,2025-12-02 10:45:00,2025-12-02 13:15:00,Short,4210.25,4193.12,0.1,4193.12,Stop Loss,171.27,18833.07
4629,2025-12-02 13:15:00,2025-12-02 16:00:00,Long (Partial 50%),4197.11,4219.27,0.09,4197.11,Partial TP 1:2,199.46,19032.53
4629,2025-12-02 13:15:00,2025-12-02 16:30:00,Long,4197.11,4219.66,0.09,4219.66,Stop Loss,202.95,19235.48
4630,2025-12-02 16:30:00,2025-12-02 17:15:00,Short (Partial 50%),4218.1,4192.47,0.07,4218.1,Partial TP 1:2,179.43,19414.91
4630,2025-12-02 16:30:00,2025-12-02 18:30:00,Short,4218.1,4181.91,0.07,4181.91,Stop Loss,253.33,19668.24
4631,2025-12-02 18:30:00,2025-12-03 02:30:00,Long,4186.2,4206.57,0.11,4168.06,Opposite Signal,224.07,19892.31
4632,2025-12-03 02:30:00,2025-12-03 03:00:00,Short,4206.57,4215.65,0.22,4215.65,Stop Loss,-199.69,19692.62
4633,2025-12-03 03:00:00,2025-12-03 07:30:00,Long,4216.19,4206.43,0.2,4206.43,Stop Loss,-195.18,19497.44
4634,2025-12-03 07:30:00,2025-12-03 10:30:00,Short,4207.16,4208.87,0.22,4216.06,Opposite Signal,-37.62,19459.82
4635,2025-12-03 10:30:00,2025-12-03 11:00:00,Long,4208.87,4200.92,0.25,4200.92,Stop Loss,-198.87,19260.94
4636,2025-12-03 11:00:00,2025-12-03 12:15:00,Short,4199.74,4202.9,0.23,4208.25,Opposite Signal,-72.68,19188.26
4637,2025-12-03 12:15:00,2025-12-03 15:15:00,Long (Partial 50%),4202.9,4219.75,0.11,4202.9,Partial TP 1:2,185.31,19373.57
4637,2025-12-03 12:15:00,2025-12-03 16:00:00,Long,4202.9,4229.96,0.12,4229.96,Stop Loss,324.77,19698.34
4638,2025-12-03 16:00:00,2025-12-03 16:30:00,Short,4226.45,4239.44,0.15,4239.44,Stop Loss,-194.9,19503.44
4639,2025-12-03 17:30:00,2025-12-03 17:45:00,Long,4227.2,4216.35,0.12,4211.32,Opposite Signal,-130.2,19373.24
4640,2025-12-03 17:45:00,2025-12-03 19:30:00,Short,4216.35,4212.61,0.12,4232.7,Opposite Signal,44.88,19418.12
4641,2025-12-03 19:30:00,2025-12-03 20:15:00,Long,4212.61,4201.67,0.12,4196.78,Opposite Signal,-131.28,19286.84
4642,2025-12-03 20:15:00,2025-12-03 21:30:00,Short,4201.67,4209.06,0.13,4216.43,Opposite Signal,-96.07,19190.77
4643,2025-12-03 21:30:00,2025-12-03 23:45:00,Long,4209.06,4202.55,0.15,4196.25,Opposite Signal,-97.65,19093.12
4644,2025-12-03 23:45:00,2025-12-04 02:15:00,Short,4202.55,4211.32,0.22,4211.32,Stop Loss,-192.85,18900.28
4645,2025-12-04 02:15:00,2025-12-04 03:45:00,Long,4211.75,4209.12,0.24,4203.43,Opposite Signal,-63.12,18837.16
4646,2025-12-04 03:45:00,2025-12-04 05:00:00,Short (Partial 50%),4209.12,4191.83,0.11,4209.12,Partial TP 1:2,190.22,19027.38
4646,2025-12-04 03:45:00,2025-12-04 08:30:00,Short,4209.12,4187.34,0.12,4187.34,Stop Loss,261.39,19288.77
4647,2025-12-04 08:30:00,2025-12-04 10:45:00,Long,4189.04,4184.9,0.19,4178.52,Opposite Signal,-78.66,19210.11
4648,2025-12-04 10:45:00,2025-12-04 11:15:00,Short,4184.9,4191.32,0.21,4194.02,Opposite Signal,-134.82,19075.29
4649,2025-12-04 11:15:00,2025-12-04 14:15:00,Long,4191.32,4194.41,0.21,4182.14,Opposite Signal,64.89,19140.18
4650,2025-12-04 14:15:00,2025-12-04 15:15:00,Short,4194.41,4195.83,0.21,4203.56,Opposite Signal,-29.82,19110.36
4651,2025-12-04 15:15:00,2025-12-04 16:30:00,Long,4195.83,4199.93,0.2,4185.99,Opposite Signal,82.0,19192.36
4652,2025-12-04 16:30:00,2025-12-04 18:00:00,Short,4199.93,4212.72,0.15,4212.72,Stop Loss,-191.85,19000.51
4653,2025-12-04 18:00:00,2025-12-04 20:45:00,Long,4210.43,4207.83,0.16,4198.09,Opposite Signal,-41.6,18958.91
4654,2025-12-04 20:45:00,2025-12-05 03:45:00,Short,4207.83,4203.22,0.21,4217.32,Opposite Signal,96.81,19055.72
4655,2025-12-05 03:45:00,2025-12-05 04:15:00,Long,4203.22,4197.58,0.26,4195.81,Opposite Signal,-146.64,18909.08
4656,2025-12-05 04:15:00,2025-12-05 04:30:00,Short,4197.58,4204.34,0.26,4205.08,Opposite Signal,-175.76,18733.32
4657,2025-12-05 04:30:00,2025-12-05 07:30:00,Long (Partial 50%),4204.34,4220.19,0.12,4204.34,Partial TP 1:2,190.2,18923.52
4657,2025-12-05 04:30:00,2025-12-05 09:30:00,Long,4204.34,4225.45,0.13,4225.45,Stop Loss,274.44,19197.95
4658,2025-12-05 09:30:00,2025-12-05 11:30:00,Short,4224.72,4223.9,0.26,4232.15,Opposite Signal,21.32,19219.27
4659,2025-12-05 11:30:00,2025-12-05 15:30:00,Long (Partial 50%),4223.9,4238.56,0.13,4223.9,Partial TP 1:2,190.64,19409.92
4659,2025-12-05 11:30:00,2025-12-05 16:15:00,Long,4223.9,4231.35,0.14,4231.35,Stop Loss,104.24,19514.15
4660,2025-12-05 17:45:00,2025-12-05 18:00:00,Short (Partial 50%),4243.49,4216.71,0.07,4243.49,Partial TP 1:2,187.49,19701.65
4660,2025-12-05 17:45:00,2025-12-05 18:15:00,Short,4243.49,4216.69,0.07,4229.76,Opposite Signal,187.6,19889.25
4661,2025-12-05 18:15:00,2025-12-05 21:30:00,Long,4216.69,4205.88,0.1,4197.08,Opposite Signal,-108.1,19781.15
4662,2025-12-05 21:30:00,2025-12-08 01:45:00,Short,4205.88,4200.94,0.15,4218.57,Opposite Signal,74.1,19855.25
4663,2025-12-08 01:45:00,2025-12-08 03:45:00,Long,4200.94,4201.1,0.22,4192.2,Opposite Signal,3.52,19858.77
4664,2025-12-08 03:45:00,2025-12-08 04:45:00,Short,4201.1,4210.7,0.2,4210.7,Stop Loss,-191.94,19666.83
4665,2025-12-08 04:45:00,2025-12-08 09:30:00,Long,4208.25,4209.94,0.21,4198.78,Opposite Signal,35.49,19702.32
4666,2025-12-08 09:30:00,2025-12-08 10:00:00,Short,4209.94,4211.6,0.28,4217.04,Opposite Signal,-46.48,19655.84
4667,2025-12-08 10:00:00,2025-12-08 12:15:00,Long,4211.6,4205.79,0.25,4203.75,Opposite Signal,-145.25,19510.59
4668,2025-12-08 12:15:00,2025-12-08 13:15:00,Short,4205.79,4209.47,0.25,4213.53,Opposite Signal,-92.0,19418.59
4669,2025-12-08 13:15:00,2025-12-08 15:15:00,Long,4209.47,4202.82,0.24,4201.33,Opposite Signal,-159.6,19258.99
4670,2025-12-08 15:15:00,2025-12-08 16:00:00,Short,4202.82,4209.71,0.23,4211.24,Opposite Signal,-158.47,19100.52
4671,2025-12-08 16:00:00,2025-12-08 16:30:00,Long,4209.71,4199.95,0.2,4199.95,Stop Loss,-195.12,18905.39
4672,2025-12-08 16:30:00,2025-12-08 16:45:00,Short,4198.23,4208.6,0.19,4208.6,Stop Loss,-196.98,18708.41
4673,2025-12-08 17:15:00,2025-12-08 18:00:00,Long,4191.97,4177.35,0.13,4177.35,Stop Loss,-190.04,18518.38
4674,2025-12-08 21:00:00,2025-12-08 22:30:00,Short,4185.19,4195.64,0.19,4195.64,Stop Loss,-198.64,18319.74
4675,2025-12-08 22:30:00,2025-12-09 02:45:00,Long,4194.41,4190.37,0.22,4185.58,Opposite Signal,-88.88,18230.86
4676,2025-12-09 02:45:00,2025-12-09 03:00:00,Short,4190.37,4196.12,0.34,4196.12,Stop Loss,-195.5,18035.36
4677,2025-12-09 03:00:00,2025-12-09 04:00:00,Long,4196.32,4190.69,0.3,4189.83,Opposite Signal,-168.9,17866.46
4678,2025-12-09 04:00:00,2025-12-09 05:00:00,Short,4190.69,4194.01,0.31,4197.08,Opposite Signal,-102.92,17763.54
4679,2025-12-09 05:00:00,2025-12-09 06:15:00,Long,4194.01,4193.51,0.31,4187.76,Opposite Signal,-15.5,17748.04
4680,2025-12-09 06:15:00,2025-12-09 07:30:00,Short (Partial 50%),4193.51,4181.78,0.17,4193.51,Partial TP 1:2,199.34,17947.38
4680,2025-12-09 06:15:00,2025-12-09 08:30:00,Short,4193.51,4179.65,0.17,4179.65,Stop Loss,235.67,18183.05
4681,2025-12-09 08:30:00,2025-12-09 11:00:00,Long (Partial 50%),4180.95,4196.34,0.12,4180.95,Partial TP 1:2,184.69,18367.74
4681,2025-12-09 08:30:00,2025-12-09 11:45:00,Long,4180.95,4201.01,0.13,4201.01,Stop Loss,260.74,18628.48
4682,2025-12-09 15:30:00,2025-12-09 16:30:00,Short,4200.38,4205.87,0.24,4208.44,Opposite Signal,-131.76,18496.72
4683,2025-12-09 16:30:00,2025-12-09 17:00:00,Long,4205.87,4195.81,0.19,4195.81,Stop Loss,-191.15,18305.57
4684,2025-12-09 17:00:00,2025-12-09 17:15:00,Short,4195.36,4206.82,0.17,4206.82,Stop Loss,-194.82,18110.76
4685,2025-12-09 17:15:00,2025-12-09 19:15:00,Long,4206.14,4207.83,0.16,4193.79,Opposite Signal,27.04,18137.8
4686,2025-12-09 19:15:00,2025-12-09 21:45:00,Short,4207.83,4212.54,0.15,4220.5,Opposite Signal,-70.65,18067.15
4687,2025-12-09 21:45:00,2025-12-09 23:45:00,Long,4212.54,4208.42,0.22,4203.54,Opposite Signal,-90.64,17976.51
4688,2025-12-09 23:45:00,2025-12-10 03:00:00,Short,4208.42,4214.86,0.31,4214.86,Stop Loss,-199.61,17776.9
4689,2025-12-10 03:00:00,2025-12-10 03:30:00,Long,4214.9,4212.28,0.31,4208.58,Opposite Signal,-81.22,17695.68
4690,2025-12-10 03:30:00,2025-12-10 04:30:00,Short,4212.28,4217.68,0.29,4219.06,Opposite Signal,-156.6,17539.08
4691,2025-12-10 04:30:00,2025-12-10 05:00:00,Long,4217.68,4210.89,0.29,4210.89,Stop Loss,-196.99,17342.09
4692,2025-12-10 05:00:00,2025-12-10 07:30:00,Short,4210.03,4212.08,0.29,4216.92,Opposite Signal,-59.45,17282.64
4693,2025-12-10 07:30:00,2025-12-10 08:15:00,Long,4212.08,4205.62,0.3,4205.62,Stop Loss,-193.88,17088.76
4694,2025-12-10 08:15:00,2025-12-10 11:30:00,Short (Partial 50%),4207.32,4194.24,0.15,4207.32,Partial TP 1:2,196.24,17285.0
4694,2025-12-10 08:15:00,2025-12-10 13:15:00,Short,4207.32,4196.08,0.15,4196.08,Stop Loss,168.66,17453.66
4695,2025-12-10 13:45:00,2025-12-10 14:45:00,Long,4197.37,4196.57,0.33,4191.35,Opposite Signal,-26.4,17427.26
4696,2025-12-10 14:45:00,2025-12-10 15:30:00,Short,4196.57,4202.48,0.33,4202.48,Stop Loss,-194.88,17232.38
4697,2025-12-10 15:30:00,2025-12-10 16:15:00,Long,4202.62,4195.64,0.28,4195.64,Stop Loss,-195.47,17036.9
4698,2025-12-10 16:15:00,2025-12-10 18:15:00,Short,4196.69,4200.67,0.23,4205.19,Opposite Signal,-91.54,16945.36
4699,2025-12-10 18:15:00,2025-12-10 20:15:00,Long,4200.67,4196.5,0.21,4191.29,Opposite Signal,-87.57,16857.79
4700,2025-12-10 20:15:00,2025-12-10 21:00:00,Short,4196.5,4204.12,0.26,4204.12,Stop Loss,-198.17,16659.62
4701,2025-12-10 21:00:00,2025-12-10 21:15:00,Long,4212.46,4201.22,0.17,4201.22,Stop Loss,-191.02,16468.6
4702,2025-12-10 21:15:00,2025-12-10 21:30:00,Short,4198.86,4212.29,0.14,4212.29,Stop Loss,-187.97,16280.63
4703,2025-12-10 21:45:00,2025-12-11 04:00:00,Long,4216.28,4233.74,0.1,4196.41,Opposite Signal,174.6,16455.23
4704,2025-12-11 04:00:00,2025-12-11 05:00:00,Short (Partial 50%),4233.74,4211.0,0.08,4233.74,Partial TP 1:2,181.9,16637.12
4704,2025-12-11 04:00:00,2025-12-11 08:15:00,Short,4233.74,4213.57,0.09,4213.57,Stop Loss,181.53,16818.66
4705,2025-12-11 08:15:00,2025-12-11 11:00:00,Long,4213.87,4211.94,0.2,4204.33,Opposite Signal,-38.6,16780.06
4706,2025-12-11 11:00:00,2025-12-11 11:30:00,Short,4211.94,4217.73,0.25,4219.91,Opposite Signal,-144.75,16635.31
4707,2025-12-11 11:30:00,2025-12-11 13:00:00,Long,4217.73,4215.26,0.25,4209.94,Opposite Signal,-61.75,16573.56
4708,2025-12-11 13:00:00,2025-12-11 14:15:00,Short,4215.26,4218.03,0.25,4223.21,Opposite Signal,-69.25,16504.31
4709,2025-12-11 14:15:00,2025-12-11 15:00:00,Long,4218.03,4210.3,0.25,4210.3,Stop Loss,-193.32,16310.98
4710,2025-12-11 15:00:00,2025-12-11 15:30:00,Short,4211.69,4219.95,0.24,4219.95,Stop Loss,-198.23,16112.75
4711,2025-12-11 15:30:00,2025-12-11 16:30:00,Long (Partial 50%),4219.62,4238.8,0.1,4219.62,Partial TP 1:2,191.78,16304.53
4711,2025-12-11 15:30:00,2025-12-11 16:45:00,Long,4219.62,4230.22,0.1,4221.84,Opposite Signal,106.0,16410.53
4712,2025-12-11 16:45:00,2025-12-11 17:15:00,Short,4230.22,4242.8,0.15,4242.8,Stop Loss,-188.64,16221.89
4713,2025-12-11 17:15:00,2025-12-11 18:45:00,Long (Partial 50%),4238.97,4265.46,0.07,4238.97,Partial TP 1:2,185.44,16407.33
4713,2025-12-11 17:15:00,2025-12-11 20:45:00,Long,4238.97,4274.93,0.07,4274.93,Stop Loss,251.71,16659.04
4714,2025-12-11 20:45:00,2025-12-11 23:15:00,Short,4268.08,4279.38,0.14,4281.75,Opposite Signal,-158.2,16500.84
4715,2025-12-11 23:15:00,2025-12-12 01:30:00,Long,4279.38,4274.94,0.18,4268.76,Opposite Signal,-79.92,16420.92
4716,2025-12-12 01:30:00,2025-12-12 04:00:00,Short,4274.94,4275.49,0.2,4284.9,Opposite Signal,-11.0,16409.92
4717,2025-12-12 04:00:00,2025-12-12 06:15:00,Long,4275.49,4268.42,0.19,4265.44,Opposite Signal,-134.33,16275.59
4718,2025-12-12 06:15:00,2025-12-12 07:15:00,Short,4268.42,4274.35,0.27,4275.63,Opposite Signal,-160.11,16115.48
4719,2025-12-12 07:15:00,2025-12-12 09:00:00,Long (Partial 50%),4274.35,4288.03,0.14,4274.35,Partial TP 1:2,191.55,16307.03
4719,2025-12-12 07:15:00,2025-12-12 11:30:00,Long,4274.35,4310.65,0.14,4310.65,Stop Loss,508.23,16815.26
4720,2025-12-12 14:30:00,2025-12-12 15:00:00,Short,4328.27,4337.11,0.19,4338.27,Opposite Signal,-167.96,16647.3
4721,2025-12-12 15:00:00,2025-12-12 17:15:00,Long,4337.11,4325.83,0.17,4325.83,Stop Loss,-191.74,16455.55
4722,2025-12-12 17:15:00,2025-12-12 17:30:00,Short,4301.02,4317.28,0.1,4320.5,Opposite Signal,-162.6,16292.95
4723,2025-12-12 17:30:00,2025-12-12 17:45:00,Long,4317.28,4296.41,0.09,4296.41,Stop Loss,-187.81,16105.14
4724,2025-12-12 17:45:00,2025-12-12 19:30:00,Short,4289.81,4293.6,0.08,4314.36,Opposite Signal,-30.32,16074.82
4725,2025-12-12 19:30:00,2025-12-15 08:00:00,Long (Partial 50%),4293.6,4345.46,0.03,4293.6,Partial TP 1:2,155.58,16230.4
4725,2025-12-12 19:30:00,2025-12-15 09:30:00,Long,4293.6,4340.14,0.04,4340.14,Stop Loss,186.14,16416.54
4726,2025-12-15 09:30:00,2025-12-15 10:15:00,Short,4339.82,4345.78,0.24,4348.03,Opposite Signal,-143.04,16273.5
4727,2025-12-15 10:15:00,2025-12-15 11:45:00,Long,4345.78,4342.56,0.25,4337.83,Opposite Signal,-80.5,16193.0
4728,2025-12-15 11:45:00,2025-12-15 14:00:00,Short,4342.56,4343.8,0.26,4350.16,Opposite Signal,-32.24,16160.76
4729,2025-12-15 14:00:00,2025-12-15 15:00:00,Long,4343.8,4336.96,0.29,4336.96,Stop Loss,-198.39,15962.36
4730,2025-12-15 15:00:00,2025-12-15 15:45:00,Short,4335.7,4343.39,0.26,4343.39,Stop Loss,-199.87,15762.49
4731,2025-12-15 20:30:00,2025-12-15 22:15:00,Long,4309.68,4305.2,0.15,4296.72,Opposite Signal,-67.2,15695.29
4732,2025-12-15 22:15:00,2025-12-16 02:15:00,Short,4305.2,4309.29,0.18,4316.19,Opposite Signal,-73.62,15621.67
4733,2025-12-16 02:15:00,2025-12-16 03:00:00,Long,4309.29,4301.29,0.25,4301.29,Stop Loss,-199.93,15421.74
4734,2025-12-16 03:00:00,2025-12-16 03:15:00,Short,4304.03,4311.16,0.23,4312.68,Opposite Signal,-163.99,15257.75
4735,2025-12-16 03:15:00,2025-12-16 04:45:00,Long,4311.16,4302.18,0.22,4302.18,Stop Loss,-197.56,15060.19
4736,2025-12-16 04:45:00,2025-12-16 08:15:00,Short,4289.69,4286.92,0.16,4301.75,Opposite Signal,44.32,15104.51
4737,2025-12-16 08:15:00,2025-12-16 09:15:00,Long,4286.92,4280.88,0.19,4276.7,Opposite Signal,-114.76,14989.75
4738,2025-12-16 09:15:00,2025-12-16 09:45:00,Short,4280.88,4287.83,0.2,4290.59,Opposite Signal,-139.0,14850.75
4739,2025-12-16 09:45:00,2025-12-16 10:15:00,Long,4287.83,4277.98,0.2,4277.98,Stop Loss,-196.93,14653.82
4740,2025-12-16 10:15:00,2025-12-16 14:00:00,Short,4278.93,4287.7,0.19,4289.06,Opposite Signal,-166.63,14487.19
4741,2025-12-16 14:00:00,2025-12-16 15:30:00,Long (Partial 50%),4287.7,4305.06,0.11,4287.7,Partial TP 1:2,190.92,14678.1
4741,2025-12-16 14:00:00,2025-12-16 17:15:00,Long,4287.7,4318.14,0.12,4318.14,Stop Loss,365.25,15043.36
4742,2025-12-16 18:00:00,2025-12-16 19:30:00,Short,4315.56,4306.07,0.14,4329.8,Opposite Signal,132.86,15176.22
4743,2025-12-16 19:30:00,2025-12-16 23:00:00,Long,4306.07,4302.55,0.14,4291.8,Opposite Signal,-49.28,15126.94
4744,2025-12-16 23:00:00,2025-12-17 02:00:00,Short,4302.55,4312.38,0.18,4313.14,Opposite Signal,-176.94,14950.0
4745,2025-12-17 02:00:00,2025-12-17 04:00:00,Long,4312.38,4320.21,0.25,4304.61,Opposite Signal,195.75,15145.75
4746,2025-12-17 04:00:00,2025-12-17 05:30:00,Short,4320.21,4321.6,0.22,4329.03,Opposite Signal,-30.58,15115.17
4747,2025-12-17 05:30:00,2025-12-17 07:30:00,Long (Partial 50%),4321.6,4339.62,0.11,4321.6,Partial TP 1:2,198.23,15313.4
4747,2025-12-17 05:30:00,2025-12-17 08:15:00,Long,4321.6,4330.67,0.11,4330.67,Stop Loss,99.82,15413.22
4748,2025-12-17 08:30:00,2025-12-17 10:00:00,Short (Partial 50%),4329.18,4310.09,0.1,4329.18,Partial TP 1:2,190.92,15604.14
4748,2025-12-17 08:30:00,2025-12-17 11:00:00,Short,4329.18,4321.71,0.1,4321.71,Stop Loss,74.73,15678.87
4749,2025-12-17 11:00:00,2025-12-17 12:30:00,Long,4320.94,4311.02,0.2,4311.02,Stop Loss,-198.49,15480.39
4750,2025-12-17 12:30:00,2025-12-17 15:00:00,Short,4315.08,4324.93,0.2,4324.93,Stop Loss,-196.9,15283.48
4751,2025-12-17 15:00:00,2025-12-17 15:45:00,Long (Partial 50%),4323.28,4341.04,0.11,4323.28,Partial TP 1:2,195.37,15478.85
4751,2025-12-17 15:00:00,2025-12-17 16:00:00,Long,4323.28,4327.16,0.11,4323.28,Opposite Signal,42.68,15521.53
4752,2025-12-17 16:00:00,2025-12-17 16:30:00,Short,4327.16,4337.97,0.16,4339.59,Opposite Signal,-172.96,15348.57
4753,2025-12-17 16:30:00,2025-12-17 17:30:00,Long,4337.97,4331.98,0.15,4324.85,Opposite Signal,-89.85,15258.72
4754,2025-12-17 17:30:00,2025-12-17 19:30:00,Short,4331.98,4338.64,0.12,4347.4,Opposite Signal,-79.92,15178.8
4755,2025-12-17 19:30:00,2025-12-17 20:30:00,Long,4338.64,4332.48,0.14,4324.52,Opposite Signal,-86.24,15092.56
4756,2025-12-17 20:30:00,2025-12-17 22:15:00,Short,4332.48,4341.37,0.15,4345.71,Opposite Signal,-133.35,14959.21
4757,2025-12-17 22:15:00,2025-12-18 01:00:00,Long,4341.37,4335.96,0.19,4330.85,Opposite Signal,-102.79,14856.42
4758,2025-12-18 01:00:00,2025-12-18 03:45:00,Short,4335.96,4331.49,0.23,4344.57,Opposite Signal,102.81,14959.23
4759,2025-12-18 03:45:00,2025-12-18 06:00:00,Long,4331.49,4330.29,0.24,4323.35,Opposite Signal,-28.8,14930.43
4760,2025-12-18 06:00:00,2025-12-18 07:00:00,Short,4330.29,4337.17,0.29,4337.17,Stop Loss,-199.66,14730.77
4761,2025-12-18 07:00:00,2025-12-18 09:00:00,Long,4337.19,4330.61,0.3,4330.61,Stop Loss,-197.4,14533.37
4762,2025-12-18 09:00:00,2025-12-18 09:30:00,Short,4331.0,4337.1,0.32,4337.1,Stop Loss,-195.29,14338.07
4763,2025-12-18 15:30:00,2025-12-18 16:30:00,Long,4336.53,4327.11,0.21,4327.11,Stop Loss,-197.88,14140.19
4764,2025-12-18 16:30:00,2025-12-18 16:45:00,Short,4314.14,4327.46,0.15,4327.46,Stop Loss,-199.81,13940.39
4765,2025-12-18 16:45:00,2025-12-18 18:00:00,Long (Partial 50%),4328.39,4358.81,0.06,4328.39,Partial TP 1:2,182.54,14122.93
4765,2025-12-18 16:45:00,2025-12-18 19:00:00,Long,4328.39,4355.42,0.07,4355.42,Stop Loss,189.19,14312.12
4766,2025-12-18 19:00:00,2025-12-18 22:30:00,Short,4328.35,4336.0,0.09,4350.26,Opposite Signal,-68.85,14243.27
4767,2025-12-18 22:30:00,2025-12-19 02:30:00,Long,4336.0,4328.37,0.13,4321.32,Opposite Signal,-99.19,14144.08
4768,2025-12-19 02:30:00,2025-12-19 03:15:00,Short (Partial 50%),4328.37,4311.49,0.11,4328.37,Partial TP 1:2,185.71,14329.79
4768,2025-12-19 02:30:00,2025-12-19 03:45:00,Short,4328.37,4323.29,0.12,4324.76,Opposite Signal,60.96,14390.75
4769,2025-12-19 03:45:00,2025-12-19 04:30:00,Long,4323.29,4316.03,0.18,4312.24,Opposite Signal,-130.68,14260.07
4770,2025-12-19 04:30:00,2025-12-19 07:30:00,Short,4316.03,4325.29,0.18,4326.74,Opposite Signal,-166.68,14093.39
4771,2025-12-19 07:30:00,2025-12-19 09:45:00,Long,4325.29,4322.71,0.25,4317.48,Opposite Signal,-64.5,14028.89
4772,2025-12-19 09:45:00,2025-12-19 10:30:00,Short,4322.71,4329.84,0.28,4329.84,Stop Loss,-199.75,13829.14
4773,2025-12-19 10:30:00,2025-12-19 14:00:00,Long,4328.06,4320.97,0.28,4320.97,Stop Loss,-198.51,13630.63
4774,2025-12-19 14:00:00,2025-12-19 15:00:00,Short,4324.07,4330.32,0.31,4330.32,Stop Loss,-193.83,13436.8
4775,2025-12-19 15:00:00,2025-12-19 15:30:00,Long,4330.17,4329.49,0.28,4323.18,Opposite Signal,-19.04,13417.76
4776,2025-12-19 15:30:00,2025-12-19 16:30:00,Short,4329.49,4337.15,0.26,4337.15,Stop Loss,-199.12,13218.64
4777,2025-12-19 16:30:00,2025-12-19 16:45:00,Long,4334.89,4325.97,0.22,4325.97,Stop Loss,-196.31,13022.34
4778,2025-12-19 20:30:00,2025-12-22 01:00:00,Short,4344.92,4344.88,0.19,4355.26,Opposite Signal,0.76,13023.1
4779,2025-12-22 01:00:00,2025-12-22 02:00:00,Long (Partial 50%),4344.88,4359.46,0.13,4344.88,Partial TP 1:2,189.51,13212.6
4779,2025-12-22 01:00:00,2025-12-22 07:30:00,Long,4344.88,4399.42,0.14,4399.42,Stop Loss,763.57,13976.18
4780,2025-12-22 10:30:00,2025-12-22 14:45:00,Short,4410.06,4415.74,0.2,4419.66,Opposite Signal,-113.6,13862.58
4781,2025-12-22 14:45:00,2025-12-22 15:15:00,Long,4415.74,4418.56,0.28,4408.83,Opposite Signal,78.96,13941.54
4782,2025-12-22 15:15:00,2025-12-22 16:00:00,Short,4418.56,4426.26,0.21,4427.82,Opposite Signal,-161.7,13779.84
4783,2025-12-22 16:00:00,2025-12-22 16:30:00,Long,4426.26,4416.61,0.2,4416.61,Stop Loss,-193.08,13586.76
4784,2025-12-22 16:45:00,2025-12-22 17:30:00,Short,4419.36,4427.63,0.18,4430.33,Opposite Signal,-148.86,13437.9
4785,2025-12-22 17:30:00,2025-12-22 20:30:00,Long,4427.63,4432.82,0.16,4415.7,Opposite Signal,83.04,13520.94
4786,2025-12-22 20:30:00,2025-12-22 22:00:00,Short,4432.82,4438.67,0.2,4442.43,Opposite Signal,-117.0,13403.94
4787,2025-12-22 22:00:00,2025-12-22 22:15:00,Long,4438.67,4432.35,0.24,4430.46,Opposite Signal,-151.68,13252.26
4788,2025-12-22 22:15:00,2025-12-22 22:45:00,Short,4432.35,4438.41,0.23,4440.75,Opposite Signal,-139.38,13112.88
4789,2025-12-22 22:45:00,2025-12-23 01:00:00,Long (Partial 50%),4438.41,4454.48,0.12,4438.41,Partial TP 1:2,192.86,13305.74
4789,2025-12-22 22:45:00,2025-12-23 01:30:00,Long,4438.41,4453.02,0.12,4453.02,Stop Loss,175.31,13481.05
4790,2025-12-23 03:15:00,2025-12-23 03:45:00,Short,4477.15,4488.61,0.17,4488.61,Stop Loss,-194.74,13286.31
4791,2025-12-23 03:45:00,2025-12-23 05:00:00,Long,4486.68,4486.31,0.16,4474.87,Opposite Signal,-5.92,13280.39
4792,2025-12-23 05:00:00,2025-12-23 08:45:00,Short,4486.31,4481.42,0.16,4498.44,Opposite Signal,78.24,13358.63
4793,2025-12-23 08:45:00,2025-12-23 11:00:00,Long,4481.42,4481.43,0.22,4472.34,Opposite Signal,0.22,13358.85
4794,2025-12-23 11:00:00,2025-12-23 13:30:00,Short,4481.43,4488.41,0.22,4490.37,Opposite Signal,-153.56,13205.29
4795,2025-12-23 13:30:00,2025-12-23 14:00:00,Long,4488.41,4485.91,0.27,4481.11,Opposite Signal,-67.5,13137.79
4796,2025-12-23 14:00:00,2025-12-23 15:00:00,Short,4485.91,4493.94,0.24,4493.94,Stop Loss,-192.79,12945.01
4797,2025-12-23 15:00:00,2025-12-23 15:15:00,Long,4494.43,4486.76,0.26,4486.76,Stop Loss,-199.36,12745.65
4798,2025-12-23 15:15:00,2025-12-23 16:00:00,Short (Partial 50%),4488.26,4471.29,0.11,4488.26,Partial TP 1:2,186.63,12932.28
4798,2025-12-23 15:15:00,2025-12-23 17:30:00,Short,4488.26,4454.52,0.12,4454.52,Stop Loss,404.91,13337.19
4799,2025-12-23 17:45:00,2025-12-23 21:00:00,Long (Partial 50%),4458.34,4493.31,0.05,4458.34,Partial TP 1:2,174.83,13512.03
4799,2025-12-23 17:45:00,2025-12-23 23:00:00,Long,4458.34,4490.45,0.06,4490.45,Stop Loss,192.69,13704.71
4800,2025-12-23 23:15:00,2025-12-24 01:00:00,Short,4490.03,4495.09,0.2,4499.89,Opposite Signal,-101.2,13603.51
4801,2025-12-24 01:00:00,2025-12-24 02:30:00,Long (Partial 50%),4495.09,4516.15,0.09,4495.09,Partial TP 1:2,189.5,13793.01
4801,2025-12-24 01:00:00,2025-12-24 04:00:00,Long,4495.09,4512.47,0.09,4512.47,Stop Loss,156.4,13949.41
4802,2025-12-24 04:00:00,2025-12-24 04:45:00,Short (Partial 50%),4511.67,4484.91,0.07,4511.67,Partial TP 1:2,187.3,14136.71
4802,2025-12-24 04:00:00,2025-12-24 05:15:00,Short,4511.67,4491.28,0.07,4497.73,Opposite Signal,142.73,14279.44
4803,2025-12-24 05:15:00,2025-12-24 07:00:00,Long,4491.28,4490.67,0.11,4473.15,Opposite Signal,-6.71,14272.73
4804,2025-12-24 07:00:00,2025-12-24 11:30:00,Short,4490.67,4491.27,0.14,4504.89,Opposite Signal,-8.4,14264.33
4805,2025-12-24 11:30:00,2025-12-24 12:30:00,Long,4491.27,4485.85,0.18,4480.52,Opposite Signal,-97.56,14166.77
4806,2025-12-24 12:30:00,2025-12-24 14:00:00,Short,4485.85,4495.23,0.17,4497.52,Opposite Signal,-159.46,14007.31
4807,2025-12-24 14:00:00,2025-12-24 15:00:00,Long,4495.23,4485.41,0.2,4485.41,Stop Loss,-196.33,13810.98
4808,2025-12-24 15:00:00,2025-12-24 15:45:00,Short,4485.07,4487.79,0.2,4494.77,Opposite Signal,-54.4,13756.58
4809,2025-12-24 15:45:00,2025-12-24 16:30:00,Long,4487.79,4477.25,0.18,4477.25,Stop Loss,-189.71,13566.87
4810,2025-12-24 16:45:00,2025-12-24 17:00:00,Short,4464.74,4474.66,0.14,4478.84,Opposite Signal,-138.88,13427.99
4811,2025-12-24 17:00:00,2025-12-24 17:30:00,Long,4474.66,4459.98,0.13,4459.98,Stop Loss,-190.81,13237.19
4812,2025-12-24 17:30:00,2025-12-24 18:00:00,Short,4453.01,4470.41,0.11,4470.41,Stop Loss,-191.45,13045.74
4813,2025-12-24 18:00:00,2025-12-26 02:00:00,Long (Partial 50%),4466.28,4502.48,0.05,4466.28,Partial TP 1:2,181.0,13226.74
4813,2025-12-24 18:00:00,2025-12-26 03:15:00,Long,4466.28,4508.41,0.06,4508.41,Stop Loss,252.8,13479.54
4814,2025-12-26 03:30:00,2025-12-26 05:00:00,Short,4506.79,4511.68,0.11,4524.15,Opposite Signal,-53.79,13425.75
4815,2025-12-26 05:00:00,2025-12-26 08:45:00,Long,4511.68,4511.63,0.12,4495.76,Opposite Signal,-0.6,13425.15
4816,2025-12-26 08:45:00,2025-12-26 10:15:00,Short,4511.63,4515.05,0.18,4522.22,Opposite Signal,-61.56,13363.59
4817,2025-12-26 10:15:00,2025-12-26 11:45:00,Long,4515.05,4512.75,0.22,4506.15,Opposite Signal,-50.6,13312.99
4818,2025-12-26 11:45:00,2025-12-26 12:00:00,Short,4512.75,4518.77,0.25,4520.58,Opposite Signal,-150.5,13162.49
4819,2025-12-26 12:00:00,2025-12-26 12:45:00,Long,4518.77,4514.47,0.24,4510.62,Opposite Signal,-103.2,13059.29
4820,2025-12-26 12:45:00,2025-12-26 14:15:00,Short,4514.47,4511.81,0.23,4522.95,Opposite Signal,61.18,13120.47
4821,2025-12-26 14:15:00,2025-12-26 16:15:00,Long (Partial 50%),4511.81,4529.72,0.11,4511.81,Partial TP 1:2,197.01,13317.48
4821,2025-12-26 14:15:00,2025-12-26 16:30:00,Long,4511.81,4520.69,0.11,4512.94,Opposite Signal,97.68,13415.16
4822,2025-12-26 16:30:00,2025-12-26 17:15:00,Short,4520.69,4532.32,0.17,4532.32,Stop Loss,-197.73,13217.43
4823,2025-12-26 17:15:00,2025-12-26 18:45:00,Long,4533.42,4536.39,0.15,4520.54,Opposite Signal,44.55,13261.98
4824,2025-12-26 18:45:00,2025-12-26 20:30:00,Short,4536.39,4529.57,0.13,4551.09,Opposite Signal,88.66,13350.64
4825,2025-12-26 20:30:00,2025-12-26 21:45:00,Long,4529.57,4523.75,0.12,4514.14,Opposite Signal,-69.84,13280.8
4826,2025-12-26 21:45:00,2025-12-26 22:00:00,Short,4523.75,4532.85,0.14,4537.39,Opposite Signal,-127.4,13153.4
4827,2025-12-26 22:00:00,2025-12-29 02:00:00,Long,4532.85,4518.94,0.14,4518.94,Stop Loss,-194.76,12958.64
4828,2025-12-29 02:00:00,2025-12-29 02:15:00,Short (Partial 50%),4523.8,4493.27,0.06,4523.8,Partial TP 1:2,183.19,13141.84
4828,2025-12-29 02:00:00,2025-12-29 02:45:00,Short,4523.8,4504.5,0.07,4504.5,Stop Loss,135.12,13276.96
4829,2025-12-29 03:00:00,2025-12-29 07:45:00,Long,4512.17,4506.76,0.08,4487.88,Opposite Signal,-43.28,13233.68
4830,2025-12-29 07:45:00,2025-12-29 08:45:00,Short (Partial 50%),4506.76,4480.3,0.07,4506.76,Partial TP 1:2,185.19,13418.87
4830,2025-12-29 07:45:00,2025-12-29 10:00:00,Short,4506.76,4484.08,0.07,4484.08,Stop Loss,158.78,13577.66
4831,2025-12-29 11:30:00,2025-12-29 12:15:00,Long,4475.63,4462.62,0.11,4457.46,Opposite Signal,-143.11,13434.55
4832,2025-12-29 12:15:00,2025-12-29 14:30:00,Short,4462.62,4462.26,0.12,4478.99,Opposite Signal,4.32,13438.87
4833,2025-12-29 14:30:00,2025-12-29 15:15:00,Long,4462.26,4445.91,0.12,4445.91,Stop Loss,-196.24,13242.62
4834,2025-12-29 15:15:00,2025-12-29 15:45:00,Short (Partial 50%),4451.62,4419.47,0.06,4451.62,Partial TP 1:2,192.92,13435.54
4834,2025-12-29 15:15:00,2025-12-29 18:00:00,Short,4451.62,4341.67,0.06,4341.67,Stop Loss,659.73,14095.26
4835,2025-12-29 18:45:00,2025-12-29 19:30:00,Long,4341.79,4319.78,0.07,4313.33,Opposite Signal,-154.07,13941.19
4836,2025-12-29 19:30:00,2025-12-29 22:00:00,Short,4319.78,4342.47,0.07,4346.46,Opposite Signal,-158.83,13782.36
4837,2025-12-29 22:00:00,2025-12-29 22:30:00,Long,4342.47,4325.85,0.12,4325.85,Stop Loss,-199.39,13582.98
4838,2025-12-29 23:30:00,2025-12-30 01:00:00,Short,4329.61,4344.17,0.13,4344.17,Stop Loss,-189.33,13393.64
4839,2025-12-30 01:00:00,2025-12-30 01:15:00,Long,4340.68,4325.87,0.13,4325.87,Stop Loss,-192.55,13201.1
4840,2025-12-30 03:00:00,2025-12-30 03:30:00,Short,4335.02,4347.17,0.12,4350.5,Opposite Signal,-145.8,13055.3
4841,2025-12-30 03:30:00,2025-12-30 07:30:00,Long (Partial 50%),4347.17,4379.99,0.06,4347.17,Partial TP 1:2,196.94,13252.24
4841,2025-12-30 03:30:00,2025-12-30 08:15:00,Long,4347.17,4369.07,0.06,4369.07,Stop Loss,131.38,13383.62
4842,2025-12-30 08:15:00,2025-12-30 09:30:00,Short,4366.32,4376.93,0.16,4378.78,Opposite Signal,-169.76,13213.86
4843,2025-12-30 09:30:00,2025-12-30 10:00:00,Long,4376.93,4364.44,0.16,4364.44,Stop Loss,-199.81,13014.06
4844,2025-12-30 10:15:00,2025-12-30 10:45:00,Short,4353.38,4365.02,0.13,4368.47,Opposite Signal,-151.32,12862.74
4845,2025-12-30 10:45:00,2025-12-30 14:00:00,Long (Partial 50%),4365.02,4395.88,0.06,4365.02,Partial TP 1:2,185.17,13047.91
4845,2025-12-30 10:45:00,2025-12-30 15:15:00,Long,4365.02,4393.21,0.06,4393.21,Stop Loss,169.16,13217.07
4846,2025-12-30 15:30:00,2025-12-30 16:15:00,Short,4379.66,4390.62,0.14,4393.18,Opposite Signal,-153.44,13063.63
4847,2025-12-30 16:15:00,2025-12-30 16:30:00,Long,4390.62,4376.6,0.14,4376.6,Stop Loss,-196.33,12867.29
4848,2025-12-30 16:30:00,2025-12-30 18:45:00,Short,4371.48,4377.81,0.11,4388.33,Opposite Signal,-69.63,12797.66
4849,2025-12-30 18:45:00,2025-12-30 20:30:00,Long,4377.81,4365.98,0.11,4360.4,Opposite Signal,-130.13,12667.53
4850,2025-12-30 20:30:00,2025-12-30 23:45:00,Short (Partial 50%),4365.98,4336.29,0.06,4365.98,Partial TP 1:2,178.15,12845.68
4850,2025-12-30 20:30:00,2025-12-31 02:30:00,Short,4365.98,4344.48,0.07,4344.48,Stop Loss,150.5,12996.18
4851,2025-12-31 03:00:00,2025-12-31 04:45:00,Long,4353.49,4348.89,0.12,4337.43,Opposite Signal,-55.2,12940.98
4852,2025-12-31 04:45:00,2025-12-31 07:45:00,Short (Partial 50%),4348.89,4313.01,0.05,4348.89,Partial TP 1:2,179.38,13120.36
4852,2025-12-31 04:45:00,2025-12-31 08:15:00,Short,4348.89,4307.53,0.06,4315.68,Opposite Signal,248.16,13368.52
4853,2025-12-31 08:15:00,2025-12-31 10:30:00,Long,4307.53,4317.66,0.07,4282.35,Opposite Signal,70.91,13439.43
4854,2025-12-31 10:30:00,2025-12-31 11:15:00,Short,4317.66,4323.73,0.11,4335.33,Opposite Signal,-66.77,13372.66
4855,2025-12-31 11:15:00,2025-12-31 12:15:00,Long,4323.73,4319.72,0.1,4305.11,Opposite Signal,-40.1,13332.56
4856,2025-12-31 12:15:00,2025-12-31 14:30:00,Short,4319.72,4317.01,0.11,4337.38,Opposite Signal,29.81,13362.37
4857,2025-12-31 14:30:00,2025-12-31 15:45:00,Long (Partial 50%),4317.01,4346.22,0.06,4317.01,Partial TP 1:2,175.29,13537.65
4857,2025-12-31 14:30:00,2025-12-31 17:00:00,Long,4317.01,4334.13,0.07,4334.13,Stop Loss,119.81,13657.46
4858,2025-12-31 17:00:00,2025-12-31 22:30:00,Short,4331.69,4321.22,0.11,4349.84,Opposite Signal,115.17,13772.63
4859,2025-12-31 22:30:00,2025-12-31 22:45:00,Long,4321.22,4308.59,0.15,4308.59,Stop Loss,-189.44,13583.19
4860,2025-12-31 23:15:00,2025-12-31 23:45:00,Short,4310.0,4318.38,0.15,4322.51,Opposite Signal,-125.7,13457.49
4861,2025-12-31 23:45:00,2026-01-02 01:15:00,Long (Partial 50%),4318.38,4341.92,0.08,4318.38,Partial TP 1:2,188.36,13645.84
4861,2025-12-31 23:45:00,2026-01-02 03:00:00,Long,4318.38,4345.87,0.08,4345.87,Stop Loss,219.89,13865.74
4862,2026-01-02 08:30:00,2026-01-02 09:45:00,Short,4374.32,4383.05,0.22,4383.05,Stop Loss,-192.08,13673.66
4863,2026-01-02 09:45:00,2026-01-02 14:30:00,Long,4382.82,4388.05,0.21,4373.73,Opposite Signal,109.83,13783.49
4864,2026-01-02 14:30:00,2026-01-02 14:45:00,Short,4388.05,4394.42,0.22,4396.98,Opposite Signal,-140.14,13643.35
4865,2026-01-02 14:45:00,2026-01-02 15:15:00,Long,4394.42,4384.98,0.21,4384.98,Stop Loss,-198.27,13445.08
4866,2026-01-02 15:15:00,2026-01-02 16:30:00,Short (Partial 50%),4374.69,4348.3,0.07,4374.69,Partial TP 1:2,184.76,13629.84
4866,2026-01-02 15:15:00,2026-01-02 21:15:00,Short,4374.69,4323.01,0.07,4323.01,Stop Loss,361.79,13991.63
4867,2026-01-02 22:15:00,2026-01-05 01:00:00,Long (Partial 50%),4328.66,4354.44,0.07,4328.66,Partial TP 1:2,180.48,14172.11
4867,2026-01-02 22:15:00,2026-01-05 01:30:00,Long,4328.66,4357.06,0.07,4357.06,Stop Loss,198.77,14370.88
4868,2026-01-05 07:30:00,2026-01-05 07:45:00,Short,4401.92,4412.32,0.15,4414.91,Opposite Signal,-156.0,14214.88
4869,2026-01-05 07:45:00,2026-01-05 12:45:00,Long (Partial 50%),4412.32,4439.15,0.07,4412.32,Partial TP 1:2,187.82,14402.7
4869,2026-01-05 07:45:00,2026-01-05 13:15:00,Long,4412.32,4427.13,0.07,4427.13,Stop Loss,103.69,14506.39
4870,2026-01-05 13:15:00,2026-01-05 15:30:00,Short,4417.21,4412.09,0.16,4429.08,Opposite Signal,81.92,14588.31
4871,2026-01-05 15:30:00,2026-01-05 16:45:00,Long (Partial 50%),4412.09,4441.54,0.06,4412.09,Partial TP 1:2,176.68,14764.99
4871,2026-01-05 15:30:00,2026-01-05 17:30:00,Long,4412.09,4438.02,0.07,4438.02,Stop Loss,181.54,14946.53
4872,2026-01-05 21:45:00,2026-01-05 23:00:00,Short,4439.77,4446.69,0.16,4451.97,Opposite Signal,-110.72,14835.81
4873,2026-01-05 23:00:00,2026-01-06 01:30:00,Long,4446.69,4442.89,0.18,4435.94,Opposite Signal,-68.4,14767.41
4874,2026-01-06 01:30:00,2026-01-06 03:45:00,Short,4442.89,4449.79,0.18,4453.73,Opposite Signal,-124.2,14643.21
4875,2026-01-06 03:45:00,2026-01-06 07:30:00,Long,4449.79,4463.11,0.15,4436.53,Opposite Signal,199.8,14843.01
4876,2026-01-06 07:30:00,2026-01-06 08:15:00,Short,4463.11,4461.1,0.19,4473.14,Opposite Signal,38.19,14881.2
4877,2026-01-06 08:15:00,2026-01-06 09:45:00,Long,4461.1,4459.56,0.18,4450.17,Opposite Signal,-27.72,14853.48
4878,2026-01-06 09:45:00,2026-01-06 10:15:00,Short,4459.56,4470.12,0.18,4470.12,Stop Loss,-190.12,14663.36
4879,2026-01-06 10:15:00,2026-01-06 11:00:00,Long,4470.79,4459.33,0.17,4459.33,Stop Loss,-194.77,14468.59
4880,2026-01-06 11:00:00,2026-01-06 13:15:00,Short,4457.83,4455.68,0.16,4469.97,Opposite Signal,34.4,14502.99
4881,2026-01-06 13:15:00,2026-01-06 15:15:00,Long,4455.68,4459.08,0.19,4445.35,Opposite Signal,64.6,14567.59
4882,2026-01-06 15:15:00,2026-01-06 15:45:00,Short,4459.08,4467.9,0.18,4469.63,Opposite Signal,-158.76,14408.83
4883,2026-01-06 15:45:00,2026-01-06 17:30:00,Long,4467.9,4475.32,0.17,4456.24,Opposite Signal,126.14,14534.97
4884,2026-01-06 17:30:00,2026-01-06 18:30:00,Short,4475.32,4488.18,0.13,4490.63,Opposite Signal,-167.18,14367.79
4885,2026-01-06 18:30:00,2026-01-06 21:00:00,Long,4488.18,4482.15,0.13,4473.83,Opposite Signal,-78.39,14289.4
4886,2026-01-06 21:00:00,2026-01-06 22:30:00,Short,4482.15,4489.81,0.17,4493.45,Opposite Signal,-130.22,14159.18
4887,2026-01-06 22:30:00,2026-01-07 02:00:00,Long,4489.81,4493.22,0.2,4479.92,Opposite Signal,68.2,14227.38
4888,2026-01-07 02:00:00,2026-01-07 03:00:00,Short (Partial 50%),4493.22,4478.53,0.13,4493.22,Partial TP 1:2,191.02,14418.4
4888,2026-01-07 02:00:00,2026-01-07 04:00:00,Short,4493.22,4473.92,0.14,4473.92,Stop Loss,270.27,14688.67
4889,2026-01-07 04:30:00,2026-01-07 06:00:00,Long,4475.82,4470.46,0.15,4463.12,Opposite Signal,-80.4,14608.27
4890,2026-01-07 06:00:00,2026-01-07 07:30:00,Short (Partial 50%),4470.46,4449.37,0.09,4470.46,Partial TP 1:2,189.85,14798.12
4890,2026-01-07 06:00:00,2026-01-07 09:15:00,Short,4470.46,4452.59,0.09,4452.59,Stop Loss,160.83,14958.94
4891,2026-01-07 09:15:00,2026-01-07 12:15:00,Long,4454.91,4460.0,0.16,4442.47,Opposite Signal,81.44,15040.38
4892,2026-01-07 12:15:00,2026-01-07 14:15:00,Short (Partial 50%),4460.0,4439.67,0.09,4460.0,Partial TP 1:2,183.01,15223.4
4892,2026-01-07 12:15:00,2026-01-07 15:15:00,Short,4460.0,4442.47,0.1,4442.47,Stop Loss,175.3,15398.7
4893,2026-01-07 15:30:00,2026-01-07 17:00:00,Long,4445.38,4430.42,0.13,4430.42,Stop Loss,-194.46,15204.24
4894,2026-01-07 17:00:00,2026-01-07 17:15:00,Short,4426.7,4442.16,0.11,4443.7,Opposite Signal,-170.06,15034.18
4895,2026-01-07 17:15:00,2026-01-07 19:45:00,Long,4442.16,4451.83,0.11,4424.02,Opposite Signal,106.37,15140.55
4896,2026-01-07 19:45:00,2026-01-07 22:00:00,Short,4451.83,4458.37,0.13,4466.29,Opposite Signal,-85.02,15055.53
4897,2026-01-07 22:00:00,2026-01-08 02:15:00,Long,4458.37,4456.8,0.17,4447.1,Opposite Signal,-26.69,15028.84
4898,2026-01-08 02:15:00,2026-01-08 03:00:00,Short,4456.8,4457.36,0.22,4465.68,Opposite Signal,-12.32,15016.52
4899,2026-01-08 03:00:00,2026-01-08 03:30:00,Long,4457.36,4446.71,0.18,4446.71,Stop Loss,-191.73,14824.8
4900,2026-01-08 03:30:00,2026-01-08 07:15:00,Short (Partial 50%),4447.52,4425.1,0.08,4447.52,Partial TP 1:2,179.33,15004.13
4900,2026-01-08 03:30:00,2026-01-08 07:45:00,Short,4447.52,4425.38,0.09,4425.38,Stop Loss,199.26,15203.39
4901,2026-01-08 07:45:00,2026-01-08 10:00:00,Long,4425.53,4425.86,0.18,4414.59,Opposite Signal,5.94,15209.33
4902,2026-01-08 10:00:00,2026-01-08 10:45:00,Short,4425.86,4431.58,0.17,4437.23,Opposite Signal,-97.24,15112.09
4903,2026-01-08 10:45:00,2026-01-08 12:15:00,Long,4431.58,4424.64,0.16,4419.65,Opposite Signal,-111.04,15001.05
4904,2026-01-08 12:15:00,2026-01-08 12:30:00,Short,4424.64,4434.83,0.19,4434.83,Stop Loss,-193.65,14807.4
4905,2026-01-08 12:30:00,2026-01-08 13:45:00,Long,4432.64,4422.84,0.18,4421.77,Opposite Signal,-176.4,14631.0
4906,2026-01-08 13:45:00,2026-01-08 14:15:00,Short,4422.84,4420.51,0.21,4432.08,Opposite Signal,48.93,14679.93
4907,2026-01-08 14:15:00,2026-01-08 15:00:00,Long,4420.51,4420.54,0.17,4409.37,Opposite Signal,0.51,14680.44
4908,2026-01-08 15:00:00,2026-01-08 15:15:00,Short,4420.54,4432.43,0.16,4432.43,Stop Loss,-190.19,14490.25
4909,2026-01-08 15:15:00,2026-01-08 15:45:00,Long,4434.34,4423.78,0.15,4421.31,Opposite Signal,-158.4,14331.85
4910,2026-01-08 15:45:00,2026-01-08 16:45:00,Short,4423.78,4437.44,0.14,4437.44,Stop Loss,-191.29,14140.55
4911,2026-01-08 16:45:00,2026-01-08 18:30:00,Long (Partial 50%),4433.04,4463.23,0.06,4433.04,Partial TP 1:2,181.12,14321.67
4911,2026-01-08 16:45:00,2026-01-08 20:00:00,Long,4433.04,4454.94,0.07,4454.94,Stop Loss,153.29,14474.96
4912,2026-01-08 20:00:00,2026-01-08 22:00:00,Short,4453.86,4458.19,0.15,4467.03,Opposite Signal,-64.95,14410.01
4913,2026-01-08 22:00:00,2026-01-08 23:00:00,Long (Partial 50%),4458.19,4478.73,0.09,4458.19,Partial TP 1:2,184.87,14594.89
4913,2026-01-08 22:00:00,2026-01-09 02:15:00,Long,4458.19,4470.81,0.1,4470.81,Stop Loss,126.21,14721.1
4914,2026-01-09 02:15:00,2026-01-09 03:45:00,Short,4465.85,4468.96,0.22,4474.91,Opposite Signal,-68.42,14652.68
4915,2026-01-09 03:45:00,2026-01-09 05:00:00,Long,4468.96,4464.3,0.18,4458.38,Opposite Signal,-83.88,14568.8
4916,2026-01-09 05:00:00,2026-01-09 08:15:00,Short,4464.3,4473.58,0.18,4474.88,Opposite Signal,-167.04,14401.76
4917,2026-01-09 08:15:00,2026-01-09 10:30:00,Long,4473.58,4466.75,0.23,4465.16,Opposite Signal,-157.09,14244.67
4918,2026-01-09 10:30:00,2026-01-09 11:00:00,Short,4466.75,4474.74,0.23,4475.09,Opposite Signal,-183.77,14060.9
4919,2026-01-09 11:00:00,2026-01-09 12:15:00,Long,4474.74,4468.99,0.23,4466.38,Opposite Signal,-132.25,13928.65
4920,2026-01-09 12:15:00,2026-01-09 13:45:00,Short,4468.99,4475.38,0.26,4476.48,Opposite Signal,-166.14,13762.51
4921,2026-01-09 13:45:00,2026-01-09 14:15:00,Long,4475.38,4468.18,0.27,4468.18,Stop Loss,-194.4,13568.11
4922,2026-01-09 14:15:00,2026-01-09 15:15:00,Short,4467.85,4472.88,0.24,4476.03,Opposite Signal,-120.72,13447.39
4923,2026-01-09 15:15:00,2026-01-09 15:30:00,Long,4472.88,4462.9,0.2,4462.9,Stop Loss,-199.61,13247.78
4924,2026-01-09 19:30:00,2026-01-09 20:30:00,Short,4501.99,4502.28,0.14,4516.08,Opposite Signal,-4.06,13243.72
4925,2026-01-09 20:30:00,2026-01-12 01:15:00,Long (Partial 50%),4502.28,4533.21,0.06,4502.28,Partial TP 1:2,185.55,13429.27
4925,2026-01-09 20:30:00,2026-01-12 03:00:00,Long,4502.28,4579.65,0.06,4579.65,Stop Loss,464.24,13893.51
4926,2026-01-12 03:30:00,2026-01-12 04:30:00,Short,4573.68,4578.93,0.1,4591.96,Opposite Signal,-52.5,13841.01
4927,2026-01-12 04:30:00,2026-01-12 05:45:00,Long,4578.93,4570.58,0.11,4561.05,Opposite Signal,-91.85,13749.16
4928,2026-01-12 05:45:00,2026-01-12 07:30:00,Short,4570.58,4581.69,0.13,4585.37,Opposite Signal,-144.43,13604.73
4929,2026-01-12 07:30:00,2026-01-12 08:00:00,Long,4581.69,4572.55,0.16,4569.44,Opposite Signal,-146.24,13458.49
4930,2026-01-12 08:00:00,2026-01-12 09:00:00,Short,4572.55,4583.5,0.16,4584.7,Opposite Signal,-175.2,13283.29
4931,2026-01-12 09:00:00,2026-01-12 11:45:00,Long,4583.5,4589.07,0.17,4572.13,Opposite Signal,94.69,13377.98
4932,2026-01-12 11:45:00,2026-01-12 13:30:00,Short,4589.07,4592.02,0.19,4599.51,Opposite Signal,-56.05,13321.93
4933,2026-01-12 13:30:00,2026-01-12 14:00:00,Long,4592.02,4581.51,0.19,4581.51,Stop Loss,-199.6,13122.34
4934,2026-01-12 14:00:00,2026-01-12 14:45:00,Short,4582.13,4590.45,0.18,4593.11,Opposite Signal,-149.76,12972.58
4935,2026-01-12 14:45:00,2026-01-12 15:15:00,Long (Partial 50%),4590.45,4610.29,0.1,4590.45,Partial TP 1:2,198.41,13170.98
4935,2026-01-12 14:45:00,2026-01-12 16:00:00,Long,4590.45,4607.37,0.1,4607.37,Stop Loss,169.23,13340.21
4936,2026-01-12 16:00:00,2026-01-12 16:30:00,Short,4596.37,4604.2,0.13,4611.41,Opposite Signal,-101.79,13238.42
4937,2026-01-12 16:30:00,2026-01-12 18:30:00,Long,4604.2,4612.33,0.11,4586.17,Opposite Signal,89.43,13327.85
4938,2026-01-12 18:30:00,2026-01-12 21:15:00,Short,4612.33,4616.95,0.11,4630.17,Opposite Signal,-50.82,13277.03
4939,2026-01-12 21:15:00,2026-01-12 22:00:00,Long,4616.95,4604.39,0.15,4604.39,Stop Loss,-188.38,13088.65
4940,2026-01-12 22:00:00,2026-01-13 01:00:00,Short (Partial 50%),4603.09,4578.1,0.08,4603.09,Partial TP 1:2,199.96,13288.61
4940,2026-01-12 22:00:00,2026-01-13 01:45:00,Short,4603.09,4594.32,0.08,4594.32,Stop Loss,70.13,13358.74
4941,2026-01-13 01:45:00,2026-01-13 02:15:00,Long,4599.4,4588.27,0.13,4584.67,Opposite Signal,-144.69,13214.05
4942,2026-01-13 02:15:00,2026-01-13 04:30:00,Short,4588.27,4589.21,0.14,4602.39,Opposite Signal,-13.16,13200.89
4943,2026-01-13 04:30:00,2026-01-13 07:30:00,Long,4589.21,4594.31,0.14,4575.08,Opposite Signal,71.4,13272.29
4944,2026-01-13 07:30:00,2026-01-13 09:00:00,Short,4594.31,4584.87,0.18,4605.27,Opposite Signal,169.92,13442.21
4945,2026-01-13 09:00:00,2026-01-13 11:45:00,Long,4584.87,4586.12,0.17,4573.74,Opposite Signal,21.25,13463.46
4946,2026-01-13 11:45:00,2026-01-13 14:45:00,Short,4586.12,4593.21,0.19,4596.23,Opposite Signal,-134.71,13328.75
4947,2026-01-13 14:45:00,2026-01-13 15:30:00,Long (Partial 50%),4593.21,4612.51,0.1,4593.21,Partial TP 1:2,193.03,13521.78
4947,2026-01-13 14:45:00,2026-01-13 17:00:00,Long,4593.21,4619.99,0.1,4619.99,Stop Loss,267.78,13789.56
4948,2026-01-13 17:15:00,2026-01-13 18:45:00,Short,4608.79,4613.4,0.11,4626.24,Opposite Signal,-50.71,13738.85
4949,2026-01-13 18:45:00,2026-01-13 19:45:00,Long,4613.4,4595.77,0.11,4595.77,Stop Loss,-193.9,13544.95
4950,2026-01-13 19:45:00,2026-01-14 01:00:00,Short,4590.44,4595.97,0.11,4608.03,Opposite Signal,-60.83,13484.12
4951,2026-01-14 01:00:00,2026-01-14 04:30:00,Long (Partial 50%),4595.97,4622.18,0.07,4595.97,Partial TP 1:2,183.47,13667.59
4951,2026-01-14 01:00:00,2026-01-14 05:15:00,Long,4595.97,4613.93,0.07,4613.93,Stop Loss,125.73,13793.33
4952,2026-01-14 07:45:00,2026-01-14 08:00:00,Short,4619.55,4631.39,0.16,4631.39,Stop Loss,-189.39,13603.93
4953,2026-01-14 08:00:00,2026-01-14 10:00:00,Long,4633.42,4627.45,0.15,4620.24,Opposite Signal,-89.55,13514.38
4954,2026-01-14 10:00:00,2026-01-14 10:45:00,Short,4627.45,4635.0,0.17,4638.94,Opposite Signal,-128.35,13386.03
4955,2026-01-14 10:45:00,2026-01-14 11:30:00,Long,4635.0,4627.59,0.17,4623.75,Opposite Signal,-125.97,13260.06
4956,2026-01-14 11:30:00,2026-01-14 12:15:00,Short,4627.59,4634.89,0.18,4638.53,Opposite Signal,-131.4,13128.66
4957,2026-01-14 12:15:00,2026-01-14 15:00:00,Long,4634.89,4628.53,0.2,4624.92,Opposite Signal,-127.2,13001.46
4958,2026-01-14 15:00:00,2026-01-14 15:30:00,Short,4628.53,4636.86,0.18,4639.27,Opposite Signal,-149.94,12851.52
4959,2026-01-14 15:30:00,2026-01-14 16:30:00,Long,4636.86,4625.2,0.17,4625.2,Stop Loss,-198.2,12653.33
4960,2026-01-14 16:30:00,2026-01-14 19:45:00,Short,4619.02,4614.31,0.14,4632.72,Opposite Signal,65.94,12719.27
4961,2026-01-14 19:45:00,2026-01-14 22:30:00,Long,4614.31,4626.29,0.13,4599.06,Opposite Signal,155.74,12875.01
4962,2026-01-14 22:30:00,2026-01-15 02:00:00,Short,4626.29,4616.59,0.14,4639.68,Opposite Signal,135.8,13010.81
4963,2026-01-15 02:00:00,2026-01-15 03:15:00,Long,4616.59,4602.3,0.13,4602.3,Stop Loss,-185.78,12825.03
4964,2026-01-15 03:15:00,2026-01-15 04:00:00,Short,4600.63,4614.27,0.14,4614.27,Stop Loss,-190.98,12634.05
4965,2026-01-15 04:00:00,2026-01-15 04:45:00,Long,4613.98,4597.77,0.12,4597.77,Stop Loss,-194.5,12439.55
4966,2026-01-15 04:45:00,2026-01-15 05:30:00,Short,4602.88,4596.64,0.12,4618.8,Opposite Signal,74.88,12514.43
4967,2026-01-15 05:30:00,2026-01-15 15:00:00,Long,4596.64,4611.68,0.11,4578.99,Opposite Signal,165.44,12679.87
4968,2026-01-15 15:00:00,2026-01-15 15:30:00,Short (Partial 50%),4611.68,4595.19,0.12,4611.68,Partial TP 1:2,197.9,12877.77
4968,2026-01-15 15:00:00,2026-01-15 16:00:00,Short,4611.68,4596.07,0.12,4596.07,Stop Loss,187.31,13065.07
4969,2026-01-15 16:00:00,2026-01-15 18:15:00,Long,4599.87,4611.56,0.15,4586.96,Opposite Signal,175.35,13240.42
4970,2026-01-15 18:15:00,2026-01-15 19:45:00,Short,4611.56,4616.53,0.13,4626.44,Opposite Signal,-64.61,13175.81
4971,2026-01-15 19:45:00,2026-01-15 22:00:00,Long,4616.53,4604.57,0.16,4604.57,Stop Loss,-191.29,12984.52
4972,2026-01-15 22:00:00,2026-01-15 23:00:00,Short,4605.75,4612.12,0.2,4615.41,Opposite Signal,-127.4,12857.12
4973,2026-01-15 23:00:00,2026-01-16 01:15:00,Long,4612.12,4608.99,0.2,4602.31,Opposite Signal,-62.6,12794.52
4974,2026-01-16 01:15:00,2026-01-16 03:15:00,Short,4608.99,4606.08,0.23,4617.68,Opposite Signal,66.93,12861.45
4975,2026-01-16 03:15:00,2026-01-16 04:00:00,Long,4606.08,4598.12,0.21,4596.6,Opposite Signal,-167.16,12694.29
4976,2026-01-16 04:00:00,2026-01-16 07:30:00,Short,4598.12,4606.75,0.2,4607.69,Opposite Signal,-172.6,12521.69
4977,2026-01-16 07:30:00,2026-01-16 08:00:00,Long,4606.75,4604.53,0.23,4598.17,Opposite Signal,-51.06,12470.63
4978,2026-01-16 08:00:00,2026-01-16 09:00:00,Short,4604.53,4609.94,0.21,4614.02,Opposite Signal,-113.61,12357.02
4979,2026-01-16 09:00:00,2026-01-16 10:30:00,Long,4609.94,4602.19,0.17,4598.7,Opposite Signal,-131.75,12225.27
4980,2026-01-16 10:30:00,2026-01-16 12:15:00,Short,4602.19,4607.51,0.18,4613.09,Opposite Signal,-95.76,12129.51
4981,2026-01-16 12:15:00,2026-01-16 12:45:00,Long,4607.51,4600.18,0.21,4598.21,Opposite Signal,-153.93,11975.58
4982,2026-01-16 12:45:00,2026-01-16 13:00:00,Short,4600.18,4606.48,0.21,4609.39,Opposite Signal,-132.3,11843.28
4983,2026-01-16 13:00:00,2026-01-16 14:15:00,Long,4606.48,4606.39,0.21,4596.97,Opposite Signal,-1.89,11841.39
4984,2026-01-16 14:15:00,2026-01-16 15:15:00,Short (Partial 50%),4606.39,4588.32,0.11,4606.39,Partial TP 1:2,198.77,12040.16
4984,2026-01-16 14:15:00,2026-01-16 15:30:00,Short,4606.39,4599.53,0.11,4606.39,Opposite Signal,75.46,12115.62
4985,2026-01-16 15:30:00,2026-01-16 17:15:00,Long,4599.53,4587.16,0.16,4587.16,Stop Loss,-197.87,11917.75
4986,2026-01-16 17:15:00,2026-01-16 18:00:00,Short,4565.22,4585.81,0.09,4585.81,Stop Loss,-185.3,11732.45
4987,2026-01-16 18:00:00,2026-01-16 19:15:00,Long,4592.68,4578.61,0.07,4567.05,Opposite Signal,-98.49,11633.96
4988,2026-01-16 19:15:00,2026-01-16 20:30:00,Short,4578.61,4595.26,0.08,4601.17,Opposite Signal,-133.2,11500.76
4989,2026-01-16 20:30:00,2026-01-16 20:45:00,Long,4595.26,4582.64,0.1,4576.9,Opposite Signal,-126.2,11374.56
4990,2026-01-16 20:45:00,2026-01-16 23:15:00,Short,4582.64,4592.32,0.1,4601.2,Opposite Signal,-96.8,11277.76
4991,2026-01-16 23:15:00,2026-01-19 01:00:00,Long (Partial 50%),4592.32,4619.26,0.07,4592.32,Partial TP 1:2,188.61,11466.37
4991,2026-01-16 23:15:00,2026-01-19 02:15:00,Long,4592.32,4663.39,0.07,4663.39,Stop Loss,497.47,11963.84
4992,2026-01-19 03:00:00,2026-01-19 07:00:00,Short,4663.11,4669.56,0.09,4684.93,Opposite Signal,-58.05,11905.79
4993,2026-01-19 07:00:00,2026-01-19 09:00:00,Long,4669.56,4669.84,0.17,4657.81,Opposite Signal,4.76,11910.55
4994,2026-01-19 09:00:00,2026-01-19 11:00:00,Short,4669.84,4670.84,0.18,4680.87,Opposite Signal,-18.0,11892.55
4995,2026-01-19 11:00:00,2026-01-19 12:30:00,Long,4670.84,4661.59,0.19,4660.5,Opposite Signal,-175.75,11716.8
4996,2026-01-19 12:30:00,2026-01-19 14:15:00,Short,4661.59,4670.62,0.22,4670.62,Stop Loss,-198.64,11518.16
4997,2026-01-19 14:15:00,2026-01-19 15:45:00,Long,4671.03,4666.14,0.22,4661.96,Opposite Signal,-107.58,11410.58
4998,2026-01-19 15:45:00,2026-01-19 17:45:00,Short,4666.14,4674.43,0.24,4674.43,Stop Loss,-198.91,11211.67
4999,2026-01-19 17:45:00,2026-01-19 21:00:00,Long,4674.38,4671.98,0.24,4666.22,Opposite Signal,-57.6,11154.07
5000,2026-01-19 21:00:00,2026-01-20 02:15:00,Short (Partial 50%),4671.98,4659.67,0.16,4671.98,Partial TP 1:2,197.04,11351.11
5000,2026-01-19 21:00:00,2026-01-20 03:00:00,Short,4671.98,4664.89,0.16,4664.89,Stop Loss,113.5,11464.61
5001,2026-01-20 03:00:00,2026-01-20 04:00:00,Long,4670.29,4666.15,0.24,4662.12,Opposite Signal,-99.36,11365.25
5002,2026-01-20 04:00:00,2026-01-20 04:15:00,Short,4666.15,4672.11,0.22,4675.04,Opposite Signal,-131.12,11234.13
5003,2026-01-20 04:15:00,2026-01-20 06:30:00,Long (Partial 50%),4672.11,4690.48,0.1,4672.11,Partial TP 1:2,183.69,11417.82
5003,2026-01-20 04:15:00,2026-01-20 08:30:00,Long,4672.11,4707.26,0.1,4707.26,Stop Loss,351.53,11769.35
5004,2026-01-20 12:30:00,2026-01-20 13:30:00,Short,4724.52,4732.27,0.19,4734.88,Opposite Signal,-147.25,11622.1
5005,2026-01-20 13:30:00,2026-01-20 14:15:00,Long,4732.27,4726.64,0.2,4722.71,Opposite Signal,-112.6,11509.5
5006,2026-01-20 14:15:00,2026-01-20 15:30:00,Short,4726.64,4729.76,0.22,4735.47,Opposite Signal,-68.64,11440.86
5007,2026-01-20 15:30:00,2026-01-20 16:15:00,Long (Partial 50%),4729.76,4750.63,0.09,4729.76,Partial TP 1:2,187.85,11628.71
5007,2026-01-20 15:30:00,2026-01-20 16:30:00,Long,4729.76,4729.76,0.1,4729.76,Stop Loss,0.0,11628.71
5008,2026-01-20 16:30:00,2026-01-20 17:45:00,Short,4738.53,4737.49,0.13,4753.21,Opposite Signal,13.52,11642.23
5009,2026-01-20 17:45:00,2026-01-20 22:15:00,Long,4737.49,4750.45,0.12,4720.89,Opposite Signal,155.52,11797.75
5010,2026-01-20 22:15:00,2026-01-20 23:00:00,Short,4750.45,4760.4,0.16,4762.63,Opposite Signal,-159.2,11638.55
5011,2026-01-20 23:00:00,2026-01-21 02:30:00,Long (Partial 50%),4760.4,4783.17,0.08,4760.4,Partial TP 1:2,182.13,11820.68
5011,2026-01-20 23:00:00,2026-01-21 03:30:00,Long,4760.4,4817.21,0.09,4817.21,Stop Loss,511.27,12331.95
5012,2026-01-21 08:30:00,2026-01-21 09:45:00,Short,4861.32,4855.34,0.09,4882.06,Opposite Signal,53.82,12385.77
5013,2026-01-21 09:45:00,2026-01-21 11:45:00,Long,4855.34,4860.45,0.09,4834.18,Opposite Signal,45.99,12431.76
5014,2026-01-21 11:45:00,2026-01-21 15:30:00,Short,4860.45,4877.21,0.1,4879.49,Opposite Signal,-167.6,12264.16
5015,2026-01-21 15:30:00,2026-01-21 16:00:00,Long,4877.21,4862.68,0.13,4862.68,Stop Loss,-188.89,12075.27
5016,2026-01-21 16:00:00,2026-01-21 16:15:00,Short,4844.69,4864.05,0.1,4864.05,Stop Loss,-193.63,11881.64
5017,2026-01-21 16:15:00,2026-01-21 17:15:00,Long,4860.67,4839.86,0.09,4839.86,Stop Loss,-187.26,11694.38
5018,2026-01-21 17:15:00,2026-01-21 20:15:00,Short,4831.24,4834.06,0.07,4859.44,Opposite Signal,-19.74,11674.64
5019,2026-01-21 20:15:00,2026-01-21 21:15:00,Long,4834.06,4808.47,0.07,4808.47,Stop Loss,-179.12,11495.52
5020,2026-01-21 21:15:00,2026-01-21 21:45:00,Short (Partial 50%),4815.77,4760.21,0.03,4815.77,Partial TP 1:2,166.69,11662.21
5020,2026-01-21 21:15:00,2026-01-21 22:15:00,Short,4815.77,4797.2,0.04,4809.34,Opposite Signal,74.28,11736.49
5021,2026-01-21 22:15:00,2026-01-22 01:00:00,Long,4797.2,4814.93,0.06,4765.18,Opposite Signal,106.38,11842.87
5022,2026-01-22 01:00:00,2026-01-22 02:45:00,Short,4814.93,4798.23,0.07,4843.33,Opposite Signal,116.9,11959.77
5023,2026-01-22 02:45:00,2026-01-22 04:30:00,Long,4798.23,4781.92,0.07,4772.15,Opposite Signal,-114.17,11845.6
5024,2026-01-22 04:30:00,2026-01-22 06:00:00,Short,4781.92,4798.34,0.08,4804.75,Opposite Signal,-131.36,11714.24
5025,2026-01-22 06:00:00,2026-01-22 09:00:00,Long (Partial 50%),4798.34,4832.46,0.05,4798.34,Partial TP 1:2,170.59,11884.83
5025,2026-01-22 06:00:00,2026-01-22 10:00:00,Long,4798.34,4827.98,0.06,4827.98,Stop Loss,177.81,12062.64
5026,2026-01-22 10:00:00,2026-01-22 12:15:00,Short,4827.75,4826.73,0.15,4840.76,Opposite Signal,15.3,12077.94
5027,2026-01-22 12:15:00,2026-01-22 14:45:00,Long,4826.73,4819.69,0.16,4814.55,Opposite Signal,-112.64,11965.3
5028,2026-01-22 14:45:00,2026-01-22 15:15:00,Short,4819.69,4830.35,0.18,4830.35,Stop Loss,-191.87,11773.43
5029,2026-01-22 15:15:00,2026-01-22 15:30:00,Long,4828.45,4816.84,0.17,4816.84,Stop Loss,-197.32,11576.11
5030,2026-01-22 15:30:00,2026-01-22 16:00:00,Short,4813.74,4824.15,0.15,4826.82,Opposite Signal,-156.15,11419.96
5031,2026-01-22 16:00:00,2026-01-22 16:45:00,Long,4824.15,4835.13,0.15,4811.13,Opposite Signal,164.7,11584.66
5032,2026-01-22 16:45:00,2026-01-22 17:15:00,Short,4835.13,4849.97,0.13,4849.97,Stop Loss,-192.94,11391.72
5033,2026-01-22 17:15:00,2026-01-22 19:15:00,Long (Partial 50%),4853.83,4887.45,0.05,4853.83,Partial TP 1:2,168.11,11559.84
5033,2026-01-22 17:15:00,2026-01-22 21:15:00,Long,4853.83,4913.28,0.06,4913.28,Stop Loss,356.73,11916.56
5034,2026-01-22 21:45:00,2026-01-22 22:00:00,Short,4911.84,4925.73,0.13,4926.96,Opposite Signal,-180.57,11735.99
5035,2026-01-22 22:00:00,2026-01-23 01:00:00,Long (Partial 50%),4925.73,4957.35,0.06,4925.73,Partial TP 1:2,189.73,11925.72
5035,2026-01-22 22:00:00,2026-01-23 02:30:00,Long,4925.73,4947.56,0.06,4947.56,Stop Loss,130.96,12056.68
5036,2026-01-23 03:00:00,2026-01-23 06:30:00,Short,4949.19,4956.72,0.09,4969.64,Opposite Signal,-67.77,11988.91
5037,2026-01-23 06:30:00,2026-01-23 08:00:00,Long,4956.72,4952.67,0.15,4943.62,Opposite Signal,-60.75,11928.16
5038,2026-01-23 08:00:00,2026-01-23 10:15:00,Short (Partial 50%),4952.67,4928.16,0.08,4952.67,Partial TP 1:2,196.05,12124.21
5038,2026-01-23 08:00:00,2026-01-23 10:30:00,Short,4952.67,4925.35,0.08,4937.11,Opposite Signal,218.56,12342.77
5039,2026-01-23 10:30:00,2026-01-23 11:00:00,Long,4925.35,4912.05,0.11,4907.71,Opposite Signal,-146.3,12196.47
5040,2026-01-23 11:00:00,2026-01-23 11:45:00,Short,4912.05,4918.78,0.11,4930.21,Opposite Signal,-74.03,12122.44
5041,2026-01-23 11:45:00,2026-01-23 13:00:00,Long,4918.78,4918.54,0.11,4900.69,Opposite Signal,-2.64,12119.8
5042,2026-01-23 13:00:00,2026-01-23 14:00:00,Short,4918.54,4933.99,0.12,4934.71,Opposite Signal,-185.4,11934.4
5043,2026-01-23 14:00:00,2026-01-23 18:00:00,Long (Partial 50%),4933.99,4964.96,0.06,4933.99,Partial TP 1:2,185.8,12120.2
5043,2026-01-23 14:00:00,2026-01-23 19:45:00,Long,4933.99,4972.34,0.06,4972.34,Stop Loss,230.11,12350.31
5044,2026-01-23 19:45:00,2026-01-23 20:00:00,Short,4965.58,4980.81,0.1,4983.77,Opposite Signal,-152.3,12198.01
5045,2026-01-23 20:00:00,2026-01-23 20:30:00,Long,4980.81,4964.35,0.1,4961.79,Opposite Signal,-164.6,12033.41
5046,2026-01-23 20:30:00,2026-01-23 21:15:00,Short,4964.35,4977.27,0.1,4983.04,Opposite Signal,-129.2,11904.21
5047,2026-01-23 21:15:00,2026-01-26 01:00:00,Long (Partial 50%),4977.27,5012.07,0.05,4977.27,Partial TP 1:2,174.01,12078.22
5047,2026-01-23 21:15:00,2026-01-26 03:00:00,Long,4977.27,5038.03,0.06,5038.03,Stop Loss,364.56,12442.78
5048,2026-01-26 06:15:00,2026-01-26 07:45:00,Short,5072.3,5074.52,0.11,5089.69,Opposite Signal,-24.42,12418.36
5049,2026-01-26 07:45:00,2026-01-26 08:45:00,Long,5074.52,5077.56,0.1,5054.6,Opposite Signal,30.4,12448.76
5050,2026-01-26 08:45:00,2026-01-26 09:15:00,Short,5077.56,5095.4,0.08,5101.34,Opposite Signal,-142.72,12306.04
5051,2026-01-26 09:15:00,2026-01-26 10:45:00,Long,5095.4,5083.45,0.08,5072.76,Opposite Signal,-95.6,12210.44
5052,2026-01-26 10:45:00,2026-01-26 11:15:00,Short,5083.45,5096.72,0.11,5101.39,Opposite Signal,-145.97,12064.47
5053,2026-01-26 11:15:00,2026-01-26 11:45:00,Long,5096.72,5079.47,0.11,5079.47,Stop Loss,-189.72,11874.75
5054,2026-01-26 11:45:00,2026-01-26 16:30:00,Short,5084.08,5081.8,0.11,5102.19,Opposite Signal,25.08,11899.83
5055,2026-01-26 16:30:00,2026-01-26 17:30:00,Long,5081.8,5078.48,0.1,5062.83,Opposite Signal,-33.2,11866.63
5056,2026-01-26 17:30:00,2026-01-26 18:00:00,Short,5078.48,5098.61,0.09,5098.61,Stop Loss,-181.17,11685.45
5057,2026-01-26 18:00:00,2026-01-26 18:15:00,Long,5101.54,5080.61,0.09,5080.61,Stop Loss,-188.35,11497.1
5058,2026-01-26 18:15:00,2026-01-26 19:00:00,Short,5075.84,5094.25,0.08,5099.71,Opposite Signal,-147.28,11349.82
5059,2026-01-26 19:00:00,2026-01-26 20:00:00,Long,5094.25,5078.34,0.08,5070.53,Opposite Signal,-127.28,11222.54
5060,2026-01-26 20:00:00,2026-01-26 21:15:00,Short (Partial 50%),5078.34,5029.13,0.04,5078.34,Partial TP 1:2,196.85,11419.4
5060,2026-01-26 20:00:00,2026-01-26 22:00:00,Short,5078.34,5050.55,0.04,5050.55,Stop Loss,111.15,11530.54
5061,2026-01-26 22:00:00,2026-01-26 23:00:00,Long,5049.96,5034.26,0.05,5016.44,Opposite Signal,-78.5,11452.04
5062,2026-01-26 23:00:00,2026-01-27 01:00:00,Short,5034.26,5040.02,0.06,5067.3,Opposite Signal,-34.56,11417.48
5063,2026-01-27 01:00:00,2026-01-27 02:30:00,Long,5040.02,5031.72,0.05,5005.36,Opposite Signal,-41.5,11375.98
5064,2026-01-27 02:30:00,2026-01-27 03:00:00,Short,5031.72,5061.19,0.06,5061.19,Stop Loss,-176.82,11199.16
5065,2026-01-27 03:00:00,2026-01-27 10:15:00,Long,5071.55,5077.55,0.05,5036.79,Opposite Signal,30.0,11229.16
5066,2026-01-27 10:15:00,2026-01-27 11:45:00,Short,5077.55,5094.71,0.11,5094.71,Stop Loss,-188.79,11040.38
5067,2026-01-27 11:45:00,2026-01-27 12:15:00,Long,5098.65,5088.18,0.12,5083.0,Opposite Signal,-125.64,10914.74
5068,2026-01-27 12:15:00,2026-01-27 14:30:00,Short,5088.18,5089.44,0.13,5103.42,Opposite Signal,-16.38,10898.36
5069,2026-01-27 14:30:00,2026-01-27 15:30:00,Long,5089.44,5075.37,0.14,5075.37,Stop Loss,-197.03,10701.33
5070,2026-01-27 15:30:00,2026-01-27 16:30:00,Short,5073.33,5079.21,0.11,5090.03,Opposite Signal,-64.68,10636.65
5071,2026-01-27 16:30:00,2026-01-27 16:45:00,Long,5079.21,5058.36,0.09,5058.36,Stop Loss,-187.61,10449.03
5072,2026-01-27 16:45:00,2026-01-27 17:30:00,Short,5054.75,5077.72,0.08,5077.72,Stop Loss,-183.78,10265.26
5073,2026-01-27 17:30:00,2026-01-27 19:30:00,Long,5080.54,5081.86,0.08,5055.58,Opposite Signal,10.56,10275.82
5074,2026-01-27 19:30:00,2026-01-27 21:45:00,Short,5081.86,5098.95,0.09,5102.76,Opposite Signal,-153.81,10122.01
5075,2026-01-27 21:45:00,2026-01-27 22:00:00,Long (Partial 50%),5098.95,5129.58,0.06,5098.95,Partial TP 1:2,183.78,10305.79
5075,2026-01-27 21:45:00,2026-01-28 01:00:00,Long,5098.95,5169.1,0.07,5169.1,Stop Loss,491.05,10796.84
5076,2026-01-28 01:30:00,2026-01-28 03:00:00,Short,5164.27,5187.24,0.08,5187.24,Stop Loss,-183.74,10613.11
5077,2026-01-28 03:00:00,2026-01-28 05:00:00,Long (Partial 50%),5190.98,5237.4,0.04,5190.98,Partial TP 1:2,185.67,10798.78
5077,2026-01-28 03:00:00,2026-01-28 10:45:00,Long,5190.98,5286.5,0.04,5286.5,Stop Loss,382.07,11180.85
5078,2026-01-28 11:00:00,2026-01-28 12:00:00,Short,5281.85,5282.26,0.09,5303.1,Opposite Signal,-3.69,11177.16
5079,2026-01-28 12:00:00,2026-01-28 13:00:00,Long,5282.26,5261.17,0.09,5261.17,Stop Loss,-189.8,10987.36
5080,2026-01-28 13:00:00,2026-01-28 14:45:00,Short,5260.54,5279.26,0.09,5282.43,Opposite Signal,-168.48,10818.88
5081,2026-01-28 14:45:00,2026-01-28 15:30:00,Long,5279.26,5259.6,0.1,5259.6,Stop Loss,-196.63,10622.25
5082,2026-01-28 15:30:00,2026-01-28 16:30:00,Short,5261.53,5283.92,0.08,5283.92,Stop Loss,-179.13,10443.12
5083,2026-01-28 16:30:00,2026-01-28 17:00:00,Long,5278.98,5253.7,0.07,5253.7,Stop Loss,-176.96,10266.16
5084,2026-01-28 17:00:00,2026-01-28 17:30:00,Short,5256.81,5280.05,0.06,5289.13,Opposite Signal,-139.44,10126.72
5085,2026-01-28 17:30:00,2026-01-28 20:30:00,Long,5280.05,5273.66,0.06,5247.56,Opposite Signal,-38.34,10088.38
5086,2026-01-28 20:30:00,2026-01-28 21:00:00,Short,5273.66,5297.32,0.06,5304.79,Opposite Signal,-141.96,9946.42
5087,2026-01-28 21:00:00,2026-01-28 22:30:00,Long (Partial 50%),5297.32,5359.47,0.03,5297.32,Partial TP 1:2,186.44,10132.85
5087,2026-01-28 21:00:00,2026-01-29 01:45:00,Long,5297.32,5497.13,0.03,5497.13,Stop Loss,599.42,10732.28
5088,2026-01-29 02:00:00,2026-01-29 03:30:00,Short,5495.27,5540.2,0.03,5553.8,Opposite Signal,-134.79,10597.49
5089,2026-01-29 03:30:00,2026-01-29 08:45:00,Long,5540.2,5561.58,0.03,5478.73,Opposite Signal,64.14,10661.63
5090,2026-01-29 08:45:00,2026-01-29 10:30:00,Short (Partial 50%),5561.58,5491.1,0.02,5561.58,Partial TP 1:2,140.97,10802.6
5090,2026-01-29 08:45:00,2026-01-29 10:45:00,Short,5561.58,5509.84,0.03,5536.71,Opposite Signal,155.22,10957.82
5091,2026-01-29 10:45:00,2026-01-29 12:45:00,Long,5509.84,5483.3,0.04,5469.53,Opposite Signal,-106.16,10851.66
5092,2026-01-29 12:45:00,2026-01-29 13:00:00,Short,5483.3,5506.8,0.05,5517.04,Opposite Signal,-117.5,10734.16
5093,2026-01-29 13:00:00,2026-01-29 15:00:00,Long,5506.8,5514.98,0.05,5471.05,Opposite Signal,40.9,10775.06
5094,2026-01-29 15:00:00,2026-01-29 16:15:00,Short,5514.98,5545.05,0.06,5545.05,Stop Loss,-180.44,10594.62
5095,2026-01-29 16:15:00,2026-01-29 16:30:00,Long,5543.64,5509.62,0.05,5509.62,Stop Loss,-170.12,10424.5
5096,2026-01-29 16:30:00,2026-01-29 17:00:00,Short (Partial 50%),5517.33,5442.97,0.02,5517.33,Partial TP 1:2,148.72,10573.22
5096,2026-01-29 16:30:00,2026-01-29 17:30:00,Short,5517.33,5248.03,0.03,5248.03,Stop Loss,807.9,11381.13
5097,2026-01-29 18:00:00,2026-01-29 22:00:00,Long,5272.77,5296.08,0.01,5158.52,Opposite Signal,23.31,11404.44
5098,2026-01-29 22:00:00,2026-01-29 22:30:00,Short,5296.08,5354.49,0.02,5363.6,Opposite Signal,-116.82,11287.62
5099,2026-01-29 22:30:00,2026-01-30 02:45:00,Long,5354.49,5406.62,0.02,5287.71,Opposite Signal,104.26,11391.88
5100,2026-01-30 02:45:00,2026-01-30 03:15:00,Short,5406.62,5356.88,0.03,5461.3,Opposite Signal,149.22,11541.1
5101,2026-01-30 03:15:00,2026-01-30 03:45:00,Long,5356.88,5300.72,0.02,5289.33,Opposite Signal,-112.32,11428.78
5102,2026-01-30 03:45:00,2026-01-30 04:15:00,Short (Partial 50%),5300.72,5165.98,0.01,5300.72,Partial TP 1:2,134.74,11563.52
5102,2026-01-30 03:45:00,2026-01-30 06:00:00,Short,5300.72,5212.32,0.01,5212.32,Stop Loss,88.4,11651.92
5103,2026-01-30 06:00:00,2026-01-30 07:45:00,Long,5213.88,5184.54,0.02,5132.21,Opposite Signal,-58.68,11593.24
5104,2026-01-30 07:45:00,2026-01-30 10:30:00,Short (Partial 50%),5184.54,5060.88,0.01,5184.54,Partial TP 1:2,123.66,11716.9
5104,2026-01-30 07:45:00,2026-01-30 12:00:00,Short,5184.54,5033.57,0.01,5033.57,Stop Loss,150.97,11867.87
5105,2026-01-30 12:00:00,2026-01-30 14:45:00,Long,5038.46,5064.9,0.02,4949.64,Opposite Signal,52.88,11920.75
5106,2026-01-30 14:45:00,2026-01-30 16:15:00,Short,5064.9,5072.51,0.02,5131.84,Opposite Signal,-15.22,11905.53
5107,2026-01-30 16:15:00,2026-01-30 16:45:00,Long,5072.51,5032.97,0.02,5002.69,Opposite Signal,-79.08,11826.45
5108,2026-01-30 16:45:00,2026-01-30 19:30:00,Short (Partial 50%),5032.97,4879.66,0.01,5032.97,Partial TP 1:2,153.31,11979.77
5108,2026-01-30 16:45:00,2026-01-30 20:45:00,Short,5032.97,4810.03,0.01,4810.03,Stop Loss,222.94,12202.71
5109,2026-01-30 20:45:00,2026-01-30 22:30:00,Long,4880.18,4861.26,0.01,4764.93,Opposite Signal,-18.92,12183.79
5110,2026-01-30 22:30:00,2026-02-02 02:00:00,Short,4861.26,4844.68,0.02,4952.78,Opposite Signal,33.16,12216.95
5111,2026-02-02 02:00:00,2026-02-02 02:45:00,Long,4844.68,4766.36,0.01,4741.3,Opposite Signal,-78.32,12138.63
5112,2026-02-02 02:45:00,2026-02-02 03:45:00,Short,4766.36,4737.5,0.02,4862.58,Opposite Signal,57.72,12196.35
5113,2026-02-02 03:45:00,2026-02-02 05:00:00,Long,4737.5,4693.18,0.01,4628.1,Opposite Signal,-44.32,12152.03
5114,2026-02-02 05:00:00,2026-02-02 07:45:00,Short (Partial 50%),4693.18,4509.62,0.01,4693.18,Partial TP 1:2,183.56,12335.59
5114,2026-02-02 05:00:00,2026-02-02 08:45:00,Short,4693.18,4519.57,0.01,4519.57,Stop Loss,173.61,12509.2
5115,2026-02-02 09:00:00,2026-02-02 12:30:00,Long,4537.82,4673.82,0.01,4434.23,Opposite Signal,136.0,12645.2
5116,2026-02-02 12:30:00,2026-02-02 13:00:00,Short,4673.82,4749.21,0.02,4751.34,Opposite Signal,-150.78,12494.42
5117,2026-02-02 13:00:00,2026-02-02 15:15:00,Long,4749.21,4739.48,0.02,4672.16,Opposite Signal,-19.46,12474.96
5118,2026-02-02 15:15:00,2026-02-02 16:30:00,Short,4739.48,4753.43,0.02,4809.56,Opposite Signal,-27.9,12447.06
5119,2026-02-02 16:30:00,2026-02-02 17:15:00,Long,4753.43,4676.9,0.02,4676.9,Stop Loss,-153.06,12294.01
5120,2026-02-02 17:15:00,2026-02-02 18:00:00,Short,4680.95,4696.75,0.02,4759.47,Opposite Signal,-31.6,12262.41
5121,2026-02-02 18:00:00,2026-02-02 20:00:00,Long,4696.75,4635.57,0.02,4608.66,Opposite Signal,-122.36,12140.05
5122,2026-02-02 20:00:00,2026-02-02 21:30:00,Short,4635.57,4694.24,0.02,4707.24,Opposite Signal,-117.34,12022.71
5123,2026-02-02 21:30:00,2026-02-02 22:45:00,Long,4694.24,4651.92,0.03,4630.94,Opposite Signal,-126.96,11895.75
5124,2026-02-02 22:45:00,2026-02-03 01:00:00,Short,4651.92,4711.1,0.03,4711.1,Stop Loss,-177.55,11718.2
5125,2026-02-03 01:00:00,2026-02-03 02:30:00,Long (Partial 50%),4717.8,4830.14,0.01,4717.8,Partial TP 1:2,112.34,11830.54
5125,2026-02-03 01:00:00,2026-02-03 02:45:00,Long,4717.8,4779.83,0.01,4741.76,Opposite Signal,62.03,11892.57
5126,2026-02-03 02:45:00,2026-02-03 03:00:00,Short,4779.83,4829.38,0.03,4836.94,Opposite Signal,-148.65,11743.92
5127,2026-02-03 03:00:00,2026-02-03 04:00:00,Long,4829.38,4800.96,0.03,4768.34,Opposite Signal,-85.26,11658.66
5128,2026-02-03 04:00:00,2026-02-03 05:30:00,Short,4800.96,4804.8,0.03,4860.02,Opposite Signal,-11.52,11647.14
5129,2026-02-03 05:30:00,2026-02-03 09:30:00,Long (Partial 50%),4804.8,4917.76,0.01,4804.8,Partial TP 1:2,112.96,11760.1
5129,2026-02-03 05:30:00,2026-02-03 11:00:00,Long,4804.8,4910.31,0.01,4910.31,Stop Loss,105.51,11865.6
5130,2026-02-03 11:15:00,2026-02-03 11:30:00,Short,4891.07,4921.09,0.05,4927.87,Opposite Signal,-150.1,11715.5
5131,2026-02-03 11:30:00,2026-02-03 14:15:00,Long,4921.09,4902.6,0.05,4882.17,Opposite Signal,-92.45,11623.05
5132,2026-02-03 14:15:00,2026-02-03 15:00:00,Short,4902.6,4929.05,0.05,4937.04,Opposite Signal,-132.25,11490.8
5133,2026-02-03 15:00:00,2026-02-03 16:30:00,Long,4929.05,4895.92,0.06,4895.92,Stop Loss,-198.77,11292.03
5134,2026-02-03 16:30:00,2026-02-03 18:00:00,Short,4918.33,4944.23,0.05,4954.24,Opposite Signal,-129.5,11162.53
5135,2026-02-03 18:00:00,2026-02-03 19:00:00,Long,4944.23,4943.87,0.05,4907.95,Opposite Signal,-1.8,11160.73
5136,2026-02-03 19:00:00,2026-02-03 21:30:00,Short,4943.87,4940.45,0.04,4985.68,Opposite Signal,13.68,11174.41
5137,2026-02-03 21:30:00,2026-02-04 01:15:00,Long,4940.45,4922.08,0.04,4894.47,Opposite Signal,-73.48,11100.93
5138,2026-02-04 01:15:00,2026-02-04 02:00:00,Short,4922.08,4965.59,0.04,4965.59,Stop Loss,-174.04,10926.89
5139,2026-02-04 02:00:00,2026-02-04 06:45:00,Long (Partial 50%),4986.45,5074.43,0.02,4986.45,Partial TP 1:2,175.96,11102.85
5139,2026-02-04 02:00:00,2026-02-04 08:00:00,Long,4986.45,5064.54,0.02,5064.54,Stop Loss,156.18,11259.03
5140,2026-02-04 08:00:00,2026-02-04 08:45:00,Short,5059.21,5076.9,0.07,5086.16,Opposite Signal,-123.83,11135.2
5141,2026-02-04 08:45:00,2026-02-04 11:00:00,Long,5076.9,5069.18,0.07,5050.93,Opposite Signal,-54.04,11081.16
5142,2026-02-04 11:00:00,2026-02-04 13:15:00,Short (Partial 50%),5069.18,5017.88,0.03,5069.18,Partial TP 1:2,153.91,11235.07
5142,2026-02-04 11:00:00,2026-02-04 13:45:00,Short,5069.18,5050.28,0.04,5050.28,Stop Loss,75.6,11310.68
5143,2026-02-04 13:45:00,2026-02-04 15:00:00,Long,5047.53,5028.86,0.07,5020.45,Opposite Signal,-130.69,11179.99
5144,2026-02-04 15:00:00,2026-02-04 15:15:00,Short,5028.86,5048.95,0.07,5055.96,Opposite Signal,-140.63,11039.36
5145,2026-02-04 15:15:00,2026-02-04 16:15:00,Long,5048.95,5030.81,0.06,5020.31,Opposite Signal,-108.84,10930.52
5146,2026-02-04 16:15:00,2026-02-04 16:30:00,Short (Partial 50%),5030.81,4967.61,0.03,5030.81,Partial TP 1:2,189.61,11120.13
5146,2026-02-04 16:15:00,2026-02-04 20:15:00,Short,5030.81,4933.19,0.03,4933.19,Stop Loss,292.86,11412.99
5147,2026-02-04 21:00:00,2026-02-05 03:00:00,Long,4946.95,4966.67,0.03,4896.08,Opposite Signal,59.16,11472.15
5148,2026-02-05 03:00:00,2026-02-05 03:30:00,Short,4966.67,4980.08,0.05,5002.56,Opposite Signal,-67.05,11405.1
5149,2026-02-05 03:30:00,2026-02-05 04:00:00,Long,4980.08,4940.88,0.05,4940.88,Stop Loss,-196.0,11209.1
5150,2026-02-05 04:00:00,2026-02-05 04:45:00,Short (Partial 50%),4914.28,4825.0,0.02,4914.28,Partial TP 1:2,178.57,11387.67
5150,2026-02-05 04:00:00,2026-02-05 05:15:00,Short,4914.28,4857.8,0.02,4888.74,Opposite Signal,112.96,11500.63
5151,2026-02-05 05:15:00,2026-02-05 11:00:00,Long,4857.8,4862.67,0.03,4792.25,Opposite Signal,14.61,11515.24
5152,2026-02-05 11:00:00,2026-02-05 13:00:00,Short,4862.67,4887.22,0.04,4907.8,Opposite Signal,-98.2,11417.04
5153,2026-02-05 13:00:00,2026-02-05 14:00:00,Long,4887.22,4846.71,0.04,4846.71,Stop Loss,-162.02,11255.01
5154,2026-02-05 14:00:00,2026-02-05 16:30:00,Short,4840.2,4859.54,0.04,4880.73,Opposite Signal,-77.36,11177.65
5155,2026-02-05 16:30:00,2026-02-05 17:15:00,Long,4859.54,4819.39,0.03,4806.65,Opposite Signal,-120.45,11057.2
5156,2026-02-05 17:15:00,2026-02-05 18:15:00,Short,4819.39,4849.42,0.03,4872.08,Opposite Signal,-90.09,10967.11
5157,2026-02-05 18:15:00,2026-02-05 21:00:00,Long,4849.42,4851.25,0.03,4799.16,Opposite Signal,5.49,10972.6
5158,2026-02-05 21:00:00,2026-02-05 23:30:00,Short (Partial 50%),4851.25,4771.04,0.02,4851.25,Partial TP 1:2,160.42,11133.03
5158,2026-02-05 21:00:00,2026-02-06 02:15:00,Short,4851.25,4709.56,0.02,4709.56,Stop Loss,283.38,11416.41
5159,2026-02-06 02:15:00,2026-02-06 03:15:00,Long,4723.48,4710.49,0.04,4674.97,Opposite Signal,-51.96,11364.45
5160,2026-02-06 03:15:00,2026-02-06 03:45:00,Short,4710.49,4769.52,0.03,4769.52,Stop Loss,-177.1,11187.34
5161,2026-02-06 03:45:00,2026-02-06 07:45:00,Long (Partial 50%),4773.27,4894.49,0.01,4773.27,Partial TP 1:2,121.22,11308.57
5161,2026-02-06 03:45:00,2026-02-06 08:00:00,Long,4773.27,4867.12,0.01,4837.7,Opposite Signal,93.85,11402.42
5162,2026-02-06 08:00:00,2026-02-06 10:15:00,Short,4867.12,4867.28,0.04,4911.26,Opposite Signal,-0.64,11401.78
5163,2026-02-06 10:15:00,2026-02-06 11:00:00,Long,4867.28,4841.22,0.05,4829.98,Opposite Signal,-130.3,11271.48
5164,2026-02-06 11:00:00,2026-02-06 11:45:00,Short,4841.22,4866.82,0.05,4878.05,Opposite Signal,-128.0,11143.48
5165,2026-02-06 11:45:00,2026-02-06 15:30:00,Long (Partial 50%),4866.82,4935.98,0.02,4866.82,Partial TP 1:2,138.31,11281.79
5165,2026-02-06 11:45:00,2026-02-06 16:15:00,Long,4866.82,4908.87,0.03,4908.87,Stop Loss,126.14,11407.93
5166,2026-02-06 16:15:00,2026-02-06 16:30:00,Short,4905.1,4937.67,0.06,4937.67,Stop Loss,-195.41,11212.52
5167,2026-02-06 16:30:00,2026-02-06 22:30:00,Long,4932.55,4943.97,0.05,4895.86,Opposite Signal,57.1,11269.62
5168,2026-02-06 22:30:00,2026-02-06 23:30:00,Short,4943.97,4960.21,0.09,4964.76,Opposite Signal,-146.16,11123.46
5169,2026-02-06 23:30:00,2026-02-09 01:15:00,Long (Partial 50%),4960.21,4998.47,0.05,4960.21,Partial TP 1:2,191.32,11314.78
5169,2026-02-06 23:30:00,2026-02-09 02:30:00,Long,4960.21,5021.58,0.05,5021.58,Stop Loss,306.84,11621.62
5170,2026-02-09 02:45:00,2026-02-09 04:45:00,Short,5019.53,5007.19,0.07,5046.61,Opposite Signal,86.38,11708.0
5171,2026-02-09 04:45:00,2026-02-09 09:00:00,Long,5007.19,5012.7,0.05,4972.04,Opposite Signal,27.55,11735.55
5172,2026-02-09 09:00:00,2026-02-09 10:15:00,Short,5012.7,5025.7,0.07,5038.6,Opposite Signal,-91.0,11644.55
5173,2026-02-09 10:15:00,2026-02-09 11:45:00,Long,5025.7,5007.95,0.08,5001.92,Opposite Signal,-142.0,11502.55
5174,2026-02-09 11:45:00,2026-02-09 13:15:00,Short,5007.95,5005.93,0.09,5030.01,Opposite Signal,18.18,11520.73
5175,2026-02-09 13:15:00,2026-02-09 15:15:00,Long,5005.93,5004.34,0.08,4982.23,Opposite Signal,-12.72,11508.01
5176,2026-02-09 15:15:00,2026-02-09 16:00:00,Short,5004.34,5015.41,0.09,5025.91,Opposite Signal,-99.63,11408.38
5177,2026-02-09 16:00:00,2026-02-09 18:00:00,Long (Partial 50%),5015.41,5060.32,0.04,5015.41,Partial TP 1:2,179.62,11588.0
5177,2026-02-09 16:00:00,2026-02-09 19:00:00,Long,5015.41,5064.11,0.04,5064.11,Stop Loss,194.81,11782.81
5178,2026-02-09 19:00:00,2026-02-09 20:45:00,Short,5063.53,5062.7,0.09,5084.4,Opposite Signal,7.47,11790.28
5179,2026-02-09 20:45:00,2026-02-09 23:00:00,Long,5062.7,5063.0,0.09,5042.24,Opposite Signal,2.7,11792.98
5180,2026-02-09 23:00:00,2026-02-10 01:00:00,Short (Partial 50%),5063.0,5027.76,0.05,5063.0,Partial TP 1:2,176.18,11969.16
5180,2026-02-09 23:00:00,2026-02-10 01:30:00,Short,5063.0,5038.21,0.06,5043.38,Opposite Signal,148.74,12117.9
5181,2026-02-10 01:30:00,2026-02-10 03:15:00,Long,5038.21,5017.23,0.06,5007.13,Opposite Signal,-125.88,11992.02
5182,2026-02-10 03:15:00,2026-02-10 04:00:00,Short,5017.23,5042.02,0.06,5047.12,Opposite Signal,-148.74,11843.28
5183,2026-02-10 04:00:00,2026-02-10 05:00:00,Long,5042.02,5026.35,0.07,5014.43,Opposite Signal,-109.69,11733.59
5184,2026-02-10 05:00:00,2026-02-10 07:45:00,Short,5026.35,5039.33,0.07,5051.87,Opposite Signal,-90.86,11642.73
5185,2026-02-10 07:45:00,2026-02-10 08:45:00,Long,5039.33,5018.71,0.09,5018.71,Stop Loss,-185.55,11457.18
5186,2026-02-10 08:45:00,2026-02-10 10:30:00,Short,5024.24,5044.07,0.1,5044.07,Stop Loss,-198.3,11258.89
5187,2026-02-10 10:30:00,2026-02-10 14:00:00,Long,5048.8,5043.88,0.1,5030.15,Opposite Signal,-49.2,11209.69
5188,2026-02-10 14:00:00,2026-02-10 15:00:00,Short,5043.88,5042.55,0.11,5061.63,Opposite Signal,14.63,11224.32
5189,2026-02-10 15:00:00,2026-02-10 16:30:00,Long,5042.55,5055.52,0.09,5022.54,Opposite Signal,116.73,11341.05
5190,2026-02-10 16:30:00,2026-02-10 17:30:00,Short (Partial 50%),5055.52,5009.91,0.04,5055.52,Partial TP 1:2,182.45,11523.49
5190,2026-02-10 16:30:00,2026-02-10 19:15:00,Short,5055.52,5028.89,0.04,5028.89,Stop Loss,106.53,11630.02
5191,2026-02-10 19:15:00,2026-02-10 20:00:00,Long,5036.95,5016.41,0.08,5012.45,Opposite Signal,-164.32,11465.7
5192,2026-02-10 20:00:00,2026-02-10 21:30:00,Short,5016.41,5024.48,0.08,5039.36,Opposite Signal,-64.56,11401.14
5193,2026-02-10 21:30:00,2026-02-10 23:30:00,Long,5024.48,5024.23,0.1,5005.58,Opposite Signal,-2.5,11398.64
5194,2026-02-10 23:30:00,2026-02-11 01:00:00,Short,5024.23,5033.44,0.12,5039.8,Opposite Signal,-110.52,11288.12
5195,2026-02-11 01:00:00,2026-02-11 04:00:00,Long,5033.44,5037.1,0.12,5016.95,Opposite Signal,43.92,11332.04
5196,2026-02-11 04:00:00,2026-02-11 04:30:00,Short,5037.1,5054.0,0.1,5056.5,Opposite Signal,-169.0,11163.04
5197,2026-02-11 04:30:00,2026-02-11 06:45:00,Long,5054.0,5046.24,0.1,5034.5,Opposite Signal,-77.6,11085.44
5198,2026-02-11 06:45:00,2026-02-11 07:30:00,Short,5046.24,5060.67,0.13,5060.67,Stop Loss,-187.61,10897.83
5199,2026-02-11 07:30:00,2026-02-11 07:45:00,Long,5062.25,5048.22,0.14,5048.22,Stop Loss,-196.4,10701.44
5200,2026-02-11 07:45:00,2026-02-11 08:45:00,Short,5052.69,5064.11,0.13,5067.84,Opposite Signal,-148.46,10552.98
5201,2026-02-11 08:45:00,2026-02-11 09:45:00,Long,5064.11,5049.37,0.13,5049.37,Stop Loss,-191.65,10361.32
5202,2026-02-11 10:00:00,2026-02-11 11:30:00,Short,5051.56,5064.52,0.13,5066.32,Opposite Signal,-168.48,10192.84
5203,2026-02-11 11:30:00,2026-02-11 12:30:00,Long (Partial 50%),5064.52,5090.68,0.07,5064.52,Partial TP 1:2,183.11,10375.96
5203,2026-02-11 11:30:00,2026-02-11 13:00:00,Long,5064.52,5082.03,0.07,5082.03,Stop Loss,122.55,10498.51
5204,2026-02-11 14:15:00,2026-02-11 14:30:00,Short (Partial 50%),5095.03,5055.4,0.05,5095.03,Partial TP 1:2,198.14,10696.65
5204,2026-02-11 14:15:00,2026-02-11 16:15:00,Short,5095.03,5082.53,0.05,5082.53,Stop Loss,62.51,10759.16
5205,2026-02-11 17:00:00,2026-02-11 20:00:00,Long,5067.46,5072.59,0.05,5031.51,Opposite Signal,25.65,10784.81
5206,2026-02-11 20:00:00,2026-02-11 21:15:00,Short,5072.59,5091.63,0.07,5101.0,Opposite Signal,-133.28,10651.53
5207,2026-02-11 21:15:00,2026-02-12 01:00:00,Long,5091.63,5068.9,0.08,5068.9,Stop Loss,-181.81,10469.72
5208,2026-02-12 01:00:00,2026-02-12 04:00:00,Short,5062.58,5067.45,0.08,5085.25,Opposite Signal,-38.96,10430.76
5209,2026-02-12 04:00:00,2026-02-12 06:00:00,Long,5067.45,5055.04,0.1,5048.52,Opposite Signal,-124.1,10306.66
5210,2026-02-12 06:00:00,2026-02-12 06:45:00,Short,5055.04,5069.35,0.11,5072.32,Opposite Signal,-157.41,10149.25
5211,2026-02-12 06:45:00,2026-02-12 08:15:00,Long,5069.35,5055.37,0.12,5052.76,Opposite Signal,-167.76,9981.49
5212,2026-02-12 08:15:00,2026-02-12 10:00:00,Short,5055.37,5072.07,0.11,5072.07,Stop Loss,-183.68,9797.81
5213,2026-02-12 10:00:00,2026-02-12 10:30:00,Long,5068.01,5052.71,0.13,5052.71,Stop Loss,-198.84,9598.97
5214,2026-02-12 12:15:00,2026-02-12 15:00:00,Short,5061.22,5065.71,0.14,5075.33,Opposite Signal,-62.86,9536.11
5215,2026-02-12 15:00:00,2026-02-12 16:00:00,Long,5065.71,5065.16,0.14,5052.3,Opposite Signal,-7.7,9528.41
5216,2026-02-12 16:00:00,2026-02-12 17:00:00,Short,5065.16,5065.27,0.12,5081.06,Opposite Signal,-1.32,9527.09
5217,2026-02-12 17:00:00,2026-02-12 18:00:00,Long,5065.27,5044.22,0.09,5044.22,Stop Loss,-189.42,9337.67
5218,2026-02-12 18:00:00,2026-02-12 18:15:00,Short (Partial 50%),4951.08,4879.99,0.02,4951.08,Partial TP 1:2,142.19,9479.86
5218,2026-02-12 18:00:00,2026-02-12 18:30:00,Short,4951.08,4951.08,0.03,4951.08,Stop Loss,0.0,9479.86
5219,2026-02-12 18:30:00,2026-02-12 20:00:00,Long,4952.65,4934.01,0.03,4900.55,Opposite Signal,-55.92,9423.94
5220,2026-02-12 20:00:00,2026-02-13 02:00:00,Short,4934.01,4941.46,0.04,4980.86,Opposite Signal,-29.8,9394.14
5221,2026-02-13 02:00:00,2026-02-13 07:30:00,Long,4941.46,4964.1,0.06,4909.36,Opposite Signal,135.84,9529.98
5222,2026-02-13 07:30:00,2026-02-13 08:45:00,Short,4964.1,4967.2,0.09,4985.55,Opposite Signal,-27.9,9502.08
5223,2026-02-13 08:45:00,2026-02-13 11:15:00,Long,4967.2,4965.2,0.09,4945.2,Opposite Signal,-18.0,9484.08
5224,2026-02-13 11:15:00,2026-02-13 14:00:00,Short,4965.2,4964.2,0.09,4985.79,Opposite Signal,9.0,9493.08
5225,2026-02-13 14:00:00,2026-02-13 16:15:00,Long (Partial 50%),4964.2,5006.72,0.04,4964.2,Partial TP 1:2,170.07,9663.15
5225,2026-02-13 14:00:00,2026-02-13 17:45:00,Long,4964.2,4991.22,0.04,4991.22,Stop Loss,108.1,9771.25
5226,2026-02-13 17:45:00,2026-02-13 18:00:00,Short,4977.05,4997.44,0.06,5007.12,Opposite Signal,-122.34,9648.91
5227,2026-02-13 18:00:00,2026-02-13 21:45:00,Long,4997.44,5023.4,0.06,4967.01,Opposite Signal,155.76,9804.67
5228,2026-02-13 21:45:00,2026-02-13 23:30:00,Short,5023.4,5038.78,0.09,5044.65,Opposite Signal,-138.42,9666.25
5229,2026-02-13 23:30:00,2026-02-16 01:00:00,Long,5038.78,5022.19,0.12,5022.19,Stop Loss,-199.07,9467.18
5230,2026-02-16 01:00:00,2026-02-16 03:15:00,Short,5022.28,5029.32,0.09,5043.68,Opposite Signal,-63.36,9403.82
5231,2026-02-16 03:15:00,2026-02-16 04:30:00,Long,5029.32,5009.59,0.1,5009.59,Stop Loss,-197.27,9206.55
5232,2026-02-16 04:30:00,2026-02-16 07:00:00,Short (Partial 50%),5002.34,4966.39,0.05,5002.34,Partial TP 1:2,179.73,9386.28
5232,2026-02-16 04:30:00,2026-02-16 07:45:00,Short,5002.34,4990.59,0.06,4996.67,Opposite Signal,70.5,9456.78
5233,2026-02-16 07:45:00,2026-02-16 12:15:00,Long,4990.59,5004.98,0.12,4975.07,Opposite Signal,172.68,9629.46
5234,2026-02-16 12:15:00,2026-02-16 14:30:00,Short,5004.98,5005.03,0.15,5017.62,Opposite Signal,-0.75,9628.71
5235,2026-02-16 14:30:00,2026-02-16 15:15:00,Long,5005.03,4993.19,0.16,4993.19,Stop Loss,-189.45,9439.27
5236,2026-02-16 15:15:00,2026-02-16 17:00:00,Short (Partial 50%),4994.34,4971.19,0.08,4994.34,Partial TP 1:2,185.16,9624.43
5236,2026-02-16 15:15:00,2026-02-16 18:15:00,Short,4994.34,4986.29,0.09,4987.64,Opposite Signal,72.45,9696.88
5237,2026-02-16 18:15:00,2026-02-17 02:00:00,Long,4986.29,4979.32,0.15,4973.47,Opposite Signal,-104.55,9592.33
5238,2026-02-17 02:00:00,2026-02-17 02:45:00,Short (Partial 50%),4979.32,4955.24,0.08,4979.32,Partial TP 1:2,192.63,9784.96
5238,2026-02-17 02:00:00,2026-02-17 03:00:00,Short,4979.32,4950.21,0.08,4963.49,Opposite Signal,232.88,10017.84
5239,2026-02-17 03:00:00,2026-02-17 05:15:00,Long,4950.21,4955.24,0.1,4930.29,Opposite Signal,50.3,10068.14
5240,2026-02-17 05:15:00,2026-02-17 07:15:00,Short (Partial 50%),4955.24,4923.17,0.06,4955.24,Partial TP 1:2,192.44,10260.58
5240,2026-02-17 05:15:00,2026-02-17 08:15:00,Short,4955.24,4897.88,0.06,4897.88,Stop Loss,344.14,10604.72
5241,2026-02-17 08:30:00,2026-02-17 12:30:00,Long,4909.28,4921.72,0.07,4881.79,Opposite Signal,87.08,10691.8
5242,2026-02-17 12:30:00,2026-02-17 13:00:00,Short,4921.72,4926.29,0.1,4940.17,Opposite Signal,-45.7,10646.1
5243,2026-02-17 13:00:00,2026-02-17 15:00:00,Long,4926.29,4921.93,0.1,4907.22,Opposite Signal,-43.6,10602.5
5244,2026-02-17 15:00:00,2026-02-17 15:45:00,Short (Partial 50%),4921.93,4887.9,0.05,4921.93,Partial TP 1:2,170.17,10772.67
5244,2026-02-17 15:00:00,2026-02-17 16:00:00,Short,4921.93,4896.09,0.06,4916.62,Opposite Signal,155.04,10927.71
5245,2026-02-17 16:00:00,2026-02-17 16:30:00,Long,4896.09,4869.94,0.06,4865.29,Opposite Signal,-156.9,10770.81
5246,2026-02-17 16:30:00,2026-02-17 17:45:00,Short,4869.94,4878.28,0.06,4902.8,Opposite Signal,-50.04,10720.77
5247,2026-02-17 17:45:00,2026-02-17 19:00:00,Long,4878.28,4855.34,0.06,4845.07,Opposite Signal,-137.64,10583.13
5248,2026-02-17 19:00:00,2026-02-17 20:15:00,Short,4855.34,4884.76,0.06,4884.76,Stop Loss,-176.54,10406.59
5249,2026-02-17 20:15:00,2026-02-17 21:45:00,Long,4887.09,4880.04,0.07,4861.29,Opposite Signal,-49.35,10357.24
5250,2026-02-17 21:45:00,2026-02-18 02:30:00,Short,4880.04,4878.15,0.08,4902.99,Opposite Signal,15.12,10372.36
5251,2026-02-18 02:30:00,2026-02-18 05:45:00,Long (Partial 50%),4878.15,4921.5,0.04,4878.15,Partial TP 1:2,173.41,10545.77
5251,2026-02-18 02:30:00,2026-02-18 08:00:00,Long,4878.15,4926.22,0.04,4926.22,Stop Loss,192.28,10738.04
5252,2026-02-18 08:00:00,2026-02-18 09:00:00,Short,4926.12,4938.64,0.15,4938.64,Stop Loss,-187.81,10550.23
5253,2026-02-18 09:00:00,2026-02-18 09:45:00,Long,4938.46,4930.24,0.16,4926.13,Opposite Signal,-131.52,10418.71
5254,2026-02-18 09:45:00,2026-02-18 13:45:00,Short (Partial 50%),4930.24,4906.41,0.08,4930.24,Partial TP 1:2,190.65,10609.37
5254,2026-02-18 09:45:00,2026-02-18 14:00:00,Short,4930.24,4921.76,0.08,4929.58,Opposite Signal,67.84,10677.21
5255,2026-02-18 14:00:00,2026-02-18 14:45:00,Long (Partial 50%),4921.76,4945.23,0.08,4921.76,Partial TP 1:2,187.79,10865.0
5255,2026-02-18 14:00:00,2026-02-18 18:15:00,Long,4921.76,4992.5,0.09,4992.5,Stop Loss,636.67,11501.67
5256,2026-02-18 20:15:00,2026-02-19 01:00:00,Short (Partial 50%),4987.83,4961.65,0.07,4987.83,Partial TP 1:2,183.23,11684.9
5256,2026-02-18 20:15:00,2026-02-19 01:30:00,Short,4987.83,4987.83,0.07,4987.83,Stop Loss,0.0,11684.9
5257,2026-02-19 03:45:00,2026-02-19 08:15:00,Long (Partial 50%),4973.1,5000.65,0.07,4973.1,Partial TP 1:2,192.86,11877.76
5257,2026-02-19 03:45:00,2026-02-19 09:45:00,Long,4973.1,5011.35,0.07,5011.35,Stop Loss,267.73,12145.5
5258,2026-02-19 09:45:00,2026-02-19 10:30:00,Short,5010.14,5020.13,0.2,5020.13,Stop Loss,-199.76,11945.74
5259,2026-02-19 10:30:00,2026-02-19 11:15:00,Long,5020.0,5009.77,0.19,5009.77,Stop Loss,-194.36,11751.38
5260,2026-02-19 11:15:00,2026-02-19 14:15:00,Short,5000.66,4992.31,0.16,5012.92,Opposite Signal,133.6,11884.98
5261,2026-02-19 14:15:00,2026-02-19 15:00:00,Long,4992.31,4978.93,0.14,4978.93,Stop Loss,-187.27,11697.7
5262,2026-02-19 15:15:00,2026-02-19 15:30:00,Short,4982.89,4996.3,0.14,4996.3,Stop Loss,-187.74,11509.96
5263,2026-02-19 15:30:00,2026-02-19 16:00:00,Long,4993.72,4977.9,0.12,4977.9,Stop Loss,-189.86,11320.1
5264,2026-02-19 16:00:00,2026-02-19 16:30:00,Short,4972.47,4990.03,0.11,4990.03,Stop Loss,-193.12,11126.97
5265,2026-02-19 16:30:00,2026-02-19 18:15:00,Long,4992.49,4998.44,0.09,4972.13,Opposite Signal,53.55,11180.52
5266,2026-02-19 18:15:00,2026-02-19 21:15:00,Short,4998.44,4989.28,0.09,5019.29,Opposite Signal,82.44,11262.96
5267,2026-02-19 21:15:00,2026-02-20 01:45:00,Long,4989.28,4987.57,0.12,4973.36,Opposite Signal,-20.52,11242.44
5268,2026-02-20 01:45:00,2026-02-20 02:45:00,Short,4987.57,5001.86,0.13,5001.86,Stop Loss,-185.75,11056.69
5269,2026-02-20 02:45:00,2026-02-20 03:15:00,Long,5006.47,4999.54,0.13,4991.73,Opposite Signal,-90.09,10966.6
5270,2026-02-20 03:15:00,2026-02-20 06:30:00,Short,4999.54,4998.97,0.12,5015.33,Opposite Signal,6.84,10973.44
5271,2026-02-20 06:30:00,2026-02-20 08:15:00,Long (Partial 50%),4998.97,5025.79,0.07,4998.97,Partial TP 1:2,187.71,11161.15
5271,2026-02-20 06:30:00,2026-02-20 09:00:00,Long,4998.97,5018.13,0.07,5018.13,Stop Loss,134.15,11295.3
5272,2026-02-20 09:15:00,2026-02-20 10:15:00,Short,5015.39,5018.39,0.13,5029.86,Opposite Signal,-39.0,11256.3
5273,2026-02-20 10:15:00,2026-02-20 11:45:00,Long,5018.39,5027.65,0.14,5004.26,Opposite Signal,129.64,11385.94
5274,2026-02-20 11:45:00,2026-02-20 14:30:00,Short,5027.65,5025.19,0.14,5041.16,Opposite Signal,34.44,11420.38
5275,2026-02-20 14:30:00,2026-02-20 16:45:00,Long (Partial 50%),5025.19,5056.92,0.06,5025.19,Partial TP 1:2,190.36,11610.75
5275,2026-02-20 14:30:00,2026-02-20 17:00:00,Long,5025.19,5025.19,0.06,5025.19,Stop Loss,0.0,11610.75
5276,2026-02-20 17:00:00,2026-02-20 17:30:00,Short,5021.62,5044.58,0.07,5047.74,Opposite Signal,-160.72,11450.03
5277,2026-02-20 17:30:00,2026-02-20 23:45:00,Long (Partial 50%),5044.58,5104.64,0.03,5044.58,Partial TP 1:2,180.18,11630.21
5277,2026-02-20 17:30:00,2026-02-23 02:00:00,Long,5044.58,5151.62,0.03,5151.62,Stop Loss,321.11,11951.32
5278,2026-02-23 02:00:00,2026-02-23 03:15:00,Short,5138.26,5159.07,0.08,5162.1,Opposite Signal,-166.48,11784.84
5279,2026-02-23 03:15:00,2026-02-23 05:00:00,Long,5159.07,5158.23,0.08,5134.44,Opposite Signal,-6.72,11778.12
5280,2026-02-23 05:00:00,2026-02-23 10:45:00,Short,5158.23,5140.48,0.08,5181.15,Opposite Signal,142.0,11920.12
5281,2026-02-23 10:45:00,2026-02-23 13:15:00,Long,5140.48,5150.59,0.11,5123.46,Opposite Signal,111.21,12031.33
5282,2026-02-23 13:15:00,2026-02-23 14:30:00,Short,5150.59,5164.33,0.13,5164.88,Opposite Signal,-178.62,11852.71
5283,2026-02-23 14:30:00,2026-02-23 15:00:00,Long,5164.33,5155.02,0.14,5150.7,Opposite Signal,-130.34,11722.37
5284,2026-02-23 15:00:00,2026-02-23 16:00:00,Short,5155.02,5156.49,0.14,5168.68,Opposite Signal,-20.58,11701.79
5285,2026-02-23 16:00:00,2026-02-23 16:30:00,Long (Partial 50%),5156.49,5185.52,0.06,5156.49,Partial TP 1:2,174.18,11875.97
5285,2026-02-23 16:00:00,2026-02-23 17:00:00,Long,5156.49,5181.0,0.07,5181.0,Stop Loss,171.56,12047.53
5286,2026-02-24 02:00:00,2026-02-24 03:00:00,Short (Partial 50%),5229.95,5195.21,0.05,5229.95,Partial TP 1:2,173.7,12221.23
5286,2026-02-24 02:00:00,2026-02-24 04:30:00,Short,5229.95,5182.55,0.06,5182.55,Stop Loss,284.43,12505.66
5287,2026-02-24 04:30:00,2026-02-24 05:45:00,Long,5183.38,5171.96,0.08,5159.51,Opposite Signal,-91.36,12414.3
5288,2026-02-24 05:45:00,2026-02-24 07:45:00,Short,5171.96,5182.65,0.1,5191.43,Opposite Signal,-106.9,12307.4
5289,2026-02-24 07:45:00,2026-02-24 08:15:00,Long,5182.65,5169.11,0.11,5165.83,Opposite Signal,-148.94,12158.46
5290,2026-02-24 08:15:00,2026-02-24 09:15:00,Short,5169.11,5183.36,0.11,5186.26,Opposite Signal,-156.75,12001.71
5291,2026-02-24 09:15:00,2026-02-24 10:00:00,Long,5183.36,5171.08,0.11,5166.02,Opposite Signal,-135.08,11866.63
5292,2026-02-24 10:00:00,2026-02-24 15:30:00,Short (Partial 50%),5171.08,5138.31,0.06,5171.08,Partial TP 1:2,196.61,12063.24
5292,2026-02-24 10:00:00,2026-02-24 16:30:00,Short,5171.08,5120.93,0.06,5120.93,Stop Loss,300.88,12364.11
5293,2026-02-24 16:30:00,2026-02-24 21:15:00,Long,5137.09,5151.58,0.07,5110.75,Opposite Signal,101.43,12465.54
5294,2026-02-24 21:15:00,2026-02-24 22:15:00,Short,5151.58,5168.15,0.12,5168.15,Stop Loss,-198.89,12266.66
5295,2026-02-24 22:15:00,2026-02-24 23:00:00,Long,5168.43,5161.12,0.11,5151.66,Opposite Signal,-80.41,12186.25
5296,2026-02-24 23:00:00,2026-02-25 01:00:00,Short (Partial 50%),5161.12,5128.21,0.06,5161.12,Partial TP 1:2,197.45,12383.7
5296,2026-02-24 23:00:00,2026-02-25 01:30:00,Short,5161.12,5142.89,0.06,5142.89,Stop Loss,109.41,12493.11
5297,2026-02-25 01:30:00,2026-02-25 03:15:00,Long (Partial 50%),5147.04,5185.38,0.05,5147.04,Partial TP 1:2,191.72,12684.83
5297,2026-02-25 01:30:00,2026-02-25 04:45:00,Long,5147.04,5176.49,0.05,5176.49,Stop Loss,147.26,12832.1
5298,2026-02-25 08:00:00,2026-02-25 11:45:00,Short,5191.49,5193.18,0.12,5207.98,Opposite Signal,-20.28,12811.82
5299,2026-02-25 11:45:00,2026-02-25 12:00:00,Long,5193.18,5184.64,0.16,5180.98,Opposite Signal,-136.64,12675.18
5300,2026-02-25 12:00:00,2026-02-25 13:15:00,Short (Partial 50%),5184.64,5159.03,0.07,5184.64,Partial TP 1:2,179.28,12854.46
5300,2026-02-25 12:00:00,2026-02-25 13:30:00,Short,5184.64,5173.27,0.07,5182.73,Opposite Signal,79.59,12934.05
5301,2026-02-25 13:30:00,2026-02-25 16:15:00,Long,5173.27,5177.76,0.14,5159.07,Opposite Signal,62.86,12996.91
5302,2026-02-25 16:15:00,2026-02-25 16:45:00,Short,5177.76,5190.44,0.15,5190.44,Stop Loss,-190.17,12806.74
5303,2026-02-25 16:45:00,2026-02-25 17:15:00,Long,5191.09,5175.05,0.12,5175.05,Stop Loss,-192.47,12614.27
5304,2026-02-25 17:15:00,2026-02-25 17:45:00,Short,5180.4,5194.94,0.11,5198.35,Opposite Signal,-159.94,12454.33
5305,2026-02-25 17:45:00,2026-02-25 20:45:00,Long,5194.94,5202.5,0.1,5175.76,Opposite Signal,75.6,12529.93
5306,2026-02-25 20:45:00,2026-02-25 22:30:00,Short (Partial 50%),5202.5,5179.67,0.08,5202.5,Partial TP 1:2,182.66,12712.58
5306,2026-02-25 20:45:00,2026-02-25 23:00:00,Short,5202.5,5164.63,0.09,5164.63,Stop Loss,340.8,13053.38
5307,2026-02-25 23:15:00,2026-02-26 04:30:00,Long,5169.13,5176.08,0.1,5149.62,Opposite Signal,69.5,13122.88
5308,2026-02-26 04:30:00,2026-02-26 05:45:00,Short,5176.08,5192.54,0.1,5194.9,Opposite Signal,-164.6,12958.28
5309,2026-02-26 05:45:00,2026-02-26 09:00:00,Long,5192.54,5187.54,0.12,5177.03,Opposite Signal,-60.0,12898.28
5310,2026-02-26 09:00:00,2026-02-26 11:45:00,Short,5187.54,5186.45,0.16,5199.61,Opposite Signal,17.44,12915.72
5311,2026-02-26 11:45:00,2026-02-26 12:15:00,Long,5186.45,5179.34,0.15,5173.17,Opposite Signal,-106.65,12809.07
5312,2026-02-26 12:15:00,2026-02-26 14:15:00,Short,5179.34,5178.52,0.15,5192.19,Opposite Signal,12.3,12821.37
5313,2026-02-26 14:15:00,2026-02-26 15:00:00,Long,5178.52,5174.22,0.14,5164.53,Opposite Signal,-60.2,12761.17
5314,2026-02-26 15:00:00,2026-02-26 16:30:00,Short (Partial 50%),5174.22,5143.98,0.06,5174.22,Partial TP 1:2,181.44,12942.6
5314,2026-02-26 15:00:00,2026-02-26 16:45:00,Short,5174.22,5174.22,0.07,5174.22,Stop Loss,0.0,12942.6
5315,2026-02-26 17:30:00,2026-02-26 19:45:00,Long,5175.64,5167.25,0.08,5150.72,Opposite Signal,-67.12,12875.48
5316,2026-02-26 19:45:00,2026-02-26 20:30:00,Short,5167.25,5181.24,0.1,5186.88,Opposite Signal,-139.9,12735.58
5317,2026-02-26 20:30:00,2026-02-26 23:15:00,Long,5181.24,5186.03,0.1,5161.53,Opposite Signal,47.9,12783.48
5318,2026-02-26 23:15:00,2026-02-27 03:30:00,Short,5186.03,5188.43,0.13,5200.77,Opposite Signal,-31.2,12752.28
5319,2026-02-27 03:30:00,2026-02-27 04:15:00,Long,5188.43,5184.29,0.12,5172.76,Opposite Signal,-49.68,12702.6
5320,2026-02-27 04:15:00,2026-02-27 07:15:00,Short,5184.29,5194.74,0.13,5199.34,Opposite Signal,-135.85,12566.75
5321,2026-02-27 07:15:00,2026-02-27 08:45:00,Long,5194.74,5185.53,0.17,5183.41,Opposite Signal,-156.57,12410.18
5322,2026-02-27 08:45:00,2026-02-27 13:45:00,Short,5185.53,5185.74,0.18,5196.57,Opposite Signal,-3.78,12406.4
5323,2026-02-27 13:45:00,2026-02-27 15:00:00,Long (Partial 50%),5185.74,5204.99,0.1,5185.74,Partial TP 1:2,192.51,12598.91
5323,2026-02-27 13:45:00,2026-02-27 15:30:00,Long,5185.74,5224.96,0.1,5224.96,Stop Loss,392.24,12991.15
5324,2026-02-27 15:30:00,2026-02-27 16:15:00,Short,5216.41,5234.25,0.11,5234.25,Stop Loss,-196.22,12794.93
5325,2026-02-27 16:15:00,2026-02-27 16:45:00,Long,5233.56,5216.35,0.11,5216.35,Stop Loss,-189.31,12605.62
5326,2026-02-27 18:15:00,2026-02-27 20:45:00,Short,5234.37,5245.3,0.08,5259.34,Opposite Signal,-87.44,12518.18
5327,2026-02-27 20:45:00,2026-03-02 01:00:00,Long (Partial 50%),5245.3,5281.64,0.05,5245.3,Partial TP 1:2,181.7,12699.88
5327,2026-02-27 20:45:00,2026-03-02 02:00:00,Long,5245.3,5365.6,0.06,5365.6,Stop Loss,721.81,13421.69
5328,2026-03-02 02:15:00,2026-03-02 03:30:00,Short,5364.29,5333.28,0.06,5396.54,Opposite Signal,186.06,13607.75
5329,2026-03-02 03:30:00,2026-03-02 09:15:00,Long (Partial 50%),5333.28,5408.98,0.02,5333.28,Partial TP 1:2,151.41,13759.16
5329,2026-03-02 03:30:00,2026-03-02 10:30:00,Long,5333.28,5402.5,0.03,5402.5,Stop Loss,207.66,13966.82
5330,2026-03-02 10:30:00,2026-03-02 15:15:00,Short,5401.87,5401.65,0.09,5422.74,Opposite Signal,1.98,13968.8
5331,2026-03-02 15:15:00,2026-03-02 16:00:00,Long,5401.65,5377.69,0.08,5377.69,Stop Loss,-191.67,13777.12
5332,2026-03-02 16:00:00,2026-03-02 16:15:00,Short (Partial 50%),5375.56,5322.8,0.03,5375.56,Partial TP 1:2,158.29,13935.41
5332,2026-03-02 16:00:00,2026-03-02 19:30:00,Short,5375.56,5318.93,0.04,5318.93,Stop Loss,226.52,14161.93
5333,2026-03-02 21:00:00,2026-03-02 23:45:00,Long,5330.33,5322.16,0.06,5298.8,Opposite Signal,-49.02,14112.91
5334,2026-03-02 23:45:00,2026-03-03 01:00:00,Short,5322.16,5343.29,0.09,5343.29,Stop Loss,-190.13,13922.78
5335,2026-03-03 01:00:00,2026-03-03 03:45:00,Long,5337.94,5339.31,0.08,5315.21,Opposite Signal,10.96,13933.74
5336,2026-03-03 03:45:00,2026-03-03 04:15:00,Short,5339.31,5358.79,0.08,5363.4,Opposite Signal,-155.84,13777.9
5337,2026-03-03 04:15:00,2026-03-03 07:15:00,Long,5358.79,5358.95,0.07,5333.58,Opposite Signal,1.12,13779.02
5338,2026-03-03 07:15:00,2026-03-03 07:45:00,Short (Partial 50%),5358.95,5323.08,0.05,5358.95,Partial TP 1:2,179.34,13958.37
5338,2026-03-03 07:15:00,2026-03-03 08:15:00,Short,5358.95,5308.51,0.06,5308.51,Stop Loss,302.67,14261.04
5339,2026-03-03 08:15:00,2026-03-03 10:30:00,Long,5316.77,5305.05,0.06,5286.34,Opposite Signal,-70.32,14190.72
5340,2026-03-03 10:30:00,2026-03-03 11:15:00,Short (Partial 50%),5305.05,5252.5,0.03,5305.05,Partial TP 1:2,157.66,14348.38
5340,2026-03-03 10:30:00,2026-03-03 11:45:00,Short,5305.05,5274.99,0.04,5288.98,Opposite Signal,120.24,14468.62
5341,2026-03-03 11:45:00,2026-03-03 12:45:00,Long,5274.99,5238.48,0.05,5238.48,Stop Loss,-182.53,14286.09
5342,2026-03-03 12:45:00,2026-03-03 13:00:00,Short (Partial 50%),5248.56,5177.8,0.02,5248.56,Partial TP 1:2,141.51,14427.6
5342,2026-03-03 12:45:00,2026-03-03 14:00:00,Short,5248.56,5163.87,0.03,5163.87,Stop Loss,254.07,14681.67
5343,2026-03-03 14:00:00,2026-03-03 15:00:00,Long,5193.37,5163.95,0.03,5129.8,Opposite Signal,-88.26,14593.41
5344,2026-03-03 15:00:00,2026-03-03 16:45:00,Short (Partial 50%),5163.95,5036.98,0.01,5163.95,Partial TP 1:2,126.97,14720.38
5344,2026-03-03 15:00:00,2026-03-03 17:45:00,Short,5163.95,5084.67,0.01,5084.67,Stop Loss,79.28,14799.66
5345,2026-03-03 17:45:00,2026-03-03 21:15:00,Long,5095.37,5106.57,0.02,5028.48,Opposite Signal,22.4,14822.06
5346,2026-03-03 21:15:00,2026-03-04 01:00:00,Short,5106.57,5116.5,0.04,5150.02,Opposite Signal,-39.72,14782.34
5347,2026-03-04 01:00:00,2026-03-04 04:00:00,Long (Partial 50%),5116.5,5183.35,0.02,5116.5,Partial TP 1:2,133.71,14916.04
5347,2026-03-04 01:00:00,2026-03-04 04:45:00,Long,5116.5,5161.37,0.03,5161.37,Stop Loss,134.6,15050.64
5348,2026-03-04 04:45:00,2026-03-04 08:45:00,Short,5156.06,5159.97,0.06,5185.49,Opposite Signal,-23.46,15027.18
5349,2026-03-04 08:45:00,2026-03-04 14:15:00,Long,5159.97,5178.5,0.07,5132.32,Opposite Signal,129.71,15156.89
5350,2026-03-04 14:15:00,2026-03-04 15:00:00,Short,5178.5,5192.29,0.09,5199.13,Opposite Signal,-124.11,15032.78
5351,2026-03-04 15:00:00,2026-03-04 15:45:00,Long,5192.29,5168.87,0.08,5168.87,Stop Loss,-187.35,14845.43
5352,2026-03-04 15:45:00,2026-03-04 17:15:00,Short,5167.8,5155.93,0.08,5192.12,Opposite Signal,94.96,14940.39
5353,2026-03-04 17:15:00,2026-03-04 19:15:00,Long,5155.93,5124.19,0.06,5124.19,Stop Loss,-190.45,14749.94
5354,2026-03-04 19:15:00,2026-03-04 22:30:00,Short,5133.63,5144.0,0.06,5163.14,Opposite Signal,-62.22,14687.72
5355,2026-03-04 22:30:00,2026-03-05 04:15:00,Long (Partial 50%),5144.0,5187.27,0.04,5144.0,Partial TP 1:2,173.08,14860.8
5355,2026-03-04 22:30:00,2026-03-05 05:45:00,Long,5144.0,5179.71,0.04,5179.71,Stop Loss,142.86,15003.66
5356,2026-03-05 06:15:00,2026-03-05 08:00:00,Short (Partial 50%),5178.31,5144.39,0.05,5178.31,Partial TP 1:2,169.62,15173.27
5356,2026-03-05 06:15:00,2026-03-05 08:30:00,Short,5178.31,5150.81,0.06,5157.21,Opposite Signal,165.0,15338.27
5357,2026-03-05 08:30:00,2026-03-05 10:00:00,Long,5150.81,5141.71,0.09,5129.09,Opposite Signal,-81.9,15256.37
5358,2026-03-05 10:00:00,2026-03-05 10:30:00,Short,5141.71,5162.02,0.09,5162.02,Stop Loss,-182.75,15073.62
5359,2026-03-05 10:30:00,2026-03-05 11:30:00,Long,5161.19,5162.66,0.09,5140.25,Opposite Signal,13.23,15086.85
5360,2026-03-05 11:30:00,2026-03-05 14:00:00,Short,5162.66,5168.85,0.09,5184.04,Opposite Signal,-55.71,15031.14
5361,2026-03-05 14:00:00,2026-03-05 15:00:00,Long,5168.85,5153.46,0.12,5153.46,Stop Loss,-184.65,14846.49
5362,2026-03-05 15:00:00,2026-03-05 15:15:00,Short (Partial 50%),5156.01,5125.63,0.06,5156.01,Partial TP 1:2,182.26,15028.75
5362,2026-03-05 15:00:00,2026-03-05 17:00:00,Short,5156.01,5116.6,0.07,5116.6,Stop Loss,275.84,15304.59
5363,2026-03-05 20:30:00,2026-03-06 01:45:00,Long,5083.15,5086.22,0.06,5054.18,Opposite Signal,18.42,15323.01
5364,2026-03-06 01:45:00,2026-03-06 03:30:00,Short,5086.22,5106.58,0.09,5106.58,Stop Loss,-183.22,15139.78
5365,2026-03-06 03:30:00,2026-03-06 07:30:00,Long,5117.92,5121.03,0.07,5092.87,Opposite Signal,21.77,15161.55
5366,2026-03-06 07:30:00,2026-03-06 11:30:00,Short (Partial 50%),5121.03,5090.84,0.06,5121.03,Partial TP 1:2,181.15,15342.71
5366,2026-03-06 07:30:00,2026-03-06 13:15:00,Short,5121.03,5093.36,0.07,5093.36,Stop Loss,193.67,15536.38
5367,2026-03-06 13:15:00,2026-03-06 13:30:00,Long,5094.57,5081.4,0.11,5076.78,Opposite Signal,-144.87,15391.51
5368,2026-03-06 13:30:00,2026-03-06 14:30:00,Short,5081.4,5096.24,0.1,5100.21,Opposite Signal,-148.4,15243.11
5369,2026-03-06 14:30:00,2026-03-06 15:00:00,Long,5096.24,5076.19,0.09,5076.19,Stop Loss,-180.43,15062.68
5370,2026-03-06 15:00:00,2026-03-06 15:30:00,Short,5073.15,5094.23,0.09,5094.23,Stop Loss,-189.73,14872.95
5371,2026-03-06 15:30:00,2026-03-06 15:45:00,Long,5121.42,5094.6,0.07,5094.6,Stop Loss,-187.73,14685.22
5372,2026-03-06 15:45:00,2026-03-06 16:45:00,Short,5085.31,5116.76,0.06,5116.76,Stop Loss,-188.73,14496.49
5373,2026-03-06 16:45:00,2026-03-06 22:00:00,Long,5129.5,5155.31,0.05,5093.22,Opposite Signal,129.05,14625.54
5374,2026-03-06 22:00:00,2026-03-06 23:15:00,Short,5155.31,5168.22,0.1,5175.2,Opposite Signal,-129.1,14496.44
5375,2026-03-06 23:15:00,2026-03-09 01:00:00,Long,5168.22,5150.17,0.11,5150.17,Stop Loss,-198.52,14297.93
5376,2026-03-09 01:00:00,2026-03-09 01:30:00,Short (Partial 50%),5157.55,5104.34,0.03,5157.55,Partial TP 1:2,159.62,14457.55
5376,2026-03-09 01:00:00,2026-03-09 04:00:00,Short,5157.55,5067.55,0.04,5067.55,Stop Loss,360.01,14817.56
5377,2026-03-09 04:00:00,2026-03-09 09:30:00,Long,5072.22,5106.91,0.04,5025.61,Opposite Signal,138.76,14956.32
5378,2026-03-09 09:30:00,2026-03-09 12:00:00,Short,5106.91,5112.77,0.07,5133.53,Opposite Signal,-41.02,14915.3
5379,2026-03-09 12:00:00,2026-03-09 12:30:00,Long,5112.77,5102.89,0.08,5090.21,Opposite Signal,-79.04,14836.26
5380,2026-03-09 12:30:00,2026-03-09 15:15:00,Short,5102.89,5109.41,0.08,5127.65,Opposite Signal,-52.16,14784.1
5381,2026-03-09 15:15:00,2026-03-09 15:45:00,Long,5109.41,5094.88,0.09,5089.38,Opposite Signal,-130.77,14653.33
5382,2026-03-09 15:45:00,2026-03-09 17:30:00,Short,5094.88,5114.32,0.1,5114.32,Stop Loss,-194.41,14458.92
5383,2026-03-09 17:30:00,2026-03-09 18:00:00,Long,5112.32,5083.98,0.07,5083.98,Stop Loss,-198.4,14260.52
5384,2026-03-09 18:00:00,2026-03-09 21:15:00,Short,5091.84,5105.23,0.06,5121.14,Opposite Signal,-80.34,14180.18
5385,2026-03-09 21:15:00,2026-03-09 22:15:00,Long (Partial 50%),5105.23,5140.89,0.05,5105.23,Partial TP 1:2,178.29,14358.47
5385,2026-03-09 21:15:00,2026-03-10 01:00:00,Long,5105.23,5127.59,0.06,5127.59,Stop Loss,134.16,14492.63
5386,2026-03-10 02:30:00,2026-03-10 04:00:00,Short,5136.93,5143.34,0.09,5157.99,Opposite Signal,-57.69,14434.94
5387,2026-03-10 04:00:00,2026-03-10 05:00:00,Long (Partial 50%),5143.34,5185.85,0.04,5143.34,Partial TP 1:2,170.04,14604.98
5387,2026-03-10 04:00:00,2026-03-10 05:45:00,Long,5143.34,5167.56,0.04,5167.56,Stop Loss,96.89,14701.87
5388,2026-03-10 05:45:00,2026-03-10 08:00:00,Short,5165.94,5172.87,0.08,5188.9,Opposite Signal,-55.44,14646.43
5389,2026-03-10 08:00:00,2026-03-10 10:15:00,Long,5172.87,5169.47,0.13,5157.49,Opposite Signal,-44.2,14602.23
5390,2026-03-10 10:15:00,2026-03-10 10:45:00,Short,5169.47,5181.12,0.14,5183.65,Opposite Signal,-163.1,14439.13
5391,2026-03-10 10:45:00,2026-03-10 13:15:00,Long,5181.12,5173.7,0.14,5167.01,Opposite Signal,-103.88,14335.25
5392,2026-03-10 13:15:00,2026-03-10 14:00:00,Short,5173.7,5187.24,0.14,5187.24,Stop Loss,-189.51,14145.74
5393,2026-03-10 14:00:00,2026-03-10 14:30:00,Long,5187.28,5174.28,0.12,5171.37,Opposite Signal,-156.0,13989.74
5394,2026-03-10 14:30:00,2026-03-10 15:30:00,Short,5174.28,5185.4,0.12,5190.23,Opposite Signal,-133.44,13856.3
5395,2026-03-10 15:30:00,2026-03-10 16:15:00,Long (Partial 50%),5185.4,5217.7,0.06,5185.4,Partial TP 1:2,193.82,14050.11
5395,2026-03-10 15:30:00,2026-03-10 16:45:00,Long,5185.4,5205.59,0.06,5195.93,Opposite Signal,121.14,14171.25
5396,2026-03-10 16:45:00,2026-03-10 18:00:00,Short,5205.59,5226.31,0.09,5226.31,Stop Loss,-186.5,13984.76
5397,2026-03-10 18:00:00,2026-03-10 21:00:00,Long,5223.48,5215.73,0.08,5200.96,Opposite Signal,-62.0,13922.76
5398,2026-03-10 21:00:00,2026-03-10 21:15:00,Short (Partial 50%),5215.73,5183.31,0.06,5215.73,Partial TP 1:2,194.5,14117.25
5398,2026-03-10 21:00:00,2026-03-10 22:15:00,Short,5215.73,5207.48,0.06,5207.48,Stop Loss,49.51,14166.76
5399,2026-03-11 03:15:00,2026-03-11 05:00:00,Long,5212.31,5194.61,0.11,5194.61,Stop Loss,-194.73,13972.03
5400,2026-03-11 05:00:00,2026-03-11 05:45:00,Short,5201.5,5218.21,0.11,5218.21,Stop Loss,-183.81,13788.22
5401,2026-03-11 05:45:00,2026-03-11 06:15:00,Long,5217.32,5204.68,0.12,5201.4,Opposite Signal,-151.68,13636.54
5402,2026-03-11 06:15:00,2026-03-11 09:00:00,Short,5204.68,5209.33,0.12,5220.26,Opposite Signal,-55.8,13580.74
5403,2026-03-11 09:00:00,2026-03-11 09:30:00,Long,5209.33,5196.32,0.15,5196.32,Stop Loss,-195.15,13385.59
5404,2026-03-11 09:30:00,2026-03-11 12:30:00,Short,5194.87,5191.72,0.14,5208.75,Opposite Signal,44.1,13429.69
5405,2026-03-11 12:30:00,2026-03-11 13:30:00,Long,5191.72,5179.17,0.13,5177.08,Opposite Signal,-163.15,13266.54
5406,2026-03-11 13:30:00,2026-03-11 15:00:00,Short,5179.17,5191.09,0.13,5193.71,Opposite Signal,-154.96,13111.58
5407,2026-03-11 15:00:00,2026-03-11 15:30:00,Long,5191.09,5174.76,0.12,5174.76,Stop Loss,-196.01,12915.58
5408,2026-03-11 15:30:00,2026-03-11 16:15:00,Short,5180.36,5181.48,0.12,5197.02,Opposite Signal,-13.44,12902.14
5409,2026-03-11 16:15:00,2026-03-11 16:30:00,Long,5181.48,5165.44,0.11,5163.96,Opposite Signal,-176.44,12725.7
5410,2026-03-11 16:30:00,2026-03-11 17:00:00,Short,5165.44,5183.66,0.1,5183.66,Stop Loss,-182.21,12543.49
5411,2026-03-11 17:00:00,2026-03-11 18:00:00,Long,5189.98,5170.82,0.09,5169.24,Opposite Signal,-172.44,12371.05
5412,2026-03-11 18:00:00,2026-03-11 21:15:00,Short,5170.82,5177.58,0.09,5192.5,Opposite Signal,-60.84,12310.21
5413,2026-03-11 21:15:00,2026-03-12 01:00:00,Long,5177.58,5174.52,0.12,5162.09,Opposite Signal,-36.72,12273.49
5414,2026-03-12 01:00:00,2026-03-12 01:45:00,Short (Partial 50%),5174.52,5152.43,0.09,5174.52,Partial TP 1:2,198.8,12472.29
5414,2026-03-12 01:00:00,2026-03-12 02:00:00,Short,5174.52,5151.86,0.09,5164.34,Opposite Signal,203.94,12676.23
5415,2026-03-12 02:00:00,2026-03-12 02:45:00,Long,5151.86,5133.14,0.1,5133.14,Stop Loss,-187.22,12489.01
5416,2026-03-12 02:45:00,2026-03-12 03:15:00,Short,5134.23,5152.4,0.11,5152.4,Stop Loss,-199.85,12289.16
5417,2026-03-12 03:15:00,2026-03-12 05:30:00,Long,5152.74,5157.59,0.1,5132.86,Opposite Signal,48.5,12337.66
5418,2026-03-12 05:30:00,2026-03-12 08:30:00,Short,5157.59,5153.46,0.11,5175.24,Opposite Signal,45.43,12383.09
5419,2026-03-12 08:30:00,2026-03-12 10:45:00,Long (Partial 50%),5153.46,5180.92,0.07,5153.46,Partial TP 1:2,192.23,12575.33
5419,2026-03-12 08:30:00,2026-03-12 13:15:00,Long,5153.46,5180.79,0.07,5180.79,Stop Loss,191.34,12766.67
5420,2026-03-12 13:15:00,2026-03-12 15:45:00,Short,5180.07,5181.52,0.18,5191.16,Opposite Signal,-26.1,12740.57
5421,2026-03-12 15:45:00,2026-03-12 16:15:00,Long,5181.52,5169.59,0.16,5169.59,Stop Loss,-190.87,12549.7
5422,2026-03-12 16:15:00,2026-03-12 17:30:00,Short (Partial 50%),5171.45,5142.46,0.06,5171.45,Partial TP 1:2,173.93,12723.63
5422,2026-03-12 16:15:00,2026-03-12 22:30:00,Short,5171.45,5096.4,0.07,5096.4,Stop Loss,525.36,13248.98
5423,2026-03-13 01:15:00,2026-03-13 05:45:00,Long,5092.05,5111.98,0.1,5073.33,Opposite Signal,199.3,13448.28
5424,2026-03-13 05:45:00,2026-03-13 09:45:00,Short (Partial 50%),5111.98,5086.04,0.07,5111.98,Partial TP 1:2,181.6,13629.88
5424,2026-03-13 05:45:00,2026-03-13 11:30:00,Short,5111.98,5082.12,0.07,5082.12,Stop Loss,209.02,13838.91
5425,2026-03-13 11:45:00,2026-03-13 16:45:00,Long,5087.47,5101.7,0.11,5070.12,Opposite Signal,156.53,13995.44
5426,2026-03-13 16:45:00,2026-03-13 17:45:00,Short (Partial 50%),5101.7,5067.16,0.05,5101.7,Partial TP 1:2,172.68,14168.12
5426,2026-03-13 16:45:00,2026-03-13 18:00:00,Short,5101.7,5069.18,0.06,5086.58,Opposite Signal,195.12,14363.24
5427,2026-03-13 18:00:00,2026-03-13 18:30:00,Long,5069.18,5043.08,0.07,5043.08,Stop Loss,-182.73,14180.5
5428,2026-03-13 18:30:00,2026-03-13 20:00:00,Short,5046.61,5056.85,0.07,5073.68,Opposite Signal,-71.68,14108.82
5429,2026-03-13 20:00:00,2026-03-13 22:00:00,Long,5056.85,5039.95,0.08,5031.89,Opposite Signal,-135.2,13973.62
5430,2026-03-13 22:00:00,2026-03-16 01:15:00,Short (Partial 50%),5039.95,5000.08,0.05,5039.95,Partial TP 1:2,199.37,14172.99
5430,2026-03-13 22:00:00,2026-03-16 01:45:00,Short,5039.95,5024.45,0.05,5024.45,Stop Loss,77.5,14250.49
5431,2026-03-16 01:45:00,2026-03-16 02:00:00,Long,5024.98,5003.96,0.09,5003.96,Stop Loss,-189.14,14061.35
5432,2026-03-16 02:00:00,2026-03-16 03:00:00,Short,5007.16,5022.57,0.08,5029.68,Opposite Signal,-123.28,13938.07
5433,2026-03-16 03:00:00,2026-03-16 04:00:00,Long,5022.57,4993.12,0.06,4993.12,Stop Loss,-176.69,13761.38
5434,2026-03-16 04:00:00,2026-03-16 04:45:00,Short,4985.65,5015.75,0.06,5015.75,Stop Loss,-180.61,13580.77
5435,2026-03-16 04:45:00,2026-03-16 08:15:00,Long,5015.99,5010.89,0.06,4986.25,Opposite Signal,-30.6,13550.17
5436,2026-03-16 08:15:00,2026-03-16 09:00:00,Short,5010.89,5026.13,0.13,5026.13,Stop Loss,-198.11,13352.06
5437,2026-03-16 09:00:00,2026-03-16 09:45:00,Long,5027.25,5011.62,0.12,5011.62,Stop Loss,-187.6,13164.47
5438,2026-03-16 09:45:00,2026-03-16 12:00:00,Short (Partial 50%),5012.16,4979.2,0.06,5012.16,Partial TP 1:2,197.75,13362.21
5438,2026-03-16 09:45:00,2026-03-16 13:15:00,Short,5012.16,4986.94,0.06,4986.94,Stop Loss,151.33,13513.54
5439,2026-03-16 13:45:00,2026-03-16 14:45:00,Long,4998.76,4997.05,0.11,4981.17,Opposite Signal,-18.81,13494.73
5440,2026-03-16 14:45:00,2026-03-16 15:15:00,Short,4997.05,5016.9,0.1,5016.9,Stop Loss,-198.55,13296.19
5441,2026-03-16 15:15:00,2026-03-16 17:15:00,Long,5022.74,5014.8,0.09,5001.76,Opposite Signal,-71.46,13224.73
5442,2026-03-16 17:15:00,2026-03-16 19:30:00,Short (Partial 50%),5014.8,4976.69,0.05,5014.8,Partial TP 1:2,190.54,13415.27
5442,2026-03-16 17:15:00,2026-03-16 20:00:00,Short,5014.8,5002.05,0.05,5004.7,Opposite Signal,63.75,13479.02
5443,2026-03-16 20:00:00,2026-03-16 20:30:00,Long,5002.05,4987.7,0.09,4980.96,Opposite Signal,-129.15,13349.87
5444,2026-03-16 20:30:00,2026-03-16 21:15:00,Short,4987.7,5007.5,0.1,5007.5,Stop Loss,-197.99,13151.89
5445,2026-03-16 21:15:00,2026-03-17 01:00:00,Long,5006.47,5003.95,0.1,4987.88,Opposite Signal,-25.2,13126.69
5446,2026-03-17 01:00:00,2026-03-17 02:45:00,Short,5003.95,5012.88,0.13,5018.56,Opposite Signal,-116.09,13010.6
5447,2026-03-17 02:45:00,2026-03-17 03:15:00,Long,5012.88,5000.89,0.16,5000.89,Stop Loss,-191.89,12818.71
5448,2026-03-17 03:15:00,2026-03-17 04:00:00,Short,5003.43,5010.35,0.15,5016.34,Opposite Signal,-103.8,12714.91
5449,2026-03-17 04:00:00,2026-03-17 07:30:00,Long (Partial 50%),5010.35,5038.73,0.07,5010.35,Partial TP 1:2,198.68,12913.59
5449,2026-03-17 04:00:00,2026-03-17 08:30:00,Long,5010.35,5032.89,0.07,5032.89,Stop Loss,157.8,13071.39
5450,2026-03-17 08:30:00,2026-03-17 09:00:00,Short (Partial 50%),5032.25,5008.86,0.08,5032.25,Partial TP 1:2,187.13,13258.52
5450,2026-03-17 08:30:00,2026-03-17 10:30:00,Short,5032.25,5018.78,0.09,5018.78,Stop Loss,121.26,13379.78
5451,2026-03-17 10:30:00,2026-03-17 12:00:00,Long,5023.21,5013.78,0.14,5009.55,Opposite Signal,-132.02,13247.76
5452,2026-03-17 12:00:00,2026-03-17 14:30:00,Short,5013.78,5009.42,0.14,5027.2,Opposite Signal,61.04,13308.8
5453,2026-03-17 14:30:00,2026-03-17 16:45:00,Long,5009.42,5016.59,0.15,4996.24,Opposite Signal,107.55,13416.35
5454,2026-03-17 16:45:00,2026-03-17 18:30:00,Short (Partial 50%),5016.59,4982.59,0.05,5016.59,Partial TP 1:2,170.02,13586.38
5454,2026-03-17 16:45:00,2026-03-17 19:15:00,Short,5016.59,5004.11,0.06,5007.92,Opposite Signal,74.88,13661.26
5455,2026-03-17 19:15:00,2026-03-18 01:30:00,Long,5004.11,4996.26,0.09,4984.07,Opposite Signal,-70.65,13590.61
5456,2026-03-18 01:30:00,2026-03-18 02:45:00,Short,4996.26,5002.92,0.2,5006.13,Opposite Signal,-133.2,13457.41
5457,2026-03-18 02:45:00,2026-03-18 03:15:00,Long,5002.92,5002.86,0.23,4994.57,Opposite Signal,-1.38,13456.03
5458,2026-03-18 03:15:00,2026-03-18 04:00:00,Short,5002.86,5012.44,0.2,5012.44,Stop Loss,-191.62,13264.41
5459,2026-03-18 04:00:00,2026-03-18 04:30:00,Long,5011.52,5001.64,0.17,5000.37,Opposite Signal,-167.96,13096.45
5460,2026-03-18 04:30:00,2026-03-18 08:30:00,Short,5001.64,4999.26,0.17,5012.96,Opposite Signal,40.46,13136.91
5461,2026-03-18 08:30:00,2026-03-18 10:30:00,Long,4999.26,5001.91,0.18,4988.3,Opposite Signal,47.7,13184.61
5462,2026-03-18 10:30:00,2026-03-18 11:45:00,Short (Partial 50%),5001.91,4980.77,0.09,5001.91,Partial TP 1:2,190.25,13374.86
5462,2026-03-18 10:30:00,2026-03-18 12:30:00,Short,5001.91,4994.59,0.09,4994.59,Stop Loss,65.92,13440.78
5463,2026-03-18 17:00:00,2026-03-18 21:30:00,Long,4881.29,4878.39,0.06,4848.44,Opposite Signal,-17.4,13423.38
5464,2026-03-18 21:30:00,2026-03-18 23:00:00,Short (Partial 50%),4878.39,4837.47,0.04,4878.39,Partial TP 1:2,163.69,13587.07
5464,2026-03-18 21:30:00,2026-03-19 01:00:00,Short,4878.39,4827.59,0.04,4827.59,Stop Loss,203.19,13790.26
5465,2026-03-19 01:30:00,2026-03-19 04:45:00,Long,4828.12,4849.95,0.07,4802.14,Opposite Signal,152.81,13943.07
5466,2026-03-19 04:45:00,2026-03-19 06:00:00,Short,4849.95,4864.34,0.09,4871.91,Opposite Signal,-129.51,13813.56
5467,2026-03-19 06:00:00,2026-03-19 06:45:00,Long,4864.34,4850.87,0.1,4845.69,Opposite Signal,-134.7,13678.86
5468,2026-03-19 06:45:00,2026-03-19 09:15:00,Short (Partial 50%),4850.87,4817.38,0.05,4850.87,Partial TP 1:2,167.46,13846.32
5468,2026-03-19 06:45:00,2026-03-19 10:00:00,Short,4850.87,4780.21,0.06,4780.21,Stop Loss,423.94,14270.26
5469,2026-03-19 16:15:00,2026-03-19 17:15:00,Long,4576.26,4584.84,0.03,4518.52,Opposite Signal,25.74,14296.0
5470,2026-03-19 17:15:00,2026-03-19 18:00:00,Short,4584.84,4627.56,0.03,4648.65,Opposite Signal,-128.16,14167.84
5471,2026-03-19 18:00:00,2026-03-19 18:30:00,Long,4627.56,4571.36,0.03,4565.17,Opposite Signal,-168.6,13999.24
5472,2026-03-19 18:30:00,2026-03-19 20:45:00,Short,4571.36,4616.13,0.03,4631.37,Opposite Signal,-134.31,13864.93
5473,2026-03-19 20:45:00,2026-03-20 01:30:00,Long,4616.13,4646.66,0.04,4567.85,Opposite Signal,122.12,13987.05
5474,2026-03-20 01:30:00,2026-03-20 03:00:00,Short,4646.66,4662.18,0.06,4677.32,Opposite Signal,-93.12,13893.93
5475,2026-03-20 03:00:00,2026-03-20 06:00:00,Long (Partial 50%),4662.18,4713.69,0.03,4662.18,Partial TP 1:2,154.54,14048.47
5475,2026-03-20 03:00:00,2026-03-20 08:00:00,Long,4662.18,4713.8,0.04,4713.8,Stop Loss,206.47,14254.94
5476,2026-03-20 08:30:00,2026-03-20 09:30:00,Short (Partial 50%),4709.47,4668.31,0.04,4709.47,Partial TP 1:2,164.65,14419.59
5476,2026-03-20 08:30:00,2026-03-20 10:15:00,Short,4709.47,4685.39,0.04,4685.39,Stop Loss,96.33,14515.92
5477,2026-03-20 10:15:00,2026-03-20 11:45:00,Long,4688.43,4693.76,0.08,4664.88,Opposite Signal,42.64,14558.56
5478,2026-03-20 11:45:00,2026-03-20 13:45:00,Short (Partial 50%),4693.76,4642.33,0.03,4693.76,Partial TP 1:2,154.29,14712.85
5478,2026-03-20 11:45:00,2026-03-20 14:15:00,Short,4693.76,4665.22,0.04,4682.24,Opposite Signal,114.16,14827.01
5479,2026-03-20 14:15:00,2026-03-20 16:00:00,Long,4665.22,4662.04,0.07,4637.27,Opposite Signal,-22.26,14804.75
5480,2026-03-20 16:00:00,2026-03-20 17:00:00,Short (Partial 50%),4662.04,4605.86,0.03,4662.04,Partial TP 1:2,168.53,14973.29
5480,2026-03-20 16:00:00,2026-03-20 17:30:00,Short,4662.04,4583.99,0.04,4583.99,Stop Loss,312.2,15285.49
5481,2026-03-20 19:00:00,2026-03-20 21:15:00,Long,4588.37,4548.54,0.05,4548.54,Stop Loss,-199.16,15086.32
5482,2026-03-20 21:15:00,2026-03-20 21:45:00,Short (Partial 50%),4554.53,4483.16,0.02,4554.53,Partial TP 1:2,142.74,15229.06
5482,2026-03-20 21:15:00,2026-03-23 01:15:00,Short,4554.53,4518.12,0.03,4518.12,Stop Loss,109.22,15338.28
5483,2026-03-23 01:15:00,2026-03-23 02:00:00,Long,4523.61,4490.03,0.05,4483.72,Opposite Signal,-167.9,15170.38
5484,2026-03-23 02:00:00,2026-03-23 03:15:00,Short (Partial 50%),4490.03,4412.33,0.02,4490.03,Partial TP 1:2,155.41,15325.79
5484,2026-03-23 02:00:00,2026-03-23 04:00:00,Short,4490.03,4393.82,0.03,4393.82,Stop Loss,288.62,15614.41
5485,2026-03-23 04:00:00,2026-03-23 04:45:00,Long,4407.63,4387.2,0.02,4339.01,Opposite Signal,-40.86,15573.55
5486,2026-03-23 04:45:00,2026-03-23 09:15:00,Short (Partial 50%),4387.2,4251.31,0.01,4387.2,Partial TP 1:2,135.89,15709.44
5486,2026-03-23 04:45:00,2026-03-23 09:45:00,Short,4387.2,4219.52,0.01,4219.52,Stop Loss,167.68,15877.12
5487,2026-03-23 09:45:00,2026-03-23 10:00:00,Long,4219.97,4159.97,0.03,4159.97,Stop Loss,-180.0,15697.11
5488,2026-03-23 10:00:00,2026-03-23 10:30:00,Short,4130.27,4198.61,0.02,4198.61,Stop Loss,-136.67,15560.44
5489,2026-03-23 10:30:00,2026-03-23 12:30:00,Long,4214.68,4225.67,0.02,4138.18,Opposite Signal,21.98,15582.42
5490,2026-03-23 12:30:00,2026-03-23 14:00:00,Short,4225.67,4300.58,0.02,4300.58,Stop Loss,-149.83,15432.59
5491,2026-03-23 14:00:00,2026-03-23 14:15:00,Long,4455.58,4371.09,0.02,4371.09,Stop Loss,-168.97,15263.62
5492,2026-03-23 14:15:00,2026-03-23 15:30:00,Short,4398.22,4441.59,0.02,4490.08,Opposite Signal,-86.74,15176.88
5493,2026-03-23 15:30:00,2026-03-23 16:15:00,Long,4441.59,4409.79,0.02,4353.8,Opposite Signal,-63.6,15113.28
5494,2026-03-23 16:15:00,2026-03-23 17:15:00,Short,4409.79,4495.5,0.02,4495.5,Stop Loss,-171.42,14941.86
5495,2026-03-23 17:15:00,2026-03-23 18:30:00,Long,4486.39,4407.94,0.02,4407.94,Stop Loss,-156.91,14784.95
5496,2026-03-23 18:30:00,2026-03-23 20:15:00,Short,4407.67,4405.28,0.02,4477.6,Opposite Signal,4.78,14789.73
5497,2026-03-23 20:15:00,2026-03-23 22:00:00,Long,4405.28,4406.68,0.03,4345.11,Opposite Signal,4.2,14793.93
5498,2026-03-23 22:00:00,2026-03-24 02:00:00,Short,4406.68,4435.66,0.03,4459.86,Opposite Signal,-86.94,14706.99
5499,2026-03-24 02:00:00,2026-03-24 03:15:00,Long,4435.66,4396.09,0.05,4396.09,Stop Loss,-197.85,14509.14
5500,2026-03-24 03:15:00,2026-03-24 05:15:00,Short,4377.92,4351.48,0.04,4420.25,Opposite Signal,105.76,14614.9
5501,2026-03-24 05:15:00,2026-03-24 07:45:00,Long,4351.48,4333.36,0.03,4298.96,Opposite Signal,-54.36,14560.54
5502,2026-03-24 07:45:00,2026-03-24 08:30:00,Short,4333.36,4369.43,0.05,4369.43,Stop Loss,-180.33,14380.22
5503,2026-03-24 08:30:00,2026-03-24 11:15:00,Long,4358.21,4396.61,0.05,4319.0,Opposite Signal,192.0,14572.22
5504,2026-03-24 11:15:00,2026-03-24 12:45:00,Short,4396.61,4426.04,0.05,4434.56,Opposite Signal,-147.15,14425.07
5505,2026-03-24 12:45:00,2026-03-24 14:00:00,Long,4426.04,4393.37,0.06,4393.37,Stop Loss,-196.05,14229.02
5506,2026-03-24 14:15:00,2026-03-24 17:00:00,Short,4413.07,4395.21,0.05,4449.02,Opposite Signal,89.3,14318.32
5507,2026-03-24 17:00:00,2026-03-24 20:00:00,Long,4395.21,4397.54,0.05,4356.17,Opposite Signal,11.65,14329.97
5508,2026-03-24 20:00:00,2026-03-24 21:15:00,Short,4397.54,4407.3,0.06,4430.53,Opposite Signal,-58.56,14271.41
5509,2026-03-24 21:15:00,2026-03-24 23:15:00,Long (Partial 50%),4407.3,4468.77,0.03,4407.3,Partial TP 1:2,184.42,14455.83
5509,2026-03-24 21:15:00,2026-03-25 01:30:00,Long,4407.3,4459.58,0.03,4459.58,Stop Loss,156.84,14612.66
5510,2026-03-25 06:30:00,2026-03-25 08:30:00,Short,4570.0,4566.75,0.08,4594.0,Opposite Signal,26.0,14638.66
5511,2026-03-25 08:30:00,2026-03-25 09:00:00,Long,4566.75,4547.56,0.1,4547.56,Stop Loss,-191.91,14446.75
5512,2026-03-25 09:00:00,2026-03-25 09:15:00,Short,4534.62,4550.24,0.09,4555.51,Opposite Signal,-140.58,14306.17
5513,2026-03-25 09:15:00,2026-03-25 10:30:00,Long,4550.24,4546.99,0.09,4528.69,Opposite Signal,-29.25,14276.92
5514,2026-03-25 10:30:00,2026-03-25 11:00:00,Short,4546.99,4558.46,0.09,4567.25,Opposite Signal,-103.23,14173.69
5515,2026-03-25 11:00:00,2026-03-25 12:30:00,Long,4558.46,4551.29,0.09,4536.8,Opposite Signal,-64.53,14109.16
5516,2026-03-25 12:30:00,2026-03-25 14:00:00,Short,4551.29,4567.68,0.1,4571.2,Opposite Signal,-163.9,13945.26
5517,2026-03-25 14:00:00,2026-03-25 15:15:00,Long,4567.68,4548.7,0.1,4548.7,Stop Loss,-189.81,13755.45
5518,2026-03-25 15:15:00,2026-03-25 16:00:00,Short,4545.49,4567.82,0.08,4567.82,Stop Loss,-178.6,13576.85
5519,2026-03-25 16:15:00,2026-03-25 16:45:00,Long,4568.96,4541.93,0.07,4541.93,Stop Loss,-189.21,13387.64
5520,2026-03-25 16:45:00,2026-03-25 17:30:00,Short,4544.71,4565.51,0.07,4572.7,Opposite Signal,-145.6,13242.04
5521,2026-03-25 17:30:00,2026-03-25 18:15:00,Long,4565.51,4538.47,0.07,4538.47,Stop Loss,-189.26,13052.78
5522,2026-03-25 21:30:00,2026-03-25 22:00:00,Short (Partial 50%),4549.22,4503.74,0.04,4549.22,Partial TP 1:2,181.91,13234.68
5522,2026-03-25 21:30:00,2026-03-25 22:45:00,Short,4549.22,4532.11,0.04,4532.11,Stop Loss,68.44,13303.12
5523,2026-03-25 22:45:00,2026-03-25 23:30:00,Long,4530.94,4502.21,0.06,4502.21,Stop Loss,-172.38,13130.74
5524,2026-03-25 23:30:00,2026-03-26 01:30:00,Short,4504.58,4533.95,0.06,4533.95,Stop Loss,-176.22,12954.52
5525,2026-03-26 01:30:00,2026-03-26 02:00:00,Long,4532.17,4502.78,0.06,4502.78,Stop Loss,-176.37,12778.15
5526,2026-03-26 02:00:00,2026-03-26 03:00:00,Short,4508.81,4527.9,0.06,4538.48,Opposite Signal,-114.54,12663.61
5527,2026-03-26 03:00:00,2026-03-26 05:30:00,Long,4527.9,4519.45,0.06,4498.4,Opposite Signal,-50.7,12612.91
5528,2026-03-26 05:30:00,2026-03-26 07:15:00,Short,4519.45,4520.81,0.09,4541.44,Opposite Signal,-12.24,12600.67
5529,2026-03-26 07:15:00,2026-03-26 08:00:00,Long,4520.81,4508.55,0.11,4502.88,Opposite Signal,-134.86,12465.81
5530,2026-03-26 08:00:00,2026-03-26 08:45:00,Short (Partial 50%),4508.55,4474.81,0.05,4508.55,Partial TP 1:2,168.71,12634.52
5530,2026-03-26 08:00:00,2026-03-26 09:15:00,Short,4508.55,4438.73,0.06,4438.73,Stop Loss,418.91,13053.44
5531,2026-03-26 09:15:00,2026-03-26 11:15:00,Long,4440.57,4428.35,0.07,4412.81,Opposite Signal,-85.54,12967.9
5532,2026-03-26 11:15:00,2026-03-26 13:15:00,Short,4428.35,4441.47,0.07,4454.85,Opposite Signal,-91.84,12876.06
5533,2026-03-26 13:15:00,2026-03-26 14:45:00,Long,4441.47,4423.12,0.07,4415.53,Opposite Signal,-128.45,12747.61
5534,2026-03-26 14:45:00,2026-03-26 15:00:00,Short,4423.12,4442.11,0.07,4449.35,Opposite Signal,-132.93,12614.68
5535,2026-03-26 15:00:00,2026-03-26 18:30:00,Long,4442.11,4440.11,0.07,4414.15,Opposite Signal,-14.0,12600.68
5536,2026-03-26 18:30:00,2026-03-26 19:30:00,Short (Partial 50%),4440.11,4383.27,0.03,4440.11,Partial TP 1:2,170.53,12771.2
5536,2026-03-26 18:30:00,2026-03-26 21:30:00,Short,4440.11,4393.08,0.04,4393.08,Stop Loss,188.11,12959.31
5537,2026-03-26 21:30:00,2026-03-26 22:45:00,Long,4393.24,4364.5,0.06,4364.5,Stop Loss,-172.41,12786.9
5538,2026-03-26 22:45:00,2026-03-26 23:00:00,Short,4364.06,4390.17,0.07,4390.17,Stop Loss,-182.75,12604.15
5539,2026-03-26 23:00:00,2026-03-26 23:45:00,Long,4395.11,4380.08,0.06,4362.58,Opposite Signal,-90.18,12513.97
5540,2026-03-26 23:45:00,2026-03-27 01:30:00,Short,4380.08,4406.31,0.05,4416.95,Opposite Signal,-131.15,12382.82
5541,2026-03-27 01:30:00,2026-03-27 03:45:00,Long,4406.31,4379.02,0.05,4370.77,Opposite Signal,-136.45,12246.37
5542,2026-03-27 03:45:00,2026-03-27 04:15:00,Short,4379.02,4405.57,0.07,4405.57,Stop Loss,-185.86,12060.5
5543,2026-03-27 04:15:00,2026-03-27 08:30:00,Long (Partial 50%),4406.57,4460.09,0.03,4406.57,Partial TP 1:2,160.56,12221.07
5543,2026-03-27 04:15:00,2026-03-27 09:15:00,Long,4406.57,4457.33,0.04,4457.33,Stop Loss,203.03,12424.1
5544,2026-03-27 10:00:00,2026-03-27 13:30:00,Short (Partial 50%),4455.06,4414.97,0.04,4455.06,Partial TP 1:2,160.34,12584.44
5544,2026-03-27 10:00:00,2026-03-27 14:45:00,Short,4455.06,4424.08,0.04,4424.08,Stop Loss,123.91,12708.35
5545,2026-03-27 15:00:00,2026-03-27 16:15:00,Long,4424.79,4422.36,0.12,4408.39,Opposite Signal,-29.16,12679.19
5546,2026-03-27 16:15:00,2026-03-27 17:00:00,Short,4422.36,4442.71,0.09,4442.71,Stop Loss,-183.11,12496.09
5547,2026-03-27 17:00:00,2026-03-27 17:45:00,Long (Partial 50%),4460.17,4509.2,0.04,4460.17,Partial TP 1:2,196.12,12692.21
5547,2026-03-27 17:00:00,2026-03-27 18:45:00,Long,4460.17,4521.5,0.04,4521.5,Stop Loss,245.34,12937.54
5548,2026-03-27 19:30:00,2026-03-27 21:15:00,Short,4511.26,4509.35,0.06,4541.72,Opposite Signal,11.46,12949.0
5549,2026-03-27 21:15:00,2026-03-27 23:15:00,Long,4509.35,4506.81,0.07,4483.13,Opposite Signal,-17.78,12931.22
5550,2026-03-27 23:15:00,2026-03-30 02:30:00,Short (Partial 50%),4506.81,4458.78,0.04,4506.81,Partial TP 1:2,192.14,13123.36
5550,2026-03-27 23:15:00,2026-03-30 03:15:00,Short,4506.81,4447.25,0.04,4447.25,Stop Loss,238.23,13361.58
5551,2026-03-30 03:15:00,2026-03-30 08:45:00,Long (Partial 50%),4449.74,4519.99,0.02,4449.74,Partial TP 1:2,140.5,13502.08
5551,2026-03-30 03:15:00,2026-03-30 10:00:00,Long,4449.74,4525.57,0.03,4525.57,Stop Loss,227.49,13729.57
5552,2026-03-30 10:15:00,2026-03-30 11:45:00,Short,4522.78,4538.27,0.09,4544.86,Opposite Signal,-139.41,13590.16
5553,2026-03-30 11:45:00,2026-03-30 14:45:00,Long (Partial 50%),4538.27,4575.38,0.05,4538.27,Partial TP 1:2,185.57,13775.73
5553,2026-03-30 11:45:00,2026-03-30 16:15:00,Long,4538.27,4559.79,0.05,4559.79,Stop Loss,107.61,13883.34
5554,2026-03-30 16:30:00,2026-03-30 17:45:00,Short,4544.25,4538.58,0.08,4567.51,Opposite Signal,45.36,13928.7
5555,2026-03-30 17:45:00,2026-03-30 20:00:00,Long,4538.58,4522.67,0.07,4511.89,Opposite Signal,-111.37,13817.33
5556,2026-03-30 20:00:00,2026-03-30 22:45:00,Short,4522.67,4513.42,0.08,4546.96,Opposite Signal,74.0,13891.33
5557,2026-03-30 22:45:00,2026-03-31 02:00:00,Long,4513.42,4498.96,0.09,4492.54,Opposite Signal,-130.14,13761.19
5558,2026-03-31 02:00:00,2026-03-31 02:30:00,Short,4498.96,4517.5,0.1,4517.5,Stop Loss,-185.44,13575.75
5559,2026-03-31 02:30:00,2026-03-31 03:15:00,Long,4518.66,4499.59,0.1,4499.59,Stop Loss,-190.67,13385.08
5560,2026-03-31 05:00:00,2026-03-31 08:30:00,Short,4589.73,4576.95,0.06,4622.1,Opposite Signal,76.68,13461.76
5561,2026-03-31 08:30:00,2026-03-31 09:00:00,Long,4576.95,4559.72,0.08,4552.93,Opposite Signal,-137.84,13323.92
5562,2026-03-31 09:00:00,2026-03-31 11:00:00,Short,4559.72,4565.97,0.08,4583.05,Opposite Signal,-50.0,13273.92
5563,2026-03-31 11:00:00,2026-03-31 12:30:00,Long,4565.97,4555.9,0.1,4546.65,Opposite Signal,-100.7,13173.22
5564,2026-03-31 12:30:00,2026-03-31 14:15:00,Short,4555.9,4572.6,0.11,4572.6,Stop Loss,-183.7,12989.52
5565,2026-03-31 14:15:00,2026-03-31 15:00:00,Long,4575.15,4575.62,0.08,4552.14,Opposite Signal,3.76,12993.28
5566,2026-03-31 15:00:00,2026-03-31 16:45:00,Short,4575.62,4601.08,0.07,4601.08,Stop Loss,-178.2,12815.08
5567,2026-03-31 16:45:00,2026-03-31 17:45:00,Long,4607.78,4599.09,0.07,4582.35,Opposite Signal,-60.83,12754.25
5568,2026-03-31 17:45:00,2026-03-31 18:00:00,Short,4599.09,4622.65,0.07,4626.16,Opposite Signal,-164.92,12589.33
5569,2026-03-31 18:00:00,2026-03-31 22:15:00,Long (Partial 50%),4622.65,4678.83,0.03,4622.65,Partial TP 1:2,168.53,12757.86
5569,2026-03-31 18:00:00,2026-03-31 23:30:00,Long,4622.65,4668.84,0.04,4668.84,Stop Loss,184.76,12942.62
5570,2026-03-31 23:30:00,2026-04-01 01:30:00,Short,4668.2,4687.57,0.1,4687.57,Stop Loss,-193.7,12748.92
5571,2026-04-01 01:30:00,2026-04-01 01:45:00,Long,4684.53,4661.86,0.08,4661.86,Stop Loss,-181.4,12567.53
5572,2026-04-01 03:30:00,2026-04-01 08:15:00,Short,4706.5,4686.27,0.08,4729.88,Opposite Signal,161.84,12729.37
5573,2026-04-01 08:15:00,2026-04-01 08:45:00,Long,4686.27,4684.2,0.11,4669.38,Opposite Signal,-22.77,12706.6
5574,2026-04-01 08:45:00,2026-04-01 09:00:00,Short,4684.2,4697.5,0.1,4703.12,Opposite Signal,-133.0,12573.6
5575,2026-04-01 09:00:00,2026-04-01 10:00:00,Long,4697.5,4715.33,0.1,4678.25,Opposite Signal,178.3,12751.9
5576,2026-04-01 10:00:00,2026-04-01 10:30:00,Short,4715.33,4737.36,0.09,4737.36,Stop Loss,-198.28,12553.62
5577,2026-04-01 10:30:00,2026-04-01 10:45:00,Long,4730.66,4713.02,0.08,4707.28,Opposite Signal,-141.12,12412.5
5578,2026-04-01 10:45:00,2026-04-01 11:15:00,Short,4713.02,4730.64,0.08,4737.53,Opposite Signal,-140.96,12271.54
5579,2026-04-01 11:15:00,2026-04-01 15:00:00,Long,4730.64,4743.72,0.08,4705.87,Opposite Signal,104.64,12376.18
5580,2026-04-01 15:00:00,2026-04-01 15:30:00,Short,4743.72,4747.72,0.1,4762.69,Opposite Signal,-40.0,12336.18
5581,2026-04-01 15:30:00,2026-04-01 15:45:00,Long,4747.72,4725.63,0.09,4725.63,Stop Loss,-198.83,12137.35
5582,2026-04-01 15:45:00,2026-04-01 16:30:00,Short,4724.84,4749.06,0.08,4749.06,Stop Loss,-193.72,11943.63
5583,2026-04-01 16:30:00,2026-04-01 20:00:00,Long (Partial 50%),4743.35,4791.67,0.04,4743.35,Partial TP 1:2,193.3,12136.92
5583,2026-04-01 16:30:00,2026-04-01 20:45:00,Long,4743.35,4774.39,0.04,4772.46,Opposite Signal,124.16,12261.08
5584,2026-04-01 20:45:00,2026-04-01 22:30:00,Short,4774.39,4769.4,0.11,4792.54,Opposite Signal,54.89,12315.97
5585,2026-04-01 22:30:00,2026-04-02 04:00:00,Long,4769.4,4749.29,0.09,4749.29,Stop Loss,-180.96,12135.01
5586,2026-04-02 04:00:00,2026-04-02 04:15:00,Short (Partial 50%),4749.95,4699.1,0.03,4749.95,Partial TP 1:2,152.54,12287.55
5586,2026-04-02 04:00:00,2026-04-02 08:15:00,Short,4749.95,4679.61,0.04,4679.61,Stop Loss,281.36,12568.9
5587,2026-04-02 10:00:00,2026-04-02 13:15:00,Long,4621.13,4618.54,0.05,4584.74,Opposite Signal,-12.95,12555.95
5588,2026-04-02 13:15:00,2026-04-02 15:15:00,Short,4618.54,4626.43,0.07,4645.0,Opposite Signal,-55.23,12500.72
5589,2026-04-02 15:15:00,2026-04-02 15:45:00,Long,4626.43,4601.99,0.07,4600.03,Opposite Signal,-171.08,12329.64
5590,2026-04-02 15:45:00,2026-04-02 16:45:00,Short,4601.99,4628.81,0.07,4628.81,Stop Loss,-187.75,12141.9
5591,2026-04-02 16:45:00,2026-04-02 18:30:00,Long,4646.18,4665.98,0.05,4612.02,Opposite Signal,99.0,12240.9
5592,2026-04-02 18:30:00,2026-04-02 21:45:00,Short,4665.98,4668.51,0.05,4700.84,Opposite Signal,-12.65,12228.25
5593,2026-04-02 21:45:00,2026-04-06 01:00:00,Long,4668.51,4645.8,0.08,4645.8,Stop Loss,-181.7,12046.55
5594,2026-04-06 01:00:00,2026-04-06 04:00:00,Short,4629.74,4641.75,0.07,4655.21,Opposite Signal,-84.07,11962.48
5595,2026-04-06 04:00:00,2026-04-06 06:00:00,Long,4641.75,4633.1,0.07,4613.4,Opposite Signal,-60.55,11901.93
5596,2026-04-06 06:00:00,2026-04-06 07:30:00,Short,4633.1,4648.87,0.07,4661.31,Opposite Signal,-110.39,11791.54
5597,2026-04-06 07:30:00,2026-04-06 08:45:00,Long,4648.87,4652.62,0.09,4627.9,Opposite Signal,33.75,11825.29
5598,2026-04-06 08:45:00,2026-04-06 10:30:00,Short,4652.62,4664.34,0.09,4673.26,Opposite Signal,-105.48,11719.81
5599,2026-04-06 10:30:00,2026-04-06 12:30:00,Long (Partial 50%),4664.34,4705.44,0.04,4664.34,Partial TP 1:2,164.4,11884.21
5599,2026-04-06 10:30:00,2026-04-06 13:00:00,Long,4664.34,4686.82,0.04,4682.19,Opposite Signal,89.92,11974.13
5600,2026-04-06 13:00:00,2026-04-06 15:30:00,Short,4686.82,4677.07,0.11,4703.97,Opposite Signal,107.25,12081.38
5601,2026-04-06 15:30:00,2026-04-06 16:15:00,Long,4677.07,4660.43,0.12,4660.43,Stop Loss,-199.65,11881.73
5602,2026-04-06 16:30:00,2026-04-06 16:45:00,Short,4665.71,4680.19,0.11,4683.76,Opposite Signal,-159.28,11722.45
5603,2026-04-06 16:45:00,2026-04-06 17:00:00,Long,4680.19,4660.95,0.1,4660.95,Stop Loss,-192.39,11530.06
5604,2026-04-06 18:00:00,2026-04-07 01:00:00,Short,4662.29,4663.89,0.08,4686.01,Opposite Signal,-12.8,11517.26
5605,2026-04-07 01:00:00,2026-04-07 03:00:00,Long,4663.89,4649.12,0.13,4649.12,Stop Loss,-192.02,11325.24
5606,2026-04-07 04:00:00,2026-04-07 04:15:00,Short,4640.85,4657.3,0.12,4657.3,Stop Loss,-197.36,11127.88
5607,2026-04-07 04:15:00,2026-04-07 04:30:00,Long,4654.85,4637.05,0.11,4637.05,Stop Loss,-195.84,10932.04
5608,2026-04-07 04:30:00,2026-04-07 05:30:00,Short,4641.84,4646.31,0.09,4662.83,Opposite Signal,-40.23,10891.81
5609,2026-04-07 05:30:00,2026-04-07 08:15:00,Long,4646.31,4632.58,0.08,4623.83,Opposite Signal,-109.84,10781.97
5610,2026-04-07 08:15:00,2026-04-07 09:00:00,Short,4632.58,4647.09,0.11,4650.23,Opposite Signal,-159.61,10622.36
5611,2026-04-07 09:00:00,2026-04-07 10:15:00,Long,4647.09,4639.69,0.1,4628.2,Opposite Signal,-74.0,10548.36
5612,2026-04-07 10:15:00,2026-04-07 11:00:00,Short,4639.69,4657.67,0.11,4657.67,Stop Loss,-197.73,10350.63
5613,2026-04-07 11:00:00,2026-04-07 12:30:00,Long,4663.6,4667.19,0.1,4645.0,Opposite Signal,35.9,10386.53
5614,2026-04-07 12:30:00,2026-04-07 14:30:00,Short,4667.19,4662.97,0.09,4688.32,Opposite Signal,37.98,10424.51
5615,2026-04-07 14:30:00,2026-04-07 16:30:00,Long,4662.97,4637.88,0.07,4637.88,Stop Loss,-175.65,10248.86
5616,2026-04-07 16:30:00,2026-04-07 17:15:00,Short,4639.72,4645.29,0.08,4663.97,Opposite Signal,-44.56,10204.3
5617,2026-04-07 17:15:00,2026-04-07 21:45:00,Long,4645.29,4662.17,0.06,4614.49,Opposite Signal,101.28,10305.58
5618,2026-04-07 21:45:00,2026-04-07 22:15:00,Short,4662.17,4684.74,0.08,4684.74,Stop Loss,-180.58,10125.0
5619,2026-04-07 22:15:00,2026-04-08 01:00:00,Long (Partial 50%),4687.67,4737.24,0.04,4687.67,Partial TP 1:2,198.29,10323.3
5619,2026-04-07 22:15:00,2026-04-08 01:30:00,Long,4687.67,4718.06,0.04,4718.06,Stop Loss,121.57,10444.87
5620,2026-04-08 04:15:00,2026-04-08 08:15:00,Short,4793.87,4815.68,0.05,4828.44,Opposite Signal,-109.05,10335.82
5621,2026-04-08 08:15:00,2026-04-08 09:45:00,Long,4815.68,4820.1,0.11,4797.53,Opposite Signal,48.62,10384.44
5622,2026-04-08 09:45:00,2026-04-08 12:30:00,Short (Partial 50%),4820.1,4779.61,0.04,4820.1,Partial TP 1:2,161.98,10546.42
5622,2026-04-08 09:45:00,2026-04-08 14:15:00,Short,4820.1,4796.16,0.04,4796.16,Stop Loss,95.74,10642.16
5623,2026-04-08 14:45:00,2026-04-08 15:15:00,Long,4798.62,4778.43,0.09,4778.43,Stop Loss,-181.7,10460.46
5624,2026-04-08 15:15:00,2026-04-08 15:45:00,Short,4784.19,4799.61,0.08,4807.32,Opposite Signal,-123.36,10337.1
5625,2026-04-08 15:45:00,2026-04-08 16:30:00,Long,4799.61,4777.67,0.09,4777.67,Stop Loss,-197.45,10139.65
5626,2026-04-08 16:30:00,2026-04-08 18:30:00,Short,4774.31,4755.7,0.08,4796.76,Opposite Signal,148.88,10288.53
5627,2026-04-08 18:30:00,2026-04-08 20:30:00,Long,4755.7,4740.58,0.07,4730.21,Opposite Signal,-105.84,10182.69
5628,2026-04-08 20:30:00,2026-04-08 22:30:00,Short,4740.58,4721.97,0.09,4761.89,Opposite Signal,167.49,10350.18
5629,2026-04-08 22:30:00,2026-04-09 01:00:00,Long,4721.97,4711.98,0.08,4699.23,Opposite Signal,-79.92,10270.26
5630,2026-04-09 01:00:00,2026-04-09 03:30:00,Short,4711.98,4718.27,0.1,4731.29,Opposite Signal,-62.9,10207.36
5631,2026-04-09 03:30:00,2026-04-09 04:00:00,Long,4718.27,4700.22,0.11,4700.22,Stop Loss,-198.6,10008.76
5632,2026-04-09 04:15:00,2026-04-09 04:45:00,Short,4704.88,4725.73,0.09,4725.73,Stop Loss,-187.69,9821.07
5633,2026-04-09 04:45:00,2026-04-09 05:45:00,Long,4727.26,4719.03,0.09,4706.41,Opposite Signal,-74.07,9747.0
5634,2026-04-09 05:45:00,2026-04-09 08:15:00,Short,4719.03,4726.27,0.1,4737.45,Opposite Signal,-72.4,9674.6
5635,2026-04-09 08:15:00,2026-04-09 08:45:00,Long,4726.27,4710.83,0.12,4710.83,Stop Loss,-185.27,9489.33
5636,2026-04-09 08:45:00,2026-04-09 10:00:00,Short,4713.3,4729.95,0.12,4729.95,Stop Loss,-199.84,9289.49
5637,2026-04-09 10:00:00,2026-04-09 10:15:00,Long,4724.52,4706.06,0.1,4706.06,Stop Loss,-184.58,9104.91
5638,2026-04-09 10:15:00,2026-04-09 10:30:00,Short,4708.44,4727.89,0.1,4727.89,Stop Loss,-194.52,8910.4
5639,2026-04-09 10:30:00,2026-04-09 15:00:00,Long,4722.74,4742.47,0.09,4701.76,Opposite Signal,177.57,9087.97
5640,2026-04-09 15:00:00,2026-04-09 16:00:00,Short,4742.47,4754.81,0.13,4757.18,Opposite Signal,-160.42,8927.55
5641,2026-04-09 16:00:00,2026-04-09 17:30:00,Long,4754.81,4756.1,0.12,4738.57,Opposite Signal,15.48,8943.03
5642,2026-04-09 17:30:00,2026-04-09 18:15:00,Short,4756.1,4776.38,0.09,4776.38,Stop Loss,-182.49,8760.54
5643,2026-04-09 18:15:00,2026-04-09 21:00:00,Long,4778.87,4784.01,0.09,4758.58,Opposite Signal,46.26,8806.8
5644,2026-04-09 21:00:00,2026-04-10 03:45:00,Short,4784.01,4762.78,0.11,4801.53,Opposite Signal,233.53,9040.33
5645,2026-04-10 03:45:00,2026-04-10 05:00:00,Long,4762.78,4750.33,0.16,4750.33,Stop Loss,-199.15,8841.17
5646,2026-04-10 05:00:00,2026-04-10 06:00:00,Short,4752.29,4760.13,0.12,4767.68,Opposite Signal,-94.08,8747.09
5647,2026-04-10 06:00:00,2026-04-10 09:00:00,Long,4760.13,4756.27,0.13,4745.14,Opposite Signal,-50.18,8696.91
5648,2026-04-10 09:00:00,2026-04-10 11:45:00,Short (Partial 50%),4756.27,4733.24,0.08,4756.27,Partial TP 1:2,184.27,8881.18
5648,2026-04-10 09:00:00,2026-04-10 12:15:00,Short,4756.27,4755.41,0.09,4755.41,Stop Loss,7.75,8888.93
5649,2026-04-10 12:30:00,2026-04-10 15:30:00,Long (Partial 50%),4750.38,4776.72,0.07,4750.38,Partial TP 1:2,184.41,9073.34
5649,2026-04-10 12:30:00,2026-04-10 16:30:00,Long,4750.38,4765.89,0.07,4765.89,Stop Loss,108.55,9181.89
5650,2026-04-10 17:45:00,2026-04-13 01:00:00,Short (Partial 50%),4774.76,4738.19,0.05,4774.76,Partial TP 1:2,182.83,9364.72
5650,2026-04-10 17:45:00,2026-04-13 02:45:00,Short,4774.76,4665.63,0.05,4665.63,Stop Loss,545.64,9910.36
5651,2026-04-13 02:45:00,2026-04-13 04:00:00,Long (Partial 50%),4671.24,4717.89,0.04,4671.24,Partial TP 1:2,186.59,10096.95
5651,2026-04-13 02:45:00,2026-04-13 07:00:00,Long,4671.24,4710.43,0.04,4710.43,Stop Loss,156.76,10253.71
5652,2026-04-13 11:30:00,2026-04-13 13:45:00,Short,4721.29,4722.2,0.15,4734.53,Opposite Signal,-13.65,10240.06
5653,2026-04-13 13:45:00,2026-04-13 14:30:00,Long,4722.2,4709.91,0.16,4709.91,Stop Loss,-196.72,10043.34
5654,2026-04-13 14:30:00,2026-04-13 15:00:00,Short,4707.66,4717.3,0.14,4721.15,Opposite Signal,-134.96,9908.38
5655,2026-04-13 15:00:00,2026-04-13 17:15:00,Long,4717.3,4715.42,0.13,4702.76,Opposite Signal,-24.44,9883.94
5656,2026-04-13 17:15:00,2026-04-13 19:00:00,Short,4715.42,4719.78,0.1,4733.73,Opposite Signal,-43.6,9840.34
5657,2026-04-13 19:00:00,2026-04-13 20:45:00,Long,4719.78,4730.0,0.1,4701.55,Opposite Signal,102.2,9942.54
5658,2026-04-13 20:45:00,2026-04-13 22:15:00,Short,4730.0,4743.24,0.1,4749.4,Opposite Signal,-132.4,9810.14
5659,2026-04-13 22:15:00,2026-04-14 03:30:00,Long (Partial 50%),4743.24,4774.91,0.06,4743.24,Partial TP 1:2,190.01,10000.16
5659,2026-04-13 22:15:00,2026-04-14 04:30:00,Long,4743.24,4767.49,0.06,4767.49,Stop Loss,145.48,10145.64
5660,2026-04-14 04:45:00,2026-04-14 05:45:00,Short,4764.92,4775.19,0.15,4778.1,Opposite Signal,-154.05,9991.59
5661,2026-04-14 05:45:00,2026-04-14 08:00:00,Long,4775.19,4765.4,0.16,4762.79,Opposite Signal,-156.64,9834.95
5662,2026-04-14 08:00:00,2026-04-14 09:15:00,Short,4765.4,4767.73,0.19,4775.62,Opposite Signal,-44.27,9790.68
5663,2026-04-14 09:15:00,2026-04-14 10:00:00,Long (Partial 50%),4767.73,4788.62,0.09,4767.73,Partial TP 1:2,188.03,9978.71
5663,2026-04-14 09:15:00,2026-04-14 10:15:00,Long,4767.73,4772.73,0.1,4767.73,Opposite Signal,50.0,10028.71
5664,2026-04-14 10:15:00,2026-04-14 11:15:00,Short,4772.73,4786.02,0.13,4787.51,Opposite Signal,-172.77,9855.94
5665,2026-04-14 11:15:00,2026-04-14 12:30:00,Long,4786.02,4772.02,0.14,4772.02,Stop Loss,-195.93,9660.01
5666,2026-04-14 13:30:00,2026-04-14 16:00:00,Short,4767.49,4782.02,0.12,4783.95,Opposite Signal,-174.36,9485.65
5667,2026-04-14 16:00:00,2026-04-14 17:30:00,Long (Partial 50%),4782.02,4812.48,0.06,4782.02,Partial TP 1:2,182.78,9668.43
5667,2026-04-14 16:00:00,2026-04-14 18:00:00,Long,4782.02,4791.67,0.07,4791.67,Stop Loss,67.53,9735.96
5668,2026-04-14 18:00:00,2026-04-14 18:30:00,Short,4794.62,4813.04,0.1,4813.04,Stop Loss,-184.23,9551.73
5669,2026-04-14 18:30:00,2026-04-14 22:45:00,Long (Partial 50%),4809.08,4845.72,0.05,4809.08,Partial TP 1:2,183.22,9734.95
5669,2026-04-14 18:30:00,2026-04-15 01:00:00,Long,4809.08,4835.19,0.05,4835.19,Stop Loss,130.53,9865.47
5670,2026-04-15 01:45:00,2026-04-15 04:00:00,Short,4835.06,4846.49,0.17,4846.49,Stop Loss,-194.26,9671.21
5671,2026-04-15 04:00:00,2026-04-15 05:15:00,Long,4850.3,4836.34,0.14,4836.34,Stop Loss,-195.48,9475.73
5672,2026-04-15 05:15:00,2026-04-15 11:45:00,Short,4834.56,4818.52,0.12,4850.92,Opposite Signal,192.48,9668.21
5673,2026-04-15 11:45:00,2026-04-15 12:00:00,Long,4818.52,4805.5,0.15,4805.5,Stop Loss,-195.26,9472.96
5674,2026-04-15 12:00:00,2026-04-15 14:30:00,Short,4805.07,4805.92,0.12,4821.05,Opposite Signal,-10.2,9462.76
5675,2026-04-15 14:30:00,2026-04-15 17:30:00,Long,4805.92,4819.3,0.14,4792.23,Opposite Signal,187.32,9650.08
5676,2026-04-15 17:30:00,2026-04-15 18:30:00,Short (Partial 50%),4819.3,4792.21,0.07,4819.3,Partial TP 1:2,189.6,9839.68
5676,2026-04-15 17:30:00,2026-04-15 19:00:00,Short,4819.3,4808.39,0.07,4812.14,Opposite Signal,76.37,9916.05
5677,2026-04-15 19:00:00,2026-04-15 20:00:00,Long,4808.39,4798.15,0.12,4792.61,Opposite Signal,-122.88,9793.17
5678,2026-04-15 20:00:00,2026-04-15 22:15:00,Short,4798.15,4802.99,0.13,4812.47,Opposite Signal,-62.92,9730.25
5679,2026-04-15 22:15:00,2026-04-15 23:00:00,Long,4802.99,4793.79,0.17,4791.5,Opposite Signal,-156.4,9573.85
5680,2026-04-15 23:00:00,2026-04-16 01:15:00,Short,4793.79,4801.04,0.18,4804.63,Opposite Signal,-130.5,9443.35
5681,2026-04-16 01:15:00,2026-04-16 02:30:00,Long (Partial 50%),4801.04,4823.1,0.09,4801.04,Partial TP 1:2,198.51,9641.85
5681,2026-04-16 01:15:00,2026-04-16 03:15:00,Long,4801.04,4822.78,0.09,4822.78,Stop Loss,195.64,9837.49
5682,2026-04-16 04:15:00,2026-04-16 06:00:00,Short,4823.7,4826.44,0.16,4835.66,Opposite Signal,-43.84,9793.65
5683,2026-04-16 06:00:00,2026-04-16 08:30:00,Long,4826.44,4825.27,0.17,4814.71,Opposite Signal,-19.89,9773.76
5684,2026-04-16 08:30:00,2026-04-16 09:30:00,Short,4825.27,4824.09,0.2,4834.95,Opposite Signal,23.6,9797.36
5685,2026-04-16 09:30:00,2026-04-16 11:00:00,Long,4824.09,4813.1,0.18,4813.1,Stop Loss,-197.84,9599.52
5686,2026-04-16 11:00:00,2026-04-16 13:45:00,Short,4811.56,4817.28,0.15,4824.44,Opposite Signal,-85.8,9513.72
5687,2026-04-16 13:45:00,2026-04-16 15:15:00,Long,4817.28,4815.17,0.17,4805.89,Opposite Signal,-35.87,9477.85
5688,2026-04-16 15:15:00,2026-04-16 16:45:00,Short (Partial 50%),4815.17,4794.45,0.09,4815.17,Partial TP 1:2,186.44,9664.3
5688,2026-04-16 15:15:00,2026-04-16 18:00:00,Short,4815.17,4800.81,0.1,4800.81,Stop Loss,143.61,9807.9
5689,2026-04-16 18:00:00,2026-04-16 19:30:00,Long,4806.65,4790.11,0.09,4786.0,Opposite Signal,-148.86,9659.04
5690,2026-04-16 19:30:00,2026-04-16 22:30:00,Short,4790.11,4797.61,0.11,4807.95,Opposite Signal,-82.5,9576.54
5691,2026-04-16 22:30:00,2026-04-16 23:15:00,Long,4797.61,4788.93,0.16,4785.8,Opposite Signal,-138.88,9437.66
5692,2026-04-16 23:15:00,2026-04-17 01:00:00,Short,4788.93,4795.34,0.19,4799.3,Opposite Signal,-121.79,9315.87
5693,2026-04-17 01:00:00,2026-04-17 03:00:00,Long,4795.34,4790.19,0.19,4785.26,Opposite Signal,-97.85,9218.02
5694,2026-04-17 03:00:00,2026-04-17 03:30:00,Short,4790.19,4798.29,0.24,4798.29,Stop Loss,-194.36,9023.66
5695,2026-04-17 03:30:00,2026-04-17 04:00:00,Long,4798.53,4790.33,0.24,4790.33,Stop Loss,-196.82,8826.84
5696,2026-04-17 04:00:00,2026-04-17 04:30:00,Short,4779.14,4777.8,0.17,4790.84,Opposite Signal,22.78,8849.62
5697,2026-04-17 04:30:00,2026-04-17 08:00:00,Long (Partial 50%),4777.8,4804.54,0.07,4777.8,Partial TP 1:2,187.21,9036.82
5697,2026-04-17 04:30:00,2026-04-17 08:30:00,Long,4777.8,4797.27,0.07,4797.27,Stop Loss,136.26,9173.08
5698,2026-04-17 08:30:00,2026-04-17 10:15:00,Short,4796.32,4791.63,0.2,4806.3,Opposite Signal,93.8,9266.88
5699,2026-04-17 10:15:00,2026-04-17 10:45:00,Long,4791.63,4781.51,0.19,4781.51,Stop Loss,-192.36,9074.53
5700,2026-04-17 10:45:00,2026-04-17 11:30:00,Short,4784.46,4795.45,0.18,4795.45,Stop Loss,-197.79,8876.74
5701,2026-04-17 11:30:00,2026-04-17 13:30:00,Long,4796.98,4785.23,0.17,4785.23,Stop Loss,-199.73,8677.0
5702,2026-04-17 13:30:00,2026-04-17 14:15:00,Short,4785.0,4792.95,0.19,4795.22,Opposite Signal,-151.05,8525.95
5703,2026-04-17 14:15:00,2026-04-17 15:15:00,Long (Partial 50%),4792.95,4813.64,0.09,4792.95,Partial TP 1:2,186.21,8712.16
5703,2026-04-17 14:15:00,2026-04-17 16:00:00,Long,4792.95,4836.0,0.1,4836.0,Stop Loss,430.46,9142.62
5704,2026-04-17 16:15:00,2026-04-17 16:45:00,Short,4851.48,4876.55,0.07,4876.55,Stop Loss,-175.51,8967.12
5705,2026-04-17 16:45:00,2026-04-17 18:30:00,Long,4880.18,4858.62,0.07,4851.98,Opposite Signal,-150.92,8816.2
5706,2026-04-17 18:30:00,2026-04-20 01:00:00,Short (Partial 50%),4858.62,4806.61,0.03,4858.62,Partial TP 1:2,156.04,8972.23
5706,2026-04-17 18:30:00,2026-04-20 03:30:00,Short,4858.62,4766.56,0.04,4766.56,Stop Loss,368.23,9340.46
5707,2026-04-20 03:45:00,2026-04-20 06:00:00,Long,4772.39,4791.53,0.09,4751.31,Opposite Signal,172.26,9512.72
5708,2026-04-20 06:00:00,2026-04-20 08:45:00,Short,4791.53,4790.88,0.12,4807.97,Opposite Signal,7.8,9520.52
5709,2026-04-20 08:45:00,2026-04-20 14:00:00,Long,4790.88,4789.77,0.14,4777.14,Opposite Signal,-15.54,9504.98
5710,2026-04-20 14:00:00,2026-04-20 14:45:00,Short,4789.77,4800.31,0.18,4800.31,Stop Loss,-189.78,9315.2
5711,2026-04-20 14:45:00,2026-04-20 17:45:00,Long,4810.52,4798.89,0.17,4798.89,Stop Loss,-197.68,9117.52
5712,2026-04-20 17:45:00,2026-04-20 20:15:00,Short,4805.39,4810.06,0.11,4823.57,Opposite Signal,-51.37,9066.15
5713,2026-04-20 20:15:00,2026-04-20 22:30:00,Long,4810.06,4811.48,0.14,4796.34,Opposite Signal,19.88,9086.03
